sample_id,image_path,true_label,true_label_name,pred_label,pred_label_name,is_correct,raw_prediction,final_report
ball_20_0_000407,data/processed/images/all/sample_BF_20_0_000407.png,BF,滚动体故障,N,正常状态,0,故障类型：正常状态,"故障类型：正常状态
诊断依据：模型判断该包络时频图整体能量分布较平稳，未呈现明显的周期性冲击或异常能量集中，结合当前工况更符合正常运行状态。当前工况为 20 Hz、0 V。
维护建议：建议保持常规监测，持续记录振动趋势；若后续能量分布或冲击特征发生明显变化，应及时复检。"
ball_20_0_000408,data/processed/images/all/sample_BF_20_0_000408.png,BF,滚动体故障,CF,混合故障,0,故障类型：混合故障,"故障类型：混合故障
诊断依据：模型判断该包络时频图中呈现多组冲击成分和较复杂的能量分布，可能对应多部位共同损伤引起的复合振动特征。当前工况为 20 Hz、0 V。
维护建议：建议同时检查轴承内圈和外圈，并优先安排停机检测，避免复合故障进一步扩展。"
ball_20_0_000409,data/processed/images/all/sample_BF_20_0_000409.png,BF,滚动体故障,CF,混合故障,0,故障类型：混合故障,"故障类型：混合故障
诊断依据：模型判断该包络时频图中呈现多组冲击成分和较复杂的能量分布，可能对应多部位共同损伤引起的复合振动特征。当前工况为 20 Hz、0 V。
维护建议：建议同时检查轴承内圈和外圈，并优先安排停机检测，避免复合故障进一步扩展。"
ball_20_0_000410,data/processed/images/all/sample_BF_20_0_000410.png,BF,滚动体故障,N,正常状态,0,故障类型：正常状态,"故障类型：正常状态
诊断依据：模型判断该包络时频图整体能量分布较平稳，未呈现明显的周期性冲击或异常能量集中，结合当前工况更符合正常运行状态。当前工况为 20 Hz、0 V。
维护建议：建议保持常规监测，持续记录振动趋势；若后续能量分布或冲击特征发生明显变化，应及时复检。"
ball_20_0_000411,data/processed/images/all/sample_BF_20_0_000411.png,BF,滚动体故障,N,正常状态,0,故障类型：正常状态,"故障类型：正常状态
诊断依据：模型判断该包络时频图整体能量分布较平稳，未呈现明显的周期性冲击或异常能量集中，结合当前工况更符合正常运行状态。当前工况为 20 Hz、0 V。
维护建议：建议保持常规监测，持续记录振动趋势；若后续能量分布或冲击特征发生明显变化，应及时复检。"
ball_20_0_000412,data/processed/images/all/sample_BF_20_0_000412.png,BF,滚动体故障,BF,滚动体故障,1,故障类型：滚动体故障,"故障类型：滚动体故障
诊断依据：模型判断该包络时频图中存在局部冲击和调制特征，结合行星齿轮箱三方向振动信息，更符合滚动体故障表现。当前工况为 20 Hz、0 V。
维护建议：建议重点检查滚动体表面是否存在磨损、点蚀或剥落，并结合包络谱或现场巡检进一步确认故障程度。"
ball_20_0_000413,data/processed/images/all/sample_BF_20_0_000413.png,BF,滚动体故障,BF,滚动体故障,1,故障类型：滚动体故障,"故障类型：滚动体故障
诊断依据：模型判断该包络时频图中存在局部冲击和调制特征，结合行星齿轮箱三方向振动信息，更符合滚动体故障表现。当前工况为 20 Hz、0 V。
维护建议：建议重点检查滚动体表面是否存在磨损、点蚀或剥落，并结合包络谱或现场巡检进一步确认故障程度。"
ball_20_0_000414,data/processed/images/all/sample_BF_20_0_000414.png,BF,滚动体故障,N,正常状态,0,故障类型：正常状态,"故障类型：正常状态
诊断依据：模型判断该包络时频图整体能量分布较平稳，未呈现明显的周期性冲击或异常能量集中，结合当前工况更符合正常运行状态。当前工况为 20 Hz、0 V。
维护建议：建议保持常规监测，持续记录振动趋势；若后续能量分布或冲击特征发生明显变化，应及时复检。"
ball_20_0_000415,data/processed/images/all/sample_BF_20_0_000415.png,BF,滚动体故障,N,正常状态,0,故障类型：正常状态,"故障类型：正常状态
诊断依据：模型判断该包络时频图整体能量分布较平稳，未呈现明显的周期性冲击或异常能量集中，结合当前工况更符合正常运行状态。当前工况为 20 Hz、0 V。
维护建议：建议保持常规监测，持续记录振动趋势；若后续能量分布或冲击特征发生明显变化，应及时复检。"
ball_20_0_000416,data/processed/images/all/sample_BF_20_0_000416.png,BF,滚动体故障,BF,滚动体故障,1,故障类型：滚动体故障,"故障类型：滚动体故障
诊断依据：模型判断该包络时频图中存在局部冲击和调制特征，结合行星齿轮箱三方向振动信息，更符合滚动体故障表现。当前工况为 20 Hz、0 V。
维护建议：建议重点检查滚动体表面是否存在磨损、点蚀或剥落，并结合包络谱或现场巡检进一步确认故障程度。"
ball_20_0_000417,data/processed/images/all/sample_BF_20_0_000417.png,BF,滚动体故障,N,正常状态,0,故障类型：正常状态,"故障类型：正常状态
诊断依据：模型判断该包络时频图整体能量分布较平稳，未呈现明显的周期性冲击或异常能量集中，结合当前工况更符合正常运行状态。当前工况为 20 Hz、0 V。
维护建议：建议保持常规监测，持续记录振动趋势；若后续能量分布或冲击特征发生明显变化，应及时复检。"
ball_20_0_000418,data/processed/images/all/sample_BF_20_0_000418.png,BF,滚动体故障,N,正常状态,0,故障类型：正常状态,"故障类型：正常状态
诊断依据：模型判断该包络时频图整体能量分布较平稳，未呈现明显的周期性冲击或异常能量集中，结合当前工况更符合正常运行状态。当前工况为 20 Hz、0 V。
维护建议：建议保持常规监测，持续记录振动趋势；若后续能量分布或冲击特征发生明显变化，应及时复检。"
ball_20_0_000419,data/processed/images/all/sample_BF_20_0_000419.png,BF,滚动体故障,BF,滚动体故障,1,故障类型：滚动体故障,"故障类型：滚动体故障
诊断依据：模型判断该包络时频图中存在局部冲击和调制特征，结合行星齿轮箱三方向振动信息，更符合滚动体故障表现。当前工况为 20 Hz、0 V。
维护建议：建议重点检查滚动体表面是否存在磨损、点蚀或剥落，并结合包络谱或现场巡检进一步确认故障程度。"
ball_20_0_000420,data/processed/images/all/sample_BF_20_0_000420.png,BF,滚动体故障,BF,滚动体故障,1,故障类型：滚动体故障,"故障类型：滚动体故障
诊断依据：模型判断该包络时频图中存在局部冲击和调制特征，结合行星齿轮箱三方向振动信息，更符合滚动体故障表现。当前工况为 20 Hz、0 V。
维护建议：建议重点检查滚动体表面是否存在磨损、点蚀或剥落，并结合包络谱或现场巡检进一步确认故障程度。"
ball_20_0_000421,data/processed/images/all/sample_BF_20_0_000421.png,BF,滚动体故障,BF,滚动体故障,1,故障类型：滚动体故障,"故障类型：滚动体故障
诊断依据：模型判断该包络时频图中存在局部冲击和调制特征，结合行星齿轮箱三方向振动信息，更符合滚动体故障表现。当前工况为 20 Hz、0 V。
维护建议：建议重点检查滚动体表面是否存在磨损、点蚀或剥落，并结合包络谱或现场巡检进一步确认故障程度。"
ball_20_0_000422,data/processed/images/all/sample_BF_20_0_000422.png,BF,滚动体故障,IF,内圈故障,0,故障类型：内圈故障,"故障类型：内圈故障
诊断依据：模型判断该包络时频图中存在较明显的周期性冲击和调制成分，结合当前转速与负载工况，更符合内圈故障特征。当前工况为 20 Hz、0 V。
维护建议：建议重点检查轴承内圈表面损伤情况，并结合历史振动趋势评估故障发展速度。"
ball_20_0_000423,data/processed/images/all/sample_BF_20_0_000423.png,BF,滚动体故障,BF,滚动体故障,1,故障类型：滚动体故障,"故障类型：滚动体故障
诊断依据：模型判断该包络时频图中存在局部冲击和调制特征，结合行星齿轮箱三方向振动信息，更符合滚动体故障表现。当前工况为 20 Hz、0 V。
维护建议：建议重点检查滚动体表面是否存在磨损、点蚀或剥落，并结合包络谱或现场巡检进一步确认故障程度。"
ball_20_0_000424,data/processed/images/all/sample_BF_20_0_000424.png,BF,滚动体故障,N,正常状态,0,故障类型：正常状态,"故障类型：正常状态
诊断依据：模型判断该包络时频图整体能量分布较平稳，未呈现明显的周期性冲击或异常能量集中，结合当前工况更符合正常运行状态。当前工况为 20 Hz、0 V。
维护建议：建议保持常规监测，持续记录振动趋势；若后续能量分布或冲击特征发生明显变化，应及时复检。"
ball_20_0_000425,data/processed/images/all/sample_BF_20_0_000425.png,BF,滚动体故障,N,正常状态,0,故障类型：正常状态,"故障类型：正常状态
诊断依据：模型判断该包络时频图整体能量分布较平稳，未呈现明显的周期性冲击或异常能量集中，结合当前工况更符合正常运行状态。当前工况为 20 Hz、0 V。
维护建议：建议保持常规监测，持续记录振动趋势；若后续能量分布或冲击特征发生明显变化，应及时复检。"
ball_20_0_000426,data/processed/images/all/sample_BF_20_0_000426.png,BF,滚动体故障,BF,滚动体故障,1,故障类型：滚动体故障,"故障类型：滚动体故障
诊断依据：模型判断该包络时频图中存在局部冲击和调制特征，结合行星齿轮箱三方向振动信息，更符合滚动体故障表现。当前工况为 20 Hz、0 V。
维护建议：建议重点检查滚动体表面是否存在磨损、点蚀或剥落，并结合包络谱或现场巡检进一步确认故障程度。"
ball_20_0_000427,data/processed/images/all/sample_BF_20_0_000427.png,BF,滚动体故障,N,正常状态,0,故障类型：正常状态,"故障类型：正常状态
诊断依据：模型判断该包络时频图整体能量分布较平稳，未呈现明显的周期性冲击或异常能量集中，结合当前工况更符合正常运行状态。当前工况为 20 Hz、0 V。
维护建议：建议保持常规监测，持续记录振动趋势；若后续能量分布或冲击特征发生明显变化，应及时复检。"
ball_20_0_000428,data/processed/images/all/sample_BF_20_0_000428.png,BF,滚动体故障,N,正常状态,0,故障类型：正常状态,"故障类型：正常状态
诊断依据：模型判断该包络时频图整体能量分布较平稳，未呈现明显的周期性冲击或异常能量集中，结合当前工况更符合正常运行状态。当前工况为 20 Hz、0 V。
维护建议：建议保持常规监测，持续记录振动趋势；若后续能量分布或冲击特征发生明显变化，应及时复检。"
ball_20_0_000429,data/processed/images/all/sample_BF_20_0_000429.png,BF,滚动体故障,BF,滚动体故障,1,故障类型：滚动体故障,"故障类型：滚动体故障
诊断依据：模型判断该包络时频图中存在局部冲击和调制特征，结合行星齿轮箱三方向振动信息，更符合滚动体故障表现。当前工况为 20 Hz、0 V。
维护建议：建议重点检查滚动体表面是否存在磨损、点蚀或剥落，并结合包络谱或现场巡检进一步确认故障程度。"
ball_20_0_000430,data/processed/images/all/sample_BF_20_0_000430.png,BF,滚动体故障,BF,滚动体故障,1,故障类型：滚动体故障,"故障类型：滚动体故障
诊断依据：模型判断该包络时频图中存在局部冲击和调制特征，结合行星齿轮箱三方向振动信息，更符合滚动体故障表现。当前工况为 20 Hz、0 V。
维护建议：建议重点检查滚动体表面是否存在磨损、点蚀或剥落，并结合包络谱或现场巡检进一步确认故障程度。"
ball_20_0_000431,data/processed/images/all/sample_BF_20_0_000431.png,BF,滚动体故障,IF,内圈故障,0,故障类型：内圈故障,"故障类型：内圈故障
诊断依据：模型判断该包络时频图中存在较明显的周期性冲击和调制成分，结合当前转速与负载工况，更符合内圈故障特征。当前工况为 20 Hz、0 V。
维护建议：建议重点检查轴承内圈表面损伤情况，并结合历史振动趋势评估故障发展速度。"
ball_20_0_000432,data/processed/images/all/sample_BF_20_0_000432.png,BF,滚动体故障,N,正常状态,0,故障类型：正常状态,"故障类型：正常状态
诊断依据：模型判断该包络时频图整体能量分布较平稳，未呈现明显的周期性冲击或异常能量集中，结合当前工况更符合正常运行状态。当前工况为 20 Hz、0 V。
维护建议：建议保持常规监测，持续记录振动趋势；若后续能量分布或冲击特征发生明显变化，应及时复检。"
ball_20_0_000433,data/processed/images/all/sample_BF_20_0_000433.png,BF,滚动体故障,N,正常状态,0,故障类型：正常状态,"故障类型：正常状态
诊断依据：模型判断该包络时频图整体能量分布较平稳，未呈现明显的周期性冲击或异常能量集中，结合当前工况更符合正常运行状态。当前工况为 20 Hz、0 V。
维护建议：建议保持常规监测，持续记录振动趋势；若后续能量分布或冲击特征发生明显变化，应及时复检。"
ball_20_0_000434,data/processed/images/all/sample_BF_20_0_000434.png,BF,滚动体故障,IF,内圈故障,0,故障类型：内圈故障,"故障类型：内圈故障
诊断依据：模型判断该包络时频图中存在较明显的周期性冲击和调制成分，结合当前转速与负载工况，更符合内圈故障特征。当前工况为 20 Hz、0 V。
维护建议：建议重点检查轴承内圈表面损伤情况，并结合历史振动趋势评估故障发展速度。"
ball_20_0_000435,data/processed/images/all/sample_BF_20_0_000435.png,BF,滚动体故障,BF,滚动体故障,1,故障类型：滚动体故障,"故障类型：滚动体故障
诊断依据：模型判断该包络时频图中存在局部冲击和调制特征，结合行星齿轮箱三方向振动信息，更符合滚动体故障表现。当前工况为 20 Hz、0 V。
维护建议：建议重点检查滚动体表面是否存在磨损、点蚀或剥落，并结合包络谱或现场巡检进一步确认故障程度。"
ball_20_0_000436,data/processed/images/all/sample_BF_20_0_000436.png,BF,滚动体故障,BF,滚动体故障,1,故障类型：滚动体故障,"故障类型：滚动体故障
诊断依据：模型判断该包络时频图中存在局部冲击和调制特征，结合行星齿轮箱三方向振动信息，更符合滚动体故障表现。当前工况为 20 Hz、0 V。
维护建议：建议重点检查滚动体表面是否存在磨损、点蚀或剥落，并结合包络谱或现场巡检进一步确认故障程度。"
ball_20_0_000437,data/processed/images/all/sample_BF_20_0_000437.png,BF,滚动体故障,IF,内圈故障,0,故障类型：内圈故障,"故障类型：内圈故障
诊断依据：模型判断该包络时频图中存在较明显的周期性冲击和调制成分，结合当前转速与负载工况，更符合内圈故障特征。当前工况为 20 Hz、0 V。
维护建议：建议重点检查轴承内圈表面损伤情况，并结合历史振动趋势评估故障发展速度。"
ball_20_0_000438,data/processed/images/all/sample_BF_20_0_000438.png,BF,滚动体故障,IF,内圈故障,0,故障类型：内圈故障,"故障类型：内圈故障
诊断依据：模型判断该包络时频图中存在较明显的周期性冲击和调制成分，结合当前转速与负载工况，更符合内圈故障特征。当前工况为 20 Hz、0 V。
维护建议：建议重点检查轴承内圈表面损伤情况，并结合历史振动趋势评估故障发展速度。"
ball_20_0_000439,data/processed/images/all/sample_BF_20_0_000439.png,BF,滚动体故障,BF,滚动体故障,1,故障类型：滚动体故障,"故障类型：滚动体故障
诊断依据：模型判断该包络时频图中存在局部冲击和调制特征，结合行星齿轮箱三方向振动信息，更符合滚动体故障表现。当前工况为 20 Hz、0 V。
维护建议：建议重点检查滚动体表面是否存在磨损、点蚀或剥落，并结合包络谱或现场巡检进一步确认故障程度。"
ball_20_0_000440,data/processed/images/all/sample_BF_20_0_000440.png,BF,滚动体故障,N,正常状态,0,故障类型：正常状态,"故障类型：正常状态
诊断依据：模型判断该包络时频图整体能量分布较平稳，未呈现明显的周期性冲击或异常能量集中，结合当前工况更符合正常运行状态。当前工况为 20 Hz、0 V。
维护建议：建议保持常规监测，持续记录振动趋势；若后续能量分布或冲击特征发生明显变化，应及时复检。"
ball_20_0_000441,data/processed/images/all/sample_BF_20_0_000441.png,BF,滚动体故障,CF,混合故障,0,故障类型：混合故障,"故障类型：混合故障
诊断依据：模型判断该包络时频图中呈现多组冲击成分和较复杂的能量分布，可能对应多部位共同损伤引起的复合振动特征。当前工况为 20 Hz、0 V。
维护建议：建议同时检查轴承内圈和外圈，并优先安排停机检测，避免复合故障进一步扩展。"
ball_20_0_000442,data/processed/images/all/sample_BF_20_0_000442.png,BF,滚动体故障,N,正常状态,0,故障类型：正常状态,"故障类型：正常状态
诊断依据：模型判断该包络时频图整体能量分布较平稳，未呈现明显的周期性冲击或异常能量集中，结合当前工况更符合正常运行状态。当前工况为 20 Hz、0 V。
维护建议：建议保持常规监测，持续记录振动趋势；若后续能量分布或冲击特征发生明显变化，应及时复检。"
ball_20_0_000443,data/processed/images/all/sample_BF_20_0_000443.png,BF,滚动体故障,N,正常状态,0,故障类型：正常状态,"故障类型：正常状态
诊断依据：模型判断该包络时频图整体能量分布较平稳，未呈现明显的周期性冲击或异常能量集中，结合当前工况更符合正常运行状态。当前工况为 20 Hz、0 V。
维护建议：建议保持常规监测，持续记录振动趋势；若后续能量分布或冲击特征发生明显变化，应及时复检。"
ball_20_0_000444,data/processed/images/all/sample_BF_20_0_000444.png,BF,滚动体故障,IF,内圈故障,0,故障类型：内圈故障,"故障类型：内圈故障
诊断依据：模型判断该包络时频图中存在较明显的周期性冲击和调制成分，结合当前转速与负载工况，更符合内圈故障特征。当前工况为 20 Hz、0 V。
维护建议：建议重点检查轴承内圈表面损伤情况，并结合历史振动趋势评估故障发展速度。"
ball_20_0_000445,data/processed/images/all/sample_BF_20_0_000445.png,BF,滚动体故障,BF,滚动体故障,1,故障类型：滚动体故障,"故障类型：滚动体故障
诊断依据：模型判断该包络时频图中存在局部冲击和调制特征，结合行星齿轮箱三方向振动信息，更符合滚动体故障表现。当前工况为 20 Hz、0 V。
维护建议：建议重点检查滚动体表面是否存在磨损、点蚀或剥落，并结合包络谱或现场巡检进一步确认故障程度。"
ball_20_0_000446,data/processed/images/all/sample_BF_20_0_000446.png,BF,滚动体故障,N,正常状态,0,故障类型：正常状态,"故障类型：正常状态
诊断依据：模型判断该包络时频图整体能量分布较平稳，未呈现明显的周期性冲击或异常能量集中，结合当前工况更符合正常运行状态。当前工况为 20 Hz、0 V。
维护建议：建议保持常规监测，持续记录振动趋势；若后续能量分布或冲击特征发生明显变化，应及时复检。"
ball_20_0_000447,data/processed/images/all/sample_BF_20_0_000447.png,BF,滚动体故障,BF,滚动体故障,1,故障类型：滚动体故障,"故障类型：滚动体故障
诊断依据：模型判断该包络时频图中存在局部冲击和调制特征，结合行星齿轮箱三方向振动信息，更符合滚动体故障表现。当前工况为 20 Hz、0 V。
维护建议：建议重点检查滚动体表面是否存在磨损、点蚀或剥落，并结合包络谱或现场巡检进一步确认故障程度。"
ball_20_0_000448,data/processed/images/all/sample_BF_20_0_000448.png,BF,滚动体故障,BF,滚动体故障,1,故障类型：滚动体故障,"故障类型：滚动体故障
诊断依据：模型判断该包络时频图中存在局部冲击和调制特征，结合行星齿轮箱三方向振动信息，更符合滚动体故障表现。当前工况为 20 Hz、0 V。
维护建议：建议重点检查滚动体表面是否存在磨损、点蚀或剥落，并结合包络谱或现场巡检进一步确认故障程度。"
ball_20_0_000449,data/processed/images/all/sample_BF_20_0_000449.png,BF,滚动体故障,BF,滚动体故障,1,故障类型：滚动体故障,"故障类型：滚动体故障
诊断依据：模型判断该包络时频图中存在局部冲击和调制特征，结合行星齿轮箱三方向振动信息，更符合滚动体故障表现。当前工况为 20 Hz、0 V。
维护建议：建议重点检查滚动体表面是否存在磨损、点蚀或剥落，并结合包络谱或现场巡检进一步确认故障程度。"
ball_20_0_000450,data/processed/images/all/sample_BF_20_0_000450.png,BF,滚动体故障,N,正常状态,0,故障类型：正常状态,"故障类型：正常状态
诊断依据：模型判断该包络时频图整体能量分布较平稳，未呈现明显的周期性冲击或异常能量集中，结合当前工况更符合正常运行状态。当前工况为 20 Hz、0 V。
维护建议：建议保持常规监测，持续记录振动趋势；若后续能量分布或冲击特征发生明显变化，应及时复检。"
ball_20_0_000451,data/processed/images/all/sample_BF_20_0_000451.png,BF,滚动体故障,CF,混合故障,0,故障类型：混合故障,"故障类型：混合故障
诊断依据：模型判断该包络时频图中呈现多组冲击成分和较复杂的能量分布，可能对应多部位共同损伤引起的复合振动特征。当前工况为 20 Hz、0 V。
维护建议：建议同时检查轴承内圈和外圈，并优先安排停机检测，避免复合故障进一步扩展。"
ball_20_0_000452,data/processed/images/all/sample_BF_20_0_000452.png,BF,滚动体故障,IF,内圈故障,0,故障类型：内圈故障,"故障类型：内圈故障
诊断依据：模型判断该包络时频图中存在较明显的周期性冲击和调制成分，结合当前转速与负载工况，更符合内圈故障特征。当前工况为 20 Hz、0 V。
维护建议：建议重点检查轴承内圈表面损伤情况，并结合历史振动趋势评估故障发展速度。"
ball_20_0_000453,data/processed/images/all/sample_BF_20_0_000453.png,BF,滚动体故障,BF,滚动体故障,1,故障类型：滚动体故障,"故障类型：滚动体故障
诊断依据：模型判断该包络时频图中存在局部冲击和调制特征，结合行星齿轮箱三方向振动信息，更符合滚动体故障表现。当前工况为 20 Hz、0 V。
维护建议：建议重点检查滚动体表面是否存在磨损、点蚀或剥落，并结合包络谱或现场巡检进一步确认故障程度。"
ball_20_0_000454,data/processed/images/all/sample_BF_20_0_000454.png,BF,滚动体故障,N,正常状态,0,故障类型：正常状态,"故障类型：正常状态
诊断依据：模型判断该包络时频图整体能量分布较平稳，未呈现明显的周期性冲击或异常能量集中，结合当前工况更符合正常运行状态。当前工况为 20 Hz、0 V。
维护建议：建议保持常规监测，持续记录振动趋势；若后续能量分布或冲击特征发生明显变化，应及时复检。"
ball_20_0_000455,data/processed/images/all/sample_BF_20_0_000455.png,BF,滚动体故障,N,正常状态,0,故障类型：正常状态,"故障类型：正常状态
诊断依据：模型判断该包络时频图整体能量分布较平稳，未呈现明显的周期性冲击或异常能量集中，结合当前工况更符合正常运行状态。当前工况为 20 Hz、0 V。
维护建议：建议保持常规监测，持续记录振动趋势；若后续能量分布或冲击特征发生明显变化，应及时复检。"
ball_20_0_000456,data/processed/images/all/sample_BF_20_0_000456.png,BF,滚动体故障,BF,滚动体故障,1,故障类型：滚动体故障,"故障类型：滚动体故障
诊断依据：模型判断该包络时频图中存在局部冲击和调制特征，结合行星齿轮箱三方向振动信息，更符合滚动体故障表现。当前工况为 20 Hz、0 V。
维护建议：建议重点检查滚动体表面是否存在磨损、点蚀或剥落，并结合包络谱或现场巡检进一步确认故障程度。"
ball_20_0_000457,data/processed/images/all/sample_BF_20_0_000457.png,BF,滚动体故障,N,正常状态,0,故障类型：正常状态,"故障类型：正常状态
诊断依据：模型判断该包络时频图整体能量分布较平稳，未呈现明显的周期性冲击或异常能量集中，结合当前工况更符合正常运行状态。当前工况为 20 Hz、0 V。
维护建议：建议保持常规监测，持续记录振动趋势；若后续能量分布或冲击特征发生明显变化，应及时复检。"
ball_20_0_000458,data/processed/images/all/sample_BF_20_0_000458.png,BF,滚动体故障,BF,滚动体故障,1,故障类型：滚动体故障,"故障类型：滚动体故障
诊断依据：模型判断该包络时频图中存在局部冲击和调制特征，结合行星齿轮箱三方向振动信息，更符合滚动体故障表现。当前工况为 20 Hz、0 V。
维护建议：建议重点检查滚动体表面是否存在磨损、点蚀或剥落，并结合包络谱或现场巡检进一步确认故障程度。"
ball_20_0_000459,data/processed/images/all/sample_BF_20_0_000459.png,BF,滚动体故障,IF,内圈故障,0,故障类型：内圈故障,"故障类型：内圈故障
诊断依据：模型判断该包络时频图中存在较明显的周期性冲击和调制成分，结合当前转速与负载工况，更符合内圈故障特征。当前工况为 20 Hz、0 V。
维护建议：建议重点检查轴承内圈表面损伤情况，并结合历史振动趋势评估故障发展速度。"
ball_20_0_000460,data/processed/images/all/sample_BF_20_0_000460.png,BF,滚动体故障,BF,滚动体故障,1,故障类型：滚动体故障,"故障类型：滚动体故障
诊断依据：模型判断该包络时频图中存在局部冲击和调制特征，结合行星齿轮箱三方向振动信息，更符合滚动体故障表现。当前工况为 20 Hz、0 V。
维护建议：建议重点检查滚动体表面是否存在磨损、点蚀或剥落，并结合包络谱或现场巡检进一步确认故障程度。"
ball_20_0_000461,data/processed/images/all/sample_BF_20_0_000461.png,BF,滚动体故障,N,正常状态,0,故障类型：正常状态,"故障类型：正常状态
诊断依据：模型判断该包络时频图整体能量分布较平稳，未呈现明显的周期性冲击或异常能量集中，结合当前工况更符合正常运行状态。当前工况为 20 Hz、0 V。
维护建议：建议保持常规监测，持续记录振动趋势；若后续能量分布或冲击特征发生明显变化，应及时复检。"
ball_20_0_000462,data/processed/images/all/sample_BF_20_0_000462.png,BF,滚动体故障,N,正常状态,0,故障类型：正常状态,"故障类型：正常状态
诊断依据：模型判断该包络时频图整体能量分布较平稳，未呈现明显的周期性冲击或异常能量集中，结合当前工况更符合正常运行状态。当前工况为 20 Hz、0 V。
维护建议：建议保持常规监测，持续记录振动趋势；若后续能量分布或冲击特征发生明显变化，应及时复检。"
ball_20_0_000463,data/processed/images/all/sample_BF_20_0_000463.png,BF,滚动体故障,BF,滚动体故障,1,故障类型：滚动体故障,"故障类型：滚动体故障
诊断依据：模型判断该包络时频图中存在局部冲击和调制特征，结合行星齿轮箱三方向振动信息，更符合滚动体故障表现。当前工况为 20 Hz、0 V。
维护建议：建议重点检查滚动体表面是否存在磨损、点蚀或剥落，并结合包络谱或现场巡检进一步确认故障程度。"
ball_20_0_000464,data/processed/images/all/sample_BF_20_0_000464.png,BF,滚动体故障,N,正常状态,0,故障类型：正常状态,"故障类型：正常状态
诊断依据：模型判断该包络时频图整体能量分布较平稳，未呈现明显的周期性冲击或异常能量集中，结合当前工况更符合正常运行状态。当前工况为 20 Hz、0 V。
维护建议：建议保持常规监测，持续记录振动趋势；若后续能量分布或冲击特征发生明显变化，应及时复检。"
ball_20_0_000465,data/processed/images/all/sample_BF_20_0_000465.png,BF,滚动体故障,IF,内圈故障,0,故障类型：内圈故障,"故障类型：内圈故障
诊断依据：模型判断该包络时频图中存在较明显的周期性冲击和调制成分，结合当前转速与负载工况，更符合内圈故障特征。当前工况为 20 Hz、0 V。
维护建议：建议重点检查轴承内圈表面损伤情况，并结合历史振动趋势评估故障发展速度。"
ball_20_0_000466,data/processed/images/all/sample_BF_20_0_000466.png,BF,滚动体故障,N,正常状态,0,故障类型：正常状态,"故障类型：正常状态
诊断依据：模型判断该包络时频图整体能量分布较平稳，未呈现明显的周期性冲击或异常能量集中，结合当前工况更符合正常运行状态。当前工况为 20 Hz、0 V。
维护建议：建议保持常规监测，持续记录振动趋势；若后续能量分布或冲击特征发生明显变化，应及时复检。"
ball_20_0_000467,data/processed/images/all/sample_BF_20_0_000467.png,BF,滚动体故障,BF,滚动体故障,1,故障类型：滚动体故障,"故障类型：滚动体故障
诊断依据：模型判断该包络时频图中存在局部冲击和调制特征，结合行星齿轮箱三方向振动信息，更符合滚动体故障表现。当前工况为 20 Hz、0 V。
维护建议：建议重点检查滚动体表面是否存在磨损、点蚀或剥落，并结合包络谱或现场巡检进一步确认故障程度。"
ball_20_0_000468,data/processed/images/all/sample_BF_20_0_000468.png,BF,滚动体故障,N,正常状态,0,故障类型：正常状态,"故障类型：正常状态
诊断依据：模型判断该包络时频图整体能量分布较平稳，未呈现明显的周期性冲击或异常能量集中，结合当前工况更符合正常运行状态。当前工况为 20 Hz、0 V。
维护建议：建议保持常规监测，持续记录振动趋势；若后续能量分布或冲击特征发生明显变化，应及时复检。"
ball_20_0_000469,data/processed/images/all/sample_BF_20_0_000469.png,BF,滚动体故障,N,正常状态,0,故障类型：正常状态,"故障类型：正常状态
诊断依据：模型判断该包络时频图整体能量分布较平稳，未呈现明显的周期性冲击或异常能量集中，结合当前工况更符合正常运行状态。当前工况为 20 Hz、0 V。
维护建议：建议保持常规监测，持续记录振动趋势；若后续能量分布或冲击特征发生明显变化，应及时复检。"
ball_20_0_000470,data/processed/images/all/sample_BF_20_0_000470.png,BF,滚动体故障,BF,滚动体故障,1,故障类型：滚动体故障,"故障类型：滚动体故障
诊断依据：模型判断该包络时频图中存在局部冲击和调制特征，结合行星齿轮箱三方向振动信息，更符合滚动体故障表现。当前工况为 20 Hz、0 V。
维护建议：建议重点检查滚动体表面是否存在磨损、点蚀或剥落，并结合包络谱或现场巡检进一步确认故障程度。"
ball_20_0_000471,data/processed/images/all/sample_BF_20_0_000471.png,BF,滚动体故障,N,正常状态,0,故障类型：正常状态,"故障类型：正常状态
诊断依据：模型判断该包络时频图整体能量分布较平稳，未呈现明显的周期性冲击或异常能量集中，结合当前工况更符合正常运行状态。当前工况为 20 Hz、0 V。
维护建议：建议保持常规监测，持续记录振动趋势；若后续能量分布或冲击特征发生明显变化，应及时复检。"
ball_20_0_000472,data/processed/images/all/sample_BF_20_0_000472.png,BF,滚动体故障,N,正常状态,0,故障类型：正常状态,"故障类型：正常状态
诊断依据：模型判断该包络时频图整体能量分布较平稳，未呈现明显的周期性冲击或异常能量集中，结合当前工况更符合正常运行状态。当前工况为 20 Hz、0 V。
维护建议：建议保持常规监测，持续记录振动趋势；若后续能量分布或冲击特征发生明显变化，应及时复检。"
ball_20_0_000473,data/processed/images/all/sample_BF_20_0_000473.png,BF,滚动体故障,N,正常状态,0,故障类型：正常状态,"故障类型：正常状态
诊断依据：模型判断该包络时频图整体能量分布较平稳，未呈现明显的周期性冲击或异常能量集中，结合当前工况更符合正常运行状态。当前工况为 20 Hz、0 V。
维护建议：建议保持常规监测，持续记录振动趋势；若后续能量分布或冲击特征发生明显变化，应及时复检。"
ball_20_0_000474,data/processed/images/all/sample_BF_20_0_000474.png,BF,滚动体故障,BF,滚动体故障,1,故障类型：滚动体故障,"故障类型：滚动体故障
诊断依据：模型判断该包络时频图中存在局部冲击和调制特征，结合行星齿轮箱三方向振动信息，更符合滚动体故障表现。当前工况为 20 Hz、0 V。
维护建议：建议重点检查滚动体表面是否存在磨损、点蚀或剥落，并结合包络谱或现场巡检进一步确认故障程度。"
ball_20_0_000475,data/processed/images/all/sample_BF_20_0_000475.png,BF,滚动体故障,IF,内圈故障,0,故障类型：内圈故障,"故障类型：内圈故障
诊断依据：模型判断该包络时频图中存在较明显的周期性冲击和调制成分，结合当前转速与负载工况，更符合内圈故障特征。当前工况为 20 Hz、0 V。
维护建议：建议重点检查轴承内圈表面损伤情况，并结合历史振动趋势评估故障发展速度。"
ball_20_0_000476,data/processed/images/all/sample_BF_20_0_000476.png,BF,滚动体故障,BF,滚动体故障,1,故障类型：滚动体故障,"故障类型：滚动体故障
诊断依据：模型判断该包络时频图中存在局部冲击和调制特征，结合行星齿轮箱三方向振动信息，更符合滚动体故障表现。当前工况为 20 Hz、0 V。
维护建议：建议重点检查滚动体表面是否存在磨损、点蚀或剥落，并结合包络谱或现场巡检进一步确认故障程度。"
ball_20_0_000477,data/processed/images/all/sample_BF_20_0_000477.png,BF,滚动体故障,IF,内圈故障,0,故障类型：内圈故障,"故障类型：内圈故障
诊断依据：模型判断该包络时频图中存在较明显的周期性冲击和调制成分，结合当前转速与负载工况，更符合内圈故障特征。当前工况为 20 Hz、0 V。
维护建议：建议重点检查轴承内圈表面损伤情况，并结合历史振动趋势评估故障发展速度。"
ball_20_0_000478,data/processed/images/all/sample_BF_20_0_000478.png,BF,滚动体故障,IF,内圈故障,0,故障类型：内圈故障,"故障类型：内圈故障
诊断依据：模型判断该包络时频图中存在较明显的周期性冲击和调制成分，结合当前转速与负载工况，更符合内圈故障特征。当前工况为 20 Hz、0 V。
维护建议：建议重点检查轴承内圈表面损伤情况，并结合历史振动趋势评估故障发展速度。"
ball_20_0_000479,data/processed/images/all/sample_BF_20_0_000479.png,BF,滚动体故障,N,正常状态,0,故障类型：正常状态,"故障类型：正常状态
诊断依据：模型判断该包络时频图整体能量分布较平稳，未呈现明显的周期性冲击或异常能量集中，结合当前工况更符合正常运行状态。当前工况为 20 Hz、0 V。
维护建议：建议保持常规监测，持续记录振动趋势；若后续能量分布或冲击特征发生明显变化，应及时复检。"
ball_20_0_000480,data/processed/images/all/sample_BF_20_0_000480.png,BF,滚动体故障,IF,内圈故障,0,故障类型：内圈故障,"故障类型：内圈故障
诊断依据：模型判断该包络时频图中存在较明显的周期性冲击和调制成分，结合当前转速与负载工况，更符合内圈故障特征。当前工况为 20 Hz、0 V。
维护建议：建议重点检查轴承内圈表面损伤情况，并结合历史振动趋势评估故障发展速度。"
ball_20_0_000481,data/processed/images/all/sample_BF_20_0_000481.png,BF,滚动体故障,IF,内圈故障,0,故障类型：内圈故障,"故障类型：内圈故障
诊断依据：模型判断该包络时频图中存在较明显的周期性冲击和调制成分，结合当前转速与负载工况，更符合内圈故障特征。当前工况为 20 Hz、0 V。
维护建议：建议重点检查轴承内圈表面损伤情况，并结合历史振动趋势评估故障发展速度。"
ball_20_0_000482,data/processed/images/all/sample_BF_20_0_000482.png,BF,滚动体故障,N,正常状态,0,故障类型：正常状态,"故障类型：正常状态
诊断依据：模型判断该包络时频图整体能量分布较平稳，未呈现明显的周期性冲击或异常能量集中，结合当前工况更符合正常运行状态。当前工况为 20 Hz、0 V。
维护建议：建议保持常规监测，持续记录振动趋势；若后续能量分布或冲击特征发生明显变化，应及时复检。"
ball_20_0_000483,data/processed/images/all/sample_BF_20_0_000483.png,BF,滚动体故障,IF,内圈故障,0,故障类型：内圈故障,"故障类型：内圈故障
诊断依据：模型判断该包络时频图中存在较明显的周期性冲击和调制成分，结合当前转速与负载工况，更符合内圈故障特征。当前工况为 20 Hz、0 V。
维护建议：建议重点检查轴承内圈表面损伤情况，并结合历史振动趋势评估故障发展速度。"
ball_20_0_000484,data/processed/images/all/sample_BF_20_0_000484.png,BF,滚动体故障,IF,内圈故障,0,故障类型：内圈故障,"故障类型：内圈故障
诊断依据：模型判断该包络时频图中存在较明显的周期性冲击和调制成分，结合当前转速与负载工况，更符合内圈故障特征。当前工况为 20 Hz、0 V。
维护建议：建议重点检查轴承内圈表面损伤情况，并结合历史振动趋势评估故障发展速度。"
ball_20_0_000485,data/processed/images/all/sample_BF_20_0_000485.png,BF,滚动体故障,N,正常状态,0,故障类型：正常状态,"故障类型：正常状态
诊断依据：模型判断该包络时频图整体能量分布较平稳，未呈现明显的周期性冲击或异常能量集中，结合当前工况更符合正常运行状态。当前工况为 20 Hz、0 V。
维护建议：建议保持常规监测，持续记录振动趋势；若后续能量分布或冲击特征发生明显变化，应及时复检。"
ball_20_0_000486,data/processed/images/all/sample_BF_20_0_000486.png,BF,滚动体故障,BF,滚动体故障,1,故障类型：滚动体故障,"故障类型：滚动体故障
诊断依据：模型判断该包络时频图中存在局部冲击和调制特征，结合行星齿轮箱三方向振动信息，更符合滚动体故障表现。当前工况为 20 Hz、0 V。
维护建议：建议重点检查滚动体表面是否存在磨损、点蚀或剥落，并结合包络谱或现场巡检进一步确认故障程度。"
ball_20_0_000487,data/processed/images/all/sample_BF_20_0_000487.png,BF,滚动体故障,BF,滚动体故障,1,故障类型：滚动体故障,"故障类型：滚动体故障
诊断依据：模型判断该包络时频图中存在局部冲击和调制特征，结合行星齿轮箱三方向振动信息，更符合滚动体故障表现。当前工况为 20 Hz、0 V。
维护建议：建议重点检查滚动体表面是否存在磨损、点蚀或剥落，并结合包络谱或现场巡检进一步确认故障程度。"
ball_20_0_000488,data/processed/images/all/sample_BF_20_0_000488.png,BF,滚动体故障,CF,混合故障,0,故障类型：混合故障,"故障类型：混合故障
诊断依据：模型判断该包络时频图中呈现多组冲击成分和较复杂的能量分布，可能对应多部位共同损伤引起的复合振动特征。当前工况为 20 Hz、0 V。
维护建议：建议同时检查轴承内圈和外圈，并优先安排停机检测，避免复合故障进一步扩展。"
ball_20_0_000489,data/processed/images/all/sample_BF_20_0_000489.png,BF,滚动体故障,N,正常状态,0,故障类型：正常状态,"故障类型：正常状态
诊断依据：模型判断该包络时频图整体能量分布较平稳，未呈现明显的周期性冲击或异常能量集中，结合当前工况更符合正常运行状态。当前工况为 20 Hz、0 V。
维护建议：建议保持常规监测，持续记录振动趋势；若后续能量分布或冲击特征发生明显变化，应及时复检。"
ball_20_0_000490,data/processed/images/all/sample_BF_20_0_000490.png,BF,滚动体故障,N,正常状态,0,故障类型：正常状态,"故障类型：正常状态
诊断依据：模型判断该包络时频图整体能量分布较平稳，未呈现明显的周期性冲击或异常能量集中，结合当前工况更符合正常运行状态。当前工况为 20 Hz、0 V。
维护建议：建议保持常规监测，持续记录振动趋势；若后续能量分布或冲击特征发生明显变化，应及时复检。"
ball_20_0_000491,data/processed/images/all/sample_BF_20_0_000491.png,BF,滚动体故障,BF,滚动体故障,1,故障类型：滚动体故障,"故障类型：滚动体故障
诊断依据：模型判断该包络时频图中存在局部冲击和调制特征，结合行星齿轮箱三方向振动信息，更符合滚动体故障表现。当前工况为 20 Hz、0 V。
维护建议：建议重点检查滚动体表面是否存在磨损、点蚀或剥落，并结合包络谱或现场巡检进一步确认故障程度。"
ball_20_0_000492,data/processed/images/all/sample_BF_20_0_000492.png,BF,滚动体故障,IF,内圈故障,0,故障类型：内圈故障,"故障类型：内圈故障
诊断依据：模型判断该包络时频图中存在较明显的周期性冲击和调制成分，结合当前转速与负载工况，更符合内圈故障特征。当前工况为 20 Hz、0 V。
维护建议：建议重点检查轴承内圈表面损伤情况，并结合历史振动趋势评估故障发展速度。"
ball_20_0_000493,data/processed/images/all/sample_BF_20_0_000493.png,BF,滚动体故障,N,正常状态,0,故障类型：正常状态,"故障类型：正常状态
诊断依据：模型判断该包络时频图整体能量分布较平稳，未呈现明显的周期性冲击或异常能量集中，结合当前工况更符合正常运行状态。当前工况为 20 Hz、0 V。
维护建议：建议保持常规监测，持续记录振动趋势；若后续能量分布或冲击特征发生明显变化，应及时复检。"
ball_20_0_000494,data/processed/images/all/sample_BF_20_0_000494.png,BF,滚动体故障,BF,滚动体故障,1,故障类型：滚动体故障,"故障类型：滚动体故障
诊断依据：模型判断该包络时频图中存在局部冲击和调制特征，结合行星齿轮箱三方向振动信息，更符合滚动体故障表现。当前工况为 20 Hz、0 V。
维护建议：建议重点检查滚动体表面是否存在磨损、点蚀或剥落，并结合包络谱或现场巡检进一步确认故障程度。"
ball_20_0_000495,data/processed/images/all/sample_BF_20_0_000495.png,BF,滚动体故障,N,正常状态,0,故障类型：正常状态,"故障类型：正常状态
诊断依据：模型判断该包络时频图整体能量分布较平稳，未呈现明显的周期性冲击或异常能量集中，结合当前工况更符合正常运行状态。当前工况为 20 Hz、0 V。
维护建议：建议保持常规监测，持续记录振动趋势；若后续能量分布或冲击特征发生明显变化，应及时复检。"
ball_20_0_000496,data/processed/images/all/sample_BF_20_0_000496.png,BF,滚动体故障,IF,内圈故障,0,故障类型：内圈故障,"故障类型：内圈故障
诊断依据：模型判断该包络时频图中存在较明显的周期性冲击和调制成分，结合当前转速与负载工况，更符合内圈故障特征。当前工况为 20 Hz、0 V。
维护建议：建议重点检查轴承内圈表面损伤情况，并结合历史振动趋势评估故障发展速度。"
ball_20_0_000497,data/processed/images/all/sample_BF_20_0_000497.png,BF,滚动体故障,N,正常状态,0,故障类型：正常状态,"故障类型：正常状态
诊断依据：模型判断该包络时频图整体能量分布较平稳，未呈现明显的周期性冲击或异常能量集中，结合当前工况更符合正常运行状态。当前工况为 20 Hz、0 V。
维护建议：建议保持常规监测，持续记录振动趋势；若后续能量分布或冲击特征发生明显变化，应及时复检。"
ball_20_0_000498,data/processed/images/all/sample_BF_20_0_000498.png,BF,滚动体故障,N,正常状态,0,故障类型：正常状态,"故障类型：正常状态
诊断依据：模型判断该包络时频图整体能量分布较平稳，未呈现明显的周期性冲击或异常能量集中，结合当前工况更符合正常运行状态。当前工况为 20 Hz、0 V。
维护建议：建议保持常规监测，持续记录振动趋势；若后续能量分布或冲击特征发生明显变化，应及时复检。"
ball_20_0_000499,data/processed/images/all/sample_BF_20_0_000499.png,BF,滚动体故障,BF,滚动体故障,1,故障类型：滚动体故障,"故障类型：滚动体故障
诊断依据：模型判断该包络时频图中存在局部冲击和调制特征，结合行星齿轮箱三方向振动信息，更符合滚动体故障表现。当前工况为 20 Hz、0 V。
维护建议：建议重点检查滚动体表面是否存在磨损、点蚀或剥落，并结合包络谱或现场巡检进一步确认故障程度。"
ball_20_0_000500,data/processed/images/all/sample_BF_20_0_000500.png,BF,滚动体故障,BF,滚动体故障,1,故障类型：滚动体故障,"故障类型：滚动体故障
诊断依据：模型判断该包络时频图中存在局部冲击和调制特征，结合行星齿轮箱三方向振动信息，更符合滚动体故障表现。当前工况为 20 Hz、0 V。
维护建议：建议重点检查滚动体表面是否存在磨损、点蚀或剥落，并结合包络谱或现场巡检进一步确认故障程度。"
ball_20_0_000501,data/processed/images/all/sample_BF_20_0_000501.png,BF,滚动体故障,BF,滚动体故障,1,故障类型：滚动体故障,"故障类型：滚动体故障
诊断依据：模型判断该包络时频图中存在局部冲击和调制特征，结合行星齿轮箱三方向振动信息，更符合滚动体故障表现。当前工况为 20 Hz、0 V。
维护建议：建议重点检查滚动体表面是否存在磨损、点蚀或剥落，并结合包络谱或现场巡检进一步确认故障程度。"
ball_20_0_000502,data/processed/images/all/sample_BF_20_0_000502.png,BF,滚动体故障,BF,滚动体故障,1,故障类型：滚动体故障,"故障类型：滚动体故障
诊断依据：模型判断该包络时频图中存在局部冲击和调制特征，结合行星齿轮箱三方向振动信息，更符合滚动体故障表现。当前工况为 20 Hz、0 V。
维护建议：建议重点检查滚动体表面是否存在磨损、点蚀或剥落，并结合包络谱或现场巡检进一步确认故障程度。"
ball_20_0_000503,data/processed/images/all/sample_BF_20_0_000503.png,BF,滚动体故障,N,正常状态,0,故障类型：正常状态,"故障类型：正常状态
诊断依据：模型判断该包络时频图整体能量分布较平稳，未呈现明显的周期性冲击或异常能量集中，结合当前工况更符合正常运行状态。当前工况为 20 Hz、0 V。
维护建议：建议保持常规监测，持续记录振动趋势；若后续能量分布或冲击特征发生明显变化，应及时复检。"
ball_20_0_000504,data/processed/images/all/sample_BF_20_0_000504.png,BF,滚动体故障,N,正常状态,0,故障类型：正常状态,"故障类型：正常状态
诊断依据：模型判断该包络时频图整体能量分布较平稳，未呈现明显的周期性冲击或异常能量集中，结合当前工况更符合正常运行状态。当前工况为 20 Hz、0 V。
维护建议：建议保持常规监测，持续记录振动趋势；若后续能量分布或冲击特征发生明显变化，应及时复检。"
ball_20_0_000505,data/processed/images/all/sample_BF_20_0_000505.png,BF,滚动体故障,CF,混合故障,0,故障类型：混合故障,"故障类型：混合故障
诊断依据：模型判断该包络时频图中呈现多组冲击成分和较复杂的能量分布，可能对应多部位共同损伤引起的复合振动特征。当前工况为 20 Hz、0 V。
维护建议：建议同时检查轴承内圈和外圈，并优先安排停机检测，避免复合故障进一步扩展。"
ball_20_0_000506,data/processed/images/all/sample_BF_20_0_000506.png,BF,滚动体故障,IF,内圈故障,0,故障类型：内圈故障,"故障类型：内圈故障
诊断依据：模型判断该包络时频图中存在较明显的周期性冲击和调制成分，结合当前转速与负载工况，更符合内圈故障特征。当前工况为 20 Hz、0 V。
维护建议：建议重点检查轴承内圈表面损伤情况，并结合历史振动趋势评估故障发展速度。"
ball_20_0_000507,data/processed/images/all/sample_BF_20_0_000507.png,BF,滚动体故障,N,正常状态,0,故障类型：正常状态,"故障类型：正常状态
诊断依据：模型判断该包络时频图整体能量分布较平稳，未呈现明显的周期性冲击或异常能量集中，结合当前工况更符合正常运行状态。当前工况为 20 Hz、0 V。
维护建议：建议保持常规监测，持续记录振动趋势；若后续能量分布或冲击特征发生明显变化，应及时复检。"
ball_20_0_000508,data/processed/images/all/sample_BF_20_0_000508.png,BF,滚动体故障,N,正常状态,0,故障类型：正常状态,"故障类型：正常状态
诊断依据：模型判断该包络时频图整体能量分布较平稳，未呈现明显的周期性冲击或异常能量集中，结合当前工况更符合正常运行状态。当前工况为 20 Hz、0 V。
维护建议：建议保持常规监测，持续记录振动趋势；若后续能量分布或冲击特征发生明显变化，应及时复检。"
ball_20_0_000509,data/processed/images/all/sample_BF_20_0_000509.png,BF,滚动体故障,N,正常状态,0,故障类型：正常状态,"故障类型：正常状态
诊断依据：模型判断该包络时频图整体能量分布较平稳，未呈现明显的周期性冲击或异常能量集中，结合当前工况更符合正常运行状态。当前工况为 20 Hz、0 V。
维护建议：建议保持常规监测，持续记录振动趋势；若后续能量分布或冲击特征发生明显变化，应及时复检。"
ball_30_2_000407,data/processed/images/all/sample_BF_30_2_000407.png,BF,滚动体故障,BF,滚动体故障,1,故障类型：滚动体故障,"故障类型：滚动体故障
诊断依据：模型判断该包络时频图中存在局部冲击和调制特征，结合行星齿轮箱三方向振动信息，更符合滚动体故障表现。当前工况为 30 Hz、2 V。
维护建议：建议重点检查滚动体表面是否存在磨损、点蚀或剥落，并结合包络谱或现场巡检进一步确认故障程度。"
ball_30_2_000408,data/processed/images/all/sample_BF_30_2_000408.png,BF,滚动体故障,CF,混合故障,0,故障类型：混合故障,"故障类型：混合故障
诊断依据：模型判断该包络时频图中呈现多组冲击成分和较复杂的能量分布，可能对应多部位共同损伤引起的复合振动特征。当前工况为 30 Hz、2 V。
维护建议：建议同时检查轴承内圈和外圈，并优先安排停机检测，避免复合故障进一步扩展。"
ball_30_2_000409,data/processed/images/all/sample_BF_30_2_000409.png,BF,滚动体故障,BF,滚动体故障,1,故障类型：滚动体故障,"故障类型：滚动体故障
诊断依据：模型判断该包络时频图中存在局部冲击和调制特征，结合行星齿轮箱三方向振动信息，更符合滚动体故障表现。当前工况为 30 Hz、2 V。
维护建议：建议重点检查滚动体表面是否存在磨损、点蚀或剥落，并结合包络谱或现场巡检进一步确认故障程度。"
ball_30_2_000410,data/processed/images/all/sample_BF_30_2_000410.png,BF,滚动体故障,OF,外圈故障,0,故障类型：外圈故障,"故障类型：外圈故障
诊断依据：模型判断该包络时频图中存在相对稳定的冲击响应和局部频带能量增强，整体更符合外圈局部损伤特征。当前工况为 30 Hz、2 V。
维护建议：建议检查轴承外圈固定区域是否存在剥落、裂纹或异常磨损，必要时安排停机复检。"
ball_30_2_000411,data/processed/images/all/sample_BF_30_2_000411.png,BF,滚动体故障,OF,外圈故障,0,故障类型：外圈故障,"故障类型：外圈故障
诊断依据：模型判断该包络时频图中存在相对稳定的冲击响应和局部频带能量增强，整体更符合外圈局部损伤特征。当前工况为 30 Hz、2 V。
维护建议：建议检查轴承外圈固定区域是否存在剥落、裂纹或异常磨损，必要时安排停机复检。"
ball_30_2_000412,data/processed/images/all/sample_BF_30_2_000412.png,BF,滚动体故障,BF,滚动体故障,1,故障类型：滚动体故障,"故障类型：滚动体故障
诊断依据：模型判断该包络时频图中存在局部冲击和调制特征，结合行星齿轮箱三方向振动信息，更符合滚动体故障表现。当前工况为 30 Hz、2 V。
维护建议：建议重点检查滚动体表面是否存在磨损、点蚀或剥落，并结合包络谱或现场巡检进一步确认故障程度。"
ball_30_2_000413,data/processed/images/all/sample_BF_30_2_000413.png,BF,滚动体故障,CF,混合故障,0,故障类型：混合故障,"故障类型：混合故障
诊断依据：模型判断该包络时频图中呈现多组冲击成分和较复杂的能量分布，可能对应多部位共同损伤引起的复合振动特征。当前工况为 30 Hz、2 V。
维护建议：建议同时检查轴承内圈和外圈，并优先安排停机检测，避免复合故障进一步扩展。"
ball_30_2_000414,data/processed/images/all/sample_BF_30_2_000414.png,BF,滚动体故障,CF,混合故障,0,故障类型：混合故障,"故障类型：混合故障
诊断依据：模型判断该包络时频图中呈现多组冲击成分和较复杂的能量分布，可能对应多部位共同损伤引起的复合振动特征。当前工况为 30 Hz、2 V。
维护建议：建议同时检查轴承内圈和外圈，并优先安排停机检测，避免复合故障进一步扩展。"
ball_30_2_000415,data/processed/images/all/sample_BF_30_2_000415.png,BF,滚动体故障,N,正常状态,0,故障类型：正常状态,"故障类型：正常状态
诊断依据：模型判断该包络时频图整体能量分布较平稳，未呈现明显的周期性冲击或异常能量集中，结合当前工况更符合正常运行状态。当前工况为 30 Hz、2 V。
维护建议：建议保持常规监测，持续记录振动趋势；若后续能量分布或冲击特征发生明显变化，应及时复检。"
ball_30_2_000416,data/processed/images/all/sample_BF_30_2_000416.png,BF,滚动体故障,BF,滚动体故障,1,故障类型：滚动体故障,"故障类型：滚动体故障
诊断依据：模型判断该包络时频图中存在局部冲击和调制特征，结合行星齿轮箱三方向振动信息，更符合滚动体故障表现。当前工况为 30 Hz、2 V。
维护建议：建议重点检查滚动体表面是否存在磨损、点蚀或剥落，并结合包络谱或现场巡检进一步确认故障程度。"
ball_30_2_000417,data/processed/images/all/sample_BF_30_2_000417.png,BF,滚动体故障,BF,滚动体故障,1,故障类型：滚动体故障,"故障类型：滚动体故障
诊断依据：模型判断该包络时频图中存在局部冲击和调制特征，结合行星齿轮箱三方向振动信息，更符合滚动体故障表现。当前工况为 30 Hz、2 V。
维护建议：建议重点检查滚动体表面是否存在磨损、点蚀或剥落，并结合包络谱或现场巡检进一步确认故障程度。"
ball_30_2_000418,data/processed/images/all/sample_BF_30_2_000418.png,BF,滚动体故障,CF,混合故障,0,故障类型：混合故障,"故障类型：混合故障
诊断依据：模型判断该包络时频图中呈现多组冲击成分和较复杂的能量分布，可能对应多部位共同损伤引起的复合振动特征。当前工况为 30 Hz、2 V。
维护建议：建议同时检查轴承内圈和外圈，并优先安排停机检测，避免复合故障进一步扩展。"
ball_30_2_000419,data/processed/images/all/sample_BF_30_2_000419.png,BF,滚动体故障,CF,混合故障,0,故障类型：混合故障,"故障类型：混合故障
诊断依据：模型判断该包络时频图中呈现多组冲击成分和较复杂的能量分布，可能对应多部位共同损伤引起的复合振动特征。当前工况为 30 Hz、2 V。
维护建议：建议同时检查轴承内圈和外圈，并优先安排停机检测，避免复合故障进一步扩展。"
ball_30_2_000420,data/processed/images/all/sample_BF_30_2_000420.png,BF,滚动体故障,OF,外圈故障,0,故障类型：外圈故障,"故障类型：外圈故障
诊断依据：模型判断该包络时频图中存在相对稳定的冲击响应和局部频带能量增强，整体更符合外圈局部损伤特征。当前工况为 30 Hz、2 V。
维护建议：建议检查轴承外圈固定区域是否存在剥落、裂纹或异常磨损，必要时安排停机复检。"
ball_30_2_000421,data/processed/images/all/sample_BF_30_2_000421.png,BF,滚动体故障,BF,滚动体故障,1,故障类型：滚动体故障,"故障类型：滚动体故障
诊断依据：模型判断该包络时频图中存在局部冲击和调制特征，结合行星齿轮箱三方向振动信息，更符合滚动体故障表现。当前工况为 30 Hz、2 V。
维护建议：建议重点检查滚动体表面是否存在磨损、点蚀或剥落，并结合包络谱或现场巡检进一步确认故障程度。"
ball_30_2_000422,data/processed/images/all/sample_BF_30_2_000422.png,BF,滚动体故障,CF,混合故障,0,故障类型：混合故障,"故障类型：混合故障
诊断依据：模型判断该包络时频图中呈现多组冲击成分和较复杂的能量分布，可能对应多部位共同损伤引起的复合振动特征。当前工况为 30 Hz、2 V。
维护建议：建议同时检查轴承内圈和外圈，并优先安排停机检测，避免复合故障进一步扩展。"
ball_30_2_000423,data/processed/images/all/sample_BF_30_2_000423.png,BF,滚动体故障,BF,滚动体故障,1,故障类型：滚动体故障,"故障类型：滚动体故障
诊断依据：模型判断该包络时频图中存在局部冲击和调制特征，结合行星齿轮箱三方向振动信息，更符合滚动体故障表现。当前工况为 30 Hz、2 V。
维护建议：建议重点检查滚动体表面是否存在磨损、点蚀或剥落，并结合包络谱或现场巡检进一步确认故障程度。"
ball_30_2_000424,data/processed/images/all/sample_BF_30_2_000424.png,BF,滚动体故障,OF,外圈故障,0,故障类型：外圈故障,"故障类型：外圈故障
诊断依据：模型判断该包络时频图中存在相对稳定的冲击响应和局部频带能量增强，整体更符合外圈局部损伤特征。当前工况为 30 Hz、2 V。
维护建议：建议检查轴承外圈固定区域是否存在剥落、裂纹或异常磨损，必要时安排停机复检。"
ball_30_2_000425,data/processed/images/all/sample_BF_30_2_000425.png,BF,滚动体故障,BF,滚动体故障,1,故障类型：滚动体故障,"故障类型：滚动体故障
诊断依据：模型判断该包络时频图中存在局部冲击和调制特征，结合行星齿轮箱三方向振动信息，更符合滚动体故障表现。当前工况为 30 Hz、2 V。
维护建议：建议重点检查滚动体表面是否存在磨损、点蚀或剥落，并结合包络谱或现场巡检进一步确认故障程度。"
ball_30_2_000426,data/processed/images/all/sample_BF_30_2_000426.png,BF,滚动体故障,BF,滚动体故障,1,故障类型：滚动体故障,"故障类型：滚动体故障
诊断依据：模型判断该包络时频图中存在局部冲击和调制特征，结合行星齿轮箱三方向振动信息，更符合滚动体故障表现。当前工况为 30 Hz、2 V。
维护建议：建议重点检查滚动体表面是否存在磨损、点蚀或剥落，并结合包络谱或现场巡检进一步确认故障程度。"
ball_30_2_000427,data/processed/images/all/sample_BF_30_2_000427.png,BF,滚动体故障,BF,滚动体故障,1,故障类型：滚动体故障,"故障类型：滚动体故障
诊断依据：模型判断该包络时频图中存在局部冲击和调制特征，结合行星齿轮箱三方向振动信息，更符合滚动体故障表现。当前工况为 30 Hz、2 V。
维护建议：建议重点检查滚动体表面是否存在磨损、点蚀或剥落，并结合包络谱或现场巡检进一步确认故障程度。"
ball_30_2_000428,data/processed/images/all/sample_BF_30_2_000428.png,BF,滚动体故障,CF,混合故障,0,故障类型：混合故障,"故障类型：混合故障
诊断依据：模型判断该包络时频图中呈现多组冲击成分和较复杂的能量分布，可能对应多部位共同损伤引起的复合振动特征。当前工况为 30 Hz、2 V。
维护建议：建议同时检查轴承内圈和外圈，并优先安排停机检测，避免复合故障进一步扩展。"
ball_30_2_000429,data/processed/images/all/sample_BF_30_2_000429.png,BF,滚动体故障,N,正常状态,0,故障类型：正常状态,"故障类型：正常状态
诊断依据：模型判断该包络时频图整体能量分布较平稳，未呈现明显的周期性冲击或异常能量集中，结合当前工况更符合正常运行状态。当前工况为 30 Hz、2 V。
维护建议：建议保持常规监测，持续记录振动趋势；若后续能量分布或冲击特征发生明显变化，应及时复检。"
ball_30_2_000430,data/processed/images/all/sample_BF_30_2_000430.png,BF,滚动体故障,OF,外圈故障,0,故障类型：外圈故障,"故障类型：外圈故障
诊断依据：模型判断该包络时频图中存在相对稳定的冲击响应和局部频带能量增强，整体更符合外圈局部损伤特征。当前工况为 30 Hz、2 V。
维护建议：建议检查轴承外圈固定区域是否存在剥落、裂纹或异常磨损，必要时安排停机复检。"
ball_30_2_000431,data/processed/images/all/sample_BF_30_2_000431.png,BF,滚动体故障,BF,滚动体故障,1,故障类型：滚动体故障,"故障类型：滚动体故障
诊断依据：模型判断该包络时频图中存在局部冲击和调制特征，结合行星齿轮箱三方向振动信息，更符合滚动体故障表现。当前工况为 30 Hz、2 V。
维护建议：建议重点检查滚动体表面是否存在磨损、点蚀或剥落，并结合包络谱或现场巡检进一步确认故障程度。"
ball_30_2_000432,data/processed/images/all/sample_BF_30_2_000432.png,BF,滚动体故障,OF,外圈故障,0,故障类型：外圈故障,"故障类型：外圈故障
诊断依据：模型判断该包络时频图中存在相对稳定的冲击响应和局部频带能量增强，整体更符合外圈局部损伤特征。当前工况为 30 Hz、2 V。
维护建议：建议检查轴承外圈固定区域是否存在剥落、裂纹或异常磨损，必要时安排停机复检。"
ball_30_2_000433,data/processed/images/all/sample_BF_30_2_000433.png,BF,滚动体故障,CF,混合故障,0,故障类型：混合故障,"故障类型：混合故障
诊断依据：模型判断该包络时频图中呈现多组冲击成分和较复杂的能量分布，可能对应多部位共同损伤引起的复合振动特征。当前工况为 30 Hz、2 V。
维护建议：建议同时检查轴承内圈和外圈，并优先安排停机检测，避免复合故障进一步扩展。"
ball_30_2_000434,data/processed/images/all/sample_BF_30_2_000434.png,BF,滚动体故障,OF,外圈故障,0,故障类型：外圈故障,"故障类型：外圈故障
诊断依据：模型判断该包络时频图中存在相对稳定的冲击响应和局部频带能量增强，整体更符合外圈局部损伤特征。当前工况为 30 Hz、2 V。
维护建议：建议检查轴承外圈固定区域是否存在剥落、裂纹或异常磨损，必要时安排停机复检。"
ball_30_2_000435,data/processed/images/all/sample_BF_30_2_000435.png,BF,滚动体故障,BF,滚动体故障,1,故障类型：滚动体故障,"故障类型：滚动体故障
诊断依据：模型判断该包络时频图中存在局部冲击和调制特征，结合行星齿轮箱三方向振动信息，更符合滚动体故障表现。当前工况为 30 Hz、2 V。
维护建议：建议重点检查滚动体表面是否存在磨损、点蚀或剥落，并结合包络谱或现场巡检进一步确认故障程度。"
ball_30_2_000436,data/processed/images/all/sample_BF_30_2_000436.png,BF,滚动体故障,BF,滚动体故障,1,故障类型：滚动体故障,"故障类型：滚动体故障
诊断依据：模型判断该包络时频图中存在局部冲击和调制特征，结合行星齿轮箱三方向振动信息，更符合滚动体故障表现。当前工况为 30 Hz、2 V。
维护建议：建议重点检查滚动体表面是否存在磨损、点蚀或剥落，并结合包络谱或现场巡检进一步确认故障程度。"
ball_30_2_000437,data/processed/images/all/sample_BF_30_2_000437.png,BF,滚动体故障,OF,外圈故障,0,故障类型：外圈故障,"故障类型：外圈故障
诊断依据：模型判断该包络时频图中存在相对稳定的冲击响应和局部频带能量增强，整体更符合外圈局部损伤特征。当前工况为 30 Hz、2 V。
维护建议：建议检查轴承外圈固定区域是否存在剥落、裂纹或异常磨损，必要时安排停机复检。"
ball_30_2_000438,data/processed/images/all/sample_BF_30_2_000438.png,BF,滚动体故障,BF,滚动体故障,1,故障类型：滚动体故障,"故障类型：滚动体故障
诊断依据：模型判断该包络时频图中存在局部冲击和调制特征，结合行星齿轮箱三方向振动信息，更符合滚动体故障表现。当前工况为 30 Hz、2 V。
维护建议：建议重点检查滚动体表面是否存在磨损、点蚀或剥落，并结合包络谱或现场巡检进一步确认故障程度。"
ball_30_2_000439,data/processed/images/all/sample_BF_30_2_000439.png,BF,滚动体故障,N,正常状态,0,故障类型：正常状态,"故障类型：正常状态
诊断依据：模型判断该包络时频图整体能量分布较平稳，未呈现明显的周期性冲击或异常能量集中，结合当前工况更符合正常运行状态。当前工况为 30 Hz、2 V。
维护建议：建议保持常规监测，持续记录振动趋势；若后续能量分布或冲击特征发生明显变化，应及时复检。"
ball_30_2_000440,data/processed/images/all/sample_BF_30_2_000440.png,BF,滚动体故障,CF,混合故障,0,故障类型：混合故障,"故障类型：混合故障
诊断依据：模型判断该包络时频图中呈现多组冲击成分和较复杂的能量分布，可能对应多部位共同损伤引起的复合振动特征。当前工况为 30 Hz、2 V。
维护建议：建议同时检查轴承内圈和外圈，并优先安排停机检测，避免复合故障进一步扩展。"
ball_30_2_000441,data/processed/images/all/sample_BF_30_2_000441.png,BF,滚动体故障,N,正常状态,0,故障类型：正常状态,"故障类型：正常状态
诊断依据：模型判断该包络时频图整体能量分布较平稳，未呈现明显的周期性冲击或异常能量集中，结合当前工况更符合正常运行状态。当前工况为 30 Hz、2 V。
维护建议：建议保持常规监测，持续记录振动趋势；若后续能量分布或冲击特征发生明显变化，应及时复检。"
ball_30_2_000442,data/processed/images/all/sample_BF_30_2_000442.png,BF,滚动体故障,N,正常状态,0,故障类型：正常状态,"故障类型：正常状态
诊断依据：模型判断该包络时频图整体能量分布较平稳，未呈现明显的周期性冲击或异常能量集中，结合当前工况更符合正常运行状态。当前工况为 30 Hz、2 V。
维护建议：建议保持常规监测，持续记录振动趋势；若后续能量分布或冲击特征发生明显变化，应及时复检。"
ball_30_2_000443,data/processed/images/all/sample_BF_30_2_000443.png,BF,滚动体故障,CF,混合故障,0,故障类型：混合故障,"故障类型：混合故障
诊断依据：模型判断该包络时频图中呈现多组冲击成分和较复杂的能量分布，可能对应多部位共同损伤引起的复合振动特征。当前工况为 30 Hz、2 V。
维护建议：建议同时检查轴承内圈和外圈，并优先安排停机检测，避免复合故障进一步扩展。"
ball_30_2_000444,data/processed/images/all/sample_BF_30_2_000444.png,BF,滚动体故障,N,正常状态,0,故障类型：正常状态,"故障类型：正常状态
诊断依据：模型判断该包络时频图整体能量分布较平稳，未呈现明显的周期性冲击或异常能量集中，结合当前工况更符合正常运行状态。当前工况为 30 Hz、2 V。
维护建议：建议保持常规监测，持续记录振动趋势；若后续能量分布或冲击特征发生明显变化，应及时复检。"
ball_30_2_000445,data/processed/images/all/sample_BF_30_2_000445.png,BF,滚动体故障,OF,外圈故障,0,故障类型：外圈故障,"故障类型：外圈故障
诊断依据：模型判断该包络时频图中存在相对稳定的冲击响应和局部频带能量增强，整体更符合外圈局部损伤特征。当前工况为 30 Hz、2 V。
维护建议：建议检查轴承外圈固定区域是否存在剥落、裂纹或异常磨损，必要时安排停机复检。"
ball_30_2_000446,data/processed/images/all/sample_BF_30_2_000446.png,BF,滚动体故障,N,正常状态,0,故障类型：正常状态,"故障类型：正常状态
诊断依据：模型判断该包络时频图整体能量分布较平稳，未呈现明显的周期性冲击或异常能量集中，结合当前工况更符合正常运行状态。当前工况为 30 Hz、2 V。
维护建议：建议保持常规监测，持续记录振动趋势；若后续能量分布或冲击特征发生明显变化，应及时复检。"
ball_30_2_000447,data/processed/images/all/sample_BF_30_2_000447.png,BF,滚动体故障,OF,外圈故障,0,故障类型：外圈故障,"故障类型：外圈故障
诊断依据：模型判断该包络时频图中存在相对稳定的冲击响应和局部频带能量增强，整体更符合外圈局部损伤特征。当前工况为 30 Hz、2 V。
维护建议：建议检查轴承外圈固定区域是否存在剥落、裂纹或异常磨损，必要时安排停机复检。"
ball_30_2_000448,data/processed/images/all/sample_BF_30_2_000448.png,BF,滚动体故障,IF,内圈故障,0,故障类型：内圈故障,"故障类型：内圈故障
诊断依据：模型判断该包络时频图中存在较明显的周期性冲击和调制成分，结合当前转速与负载工况，更符合内圈故障特征。当前工况为 30 Hz、2 V。
维护建议：建议重点检查轴承内圈表面损伤情况，并结合历史振动趋势评估故障发展速度。"
ball_30_2_000449,data/processed/images/all/sample_BF_30_2_000449.png,BF,滚动体故障,OF,外圈故障,0,故障类型：外圈故障,"故障类型：外圈故障
诊断依据：模型判断该包络时频图中存在相对稳定的冲击响应和局部频带能量增强，整体更符合外圈局部损伤特征。当前工况为 30 Hz、2 V。
维护建议：建议检查轴承外圈固定区域是否存在剥落、裂纹或异常磨损，必要时安排停机复检。"
ball_30_2_000450,data/processed/images/all/sample_BF_30_2_000450.png,BF,滚动体故障,N,正常状态,0,故障类型：正常状态,"故障类型：正常状态
诊断依据：模型判断该包络时频图整体能量分布较平稳，未呈现明显的周期性冲击或异常能量集中，结合当前工况更符合正常运行状态。当前工况为 30 Hz、2 V。
维护建议：建议保持常规监测，持续记录振动趋势；若后续能量分布或冲击特征发生明显变化，应及时复检。"
ball_30_2_000451,data/processed/images/all/sample_BF_30_2_000451.png,BF,滚动体故障,BF,滚动体故障,1,故障类型：滚动体故障,"故障类型：滚动体故障
诊断依据：模型判断该包络时频图中存在局部冲击和调制特征，结合行星齿轮箱三方向振动信息，更符合滚动体故障表现。当前工况为 30 Hz、2 V。
维护建议：建议重点检查滚动体表面是否存在磨损、点蚀或剥落，并结合包络谱或现场巡检进一步确认故障程度。"
ball_30_2_000452,data/processed/images/all/sample_BF_30_2_000452.png,BF,滚动体故障,N,正常状态,0,故障类型：正常状态,"故障类型：正常状态
诊断依据：模型判断该包络时频图整体能量分布较平稳，未呈现明显的周期性冲击或异常能量集中，结合当前工况更符合正常运行状态。当前工况为 30 Hz、2 V。
维护建议：建议保持常规监测，持续记录振动趋势；若后续能量分布或冲击特征发生明显变化，应及时复检。"
ball_30_2_000453,data/processed/images/all/sample_BF_30_2_000453.png,BF,滚动体故障,BF,滚动体故障,1,故障类型：滚动体故障,"故障类型：滚动体故障
诊断依据：模型判断该包络时频图中存在局部冲击和调制特征，结合行星齿轮箱三方向振动信息，更符合滚动体故障表现。当前工况为 30 Hz、2 V。
维护建议：建议重点检查滚动体表面是否存在磨损、点蚀或剥落，并结合包络谱或现场巡检进一步确认故障程度。"
ball_30_2_000454,data/processed/images/all/sample_BF_30_2_000454.png,BF,滚动体故障,OF,外圈故障,0,故障类型：外圈故障,"故障类型：外圈故障
诊断依据：模型判断该包络时频图中存在相对稳定的冲击响应和局部频带能量增强，整体更符合外圈局部损伤特征。当前工况为 30 Hz、2 V。
维护建议：建议检查轴承外圈固定区域是否存在剥落、裂纹或异常磨损，必要时安排停机复检。"
ball_30_2_000455,data/processed/images/all/sample_BF_30_2_000455.png,BF,滚动体故障,BF,滚动体故障,1,故障类型：滚动体故障,"故障类型：滚动体故障
诊断依据：模型判断该包络时频图中存在局部冲击和调制特征，结合行星齿轮箱三方向振动信息，更符合滚动体故障表现。当前工况为 30 Hz、2 V。
维护建议：建议重点检查滚动体表面是否存在磨损、点蚀或剥落，并结合包络谱或现场巡检进一步确认故障程度。"
ball_30_2_000456,data/processed/images/all/sample_BF_30_2_000456.png,BF,滚动体故障,CF,混合故障,0,故障类型：混合故障,"故障类型：混合故障
诊断依据：模型判断该包络时频图中呈现多组冲击成分和较复杂的能量分布，可能对应多部位共同损伤引起的复合振动特征。当前工况为 30 Hz、2 V。
维护建议：建议同时检查轴承内圈和外圈，并优先安排停机检测，避免复合故障进一步扩展。"
ball_30_2_000457,data/processed/images/all/sample_BF_30_2_000457.png,BF,滚动体故障,N,正常状态,0,故障类型：正常状态,"故障类型：正常状态
诊断依据：模型判断该包络时频图整体能量分布较平稳，未呈现明显的周期性冲击或异常能量集中，结合当前工况更符合正常运行状态。当前工况为 30 Hz、2 V。
维护建议：建议保持常规监测，持续记录振动趋势；若后续能量分布或冲击特征发生明显变化，应及时复检。"
ball_30_2_000458,data/processed/images/all/sample_BF_30_2_000458.png,BF,滚动体故障,BF,滚动体故障,1,故障类型：滚动体故障,"故障类型：滚动体故障
诊断依据：模型判断该包络时频图中存在局部冲击和调制特征，结合行星齿轮箱三方向振动信息，更符合滚动体故障表现。当前工况为 30 Hz、2 V。
维护建议：建议重点检查滚动体表面是否存在磨损、点蚀或剥落，并结合包络谱或现场巡检进一步确认故障程度。"
ball_30_2_000459,data/processed/images/all/sample_BF_30_2_000459.png,BF,滚动体故障,OF,外圈故障,0,故障类型：外圈故障,"故障类型：外圈故障
诊断依据：模型判断该包络时频图中存在相对稳定的冲击响应和局部频带能量增强，整体更符合外圈局部损伤特征。当前工况为 30 Hz、2 V。
维护建议：建议检查轴承外圈固定区域是否存在剥落、裂纹或异常磨损，必要时安排停机复检。"
ball_30_2_000460,data/processed/images/all/sample_BF_30_2_000460.png,BF,滚动体故障,N,正常状态,0,故障类型：正常状态,"故障类型：正常状态
诊断依据：模型判断该包络时频图整体能量分布较平稳，未呈现明显的周期性冲击或异常能量集中，结合当前工况更符合正常运行状态。当前工况为 30 Hz、2 V。
维护建议：建议保持常规监测，持续记录振动趋势；若后续能量分布或冲击特征发生明显变化，应及时复检。"
ball_30_2_000461,data/processed/images/all/sample_BF_30_2_000461.png,BF,滚动体故障,N,正常状态,0,故障类型：正常状态,"故障类型：正常状态
诊断依据：模型判断该包络时频图整体能量分布较平稳，未呈现明显的周期性冲击或异常能量集中，结合当前工况更符合正常运行状态。当前工况为 30 Hz、2 V。
维护建议：建议保持常规监测，持续记录振动趋势；若后续能量分布或冲击特征发生明显变化，应及时复检。"
ball_30_2_000462,data/processed/images/all/sample_BF_30_2_000462.png,BF,滚动体故障,CF,混合故障,0,故障类型：混合故障,"故障类型：混合故障
诊断依据：模型判断该包络时频图中呈现多组冲击成分和较复杂的能量分布，可能对应多部位共同损伤引起的复合振动特征。当前工况为 30 Hz、2 V。
维护建议：建议同时检查轴承内圈和外圈，并优先安排停机检测，避免复合故障进一步扩展。"
ball_30_2_000463,data/processed/images/all/sample_BF_30_2_000463.png,BF,滚动体故障,CF,混合故障,0,故障类型：混合故障,"故障类型：混合故障
诊断依据：模型判断该包络时频图中呈现多组冲击成分和较复杂的能量分布，可能对应多部位共同损伤引起的复合振动特征。当前工况为 30 Hz、2 V。
维护建议：建议同时检查轴承内圈和外圈，并优先安排停机检测，避免复合故障进一步扩展。"
ball_30_2_000464,data/processed/images/all/sample_BF_30_2_000464.png,BF,滚动体故障,OF,外圈故障,0,故障类型：外圈故障,"故障类型：外圈故障
诊断依据：模型判断该包络时频图中存在相对稳定的冲击响应和局部频带能量增强，整体更符合外圈局部损伤特征。当前工况为 30 Hz、2 V。
维护建议：建议检查轴承外圈固定区域是否存在剥落、裂纹或异常磨损，必要时安排停机复检。"
ball_30_2_000465,data/processed/images/all/sample_BF_30_2_000465.png,BF,滚动体故障,BF,滚动体故障,1,故障类型：滚动体故障,"故障类型：滚动体故障
诊断依据：模型判断该包络时频图中存在局部冲击和调制特征，结合行星齿轮箱三方向振动信息，更符合滚动体故障表现。当前工况为 30 Hz、2 V。
维护建议：建议重点检查滚动体表面是否存在磨损、点蚀或剥落，并结合包络谱或现场巡检进一步确认故障程度。"
ball_30_2_000466,data/processed/images/all/sample_BF_30_2_000466.png,BF,滚动体故障,CF,混合故障,0,故障类型：混合故障,"故障类型：混合故障
诊断依据：模型判断该包络时频图中呈现多组冲击成分和较复杂的能量分布，可能对应多部位共同损伤引起的复合振动特征。当前工况为 30 Hz、2 V。
维护建议：建议同时检查轴承内圈和外圈，并优先安排停机检测，避免复合故障进一步扩展。"
ball_30_2_000467,data/processed/images/all/sample_BF_30_2_000467.png,BF,滚动体故障,BF,滚动体故障,1,故障类型：滚动体故障,"故障类型：滚动体故障
诊断依据：模型判断该包络时频图中存在局部冲击和调制特征，结合行星齿轮箱三方向振动信息，更符合滚动体故障表现。当前工况为 30 Hz、2 V。
维护建议：建议重点检查滚动体表面是否存在磨损、点蚀或剥落，并结合包络谱或现场巡检进一步确认故障程度。"
ball_30_2_000468,data/processed/images/all/sample_BF_30_2_000468.png,BF,滚动体故障,BF,滚动体故障,1,故障类型：滚动体故障,"故障类型：滚动体故障
诊断依据：模型判断该包络时频图中存在局部冲击和调制特征，结合行星齿轮箱三方向振动信息，更符合滚动体故障表现。当前工况为 30 Hz、2 V。
维护建议：建议重点检查滚动体表面是否存在磨损、点蚀或剥落，并结合包络谱或现场巡检进一步确认故障程度。"
ball_30_2_000469,data/processed/images/all/sample_BF_30_2_000469.png,BF,滚动体故障,BF,滚动体故障,1,故障类型：滚动体故障,"故障类型：滚动体故障
诊断依据：模型判断该包络时频图中存在局部冲击和调制特征，结合行星齿轮箱三方向振动信息，更符合滚动体故障表现。当前工况为 30 Hz、2 V。
维护建议：建议重点检查滚动体表面是否存在磨损、点蚀或剥落，并结合包络谱或现场巡检进一步确认故障程度。"
ball_30_2_000470,data/processed/images/all/sample_BF_30_2_000470.png,BF,滚动体故障,BF,滚动体故障,1,故障类型：滚动体故障,"故障类型：滚动体故障
诊断依据：模型判断该包络时频图中存在局部冲击和调制特征，结合行星齿轮箱三方向振动信息，更符合滚动体故障表现。当前工况为 30 Hz、2 V。
维护建议：建议重点检查滚动体表面是否存在磨损、点蚀或剥落，并结合包络谱或现场巡检进一步确认故障程度。"
ball_30_2_000471,data/processed/images/all/sample_BF_30_2_000471.png,BF,滚动体故障,BF,滚动体故障,1,故障类型：滚动体故障,"故障类型：滚动体故障
诊断依据：模型判断该包络时频图中存在局部冲击和调制特征，结合行星齿轮箱三方向振动信息，更符合滚动体故障表现。当前工况为 30 Hz、2 V。
维护建议：建议重点检查滚动体表面是否存在磨损、点蚀或剥落，并结合包络谱或现场巡检进一步确认故障程度。"
ball_30_2_000472,data/processed/images/all/sample_BF_30_2_000472.png,BF,滚动体故障,CF,混合故障,0,故障类型：混合故障,"故障类型：混合故障
诊断依据：模型判断该包络时频图中呈现多组冲击成分和较复杂的能量分布，可能对应多部位共同损伤引起的复合振动特征。当前工况为 30 Hz、2 V。
维护建议：建议同时检查轴承内圈和外圈，并优先安排停机检测，避免复合故障进一步扩展。"
ball_30_2_000473,data/processed/images/all/sample_BF_30_2_000473.png,BF,滚动体故障,CF,混合故障,0,故障类型：混合故障,"故障类型：混合故障
诊断依据：模型判断该包络时频图中呈现多组冲击成分和较复杂的能量分布，可能对应多部位共同损伤引起的复合振动特征。当前工况为 30 Hz、2 V。
维护建议：建议同时检查轴承内圈和外圈，并优先安排停机检测，避免复合故障进一步扩展。"
ball_30_2_000474,data/processed/images/all/sample_BF_30_2_000474.png,BF,滚动体故障,CF,混合故障,0,故障类型：混合故障,"故障类型：混合故障
诊断依据：模型判断该包络时频图中呈现多组冲击成分和较复杂的能量分布，可能对应多部位共同损伤引起的复合振动特征。当前工况为 30 Hz、2 V。
维护建议：建议同时检查轴承内圈和外圈，并优先安排停机检测，避免复合故障进一步扩展。"
ball_30_2_000475,data/processed/images/all/sample_BF_30_2_000475.png,BF,滚动体故障,CF,混合故障,0,故障类型：混合故障,"故障类型：混合故障
诊断依据：模型判断该包络时频图中呈现多组冲击成分和较复杂的能量分布，可能对应多部位共同损伤引起的复合振动特征。当前工况为 30 Hz、2 V。
维护建议：建议同时检查轴承内圈和外圈，并优先安排停机检测，避免复合故障进一步扩展。"
ball_30_2_000476,data/processed/images/all/sample_BF_30_2_000476.png,BF,滚动体故障,N,正常状态,0,故障类型：正常状态,"故障类型：正常状态
诊断依据：模型判断该包络时频图整体能量分布较平稳，未呈现明显的周期性冲击或异常能量集中，结合当前工况更符合正常运行状态。当前工况为 30 Hz、2 V。
维护建议：建议保持常规监测，持续记录振动趋势；若后续能量分布或冲击特征发生明显变化，应及时复检。"
ball_30_2_000477,data/processed/images/all/sample_BF_30_2_000477.png,BF,滚动体故障,OF,外圈故障,0,故障类型：外圈故障,"故障类型：外圈故障
诊断依据：模型判断该包络时频图中存在相对稳定的冲击响应和局部频带能量增强，整体更符合外圈局部损伤特征。当前工况为 30 Hz、2 V。
维护建议：建议检查轴承外圈固定区域是否存在剥落、裂纹或异常磨损，必要时安排停机复检。"
ball_30_2_000478,data/processed/images/all/sample_BF_30_2_000478.png,BF,滚动体故障,OF,外圈故障,0,故障类型：外圈故障,"故障类型：外圈故障
诊断依据：模型判断该包络时频图中存在相对稳定的冲击响应和局部频带能量增强，整体更符合外圈局部损伤特征。当前工况为 30 Hz、2 V。
维护建议：建议检查轴承外圈固定区域是否存在剥落、裂纹或异常磨损，必要时安排停机复检。"
ball_30_2_000479,data/processed/images/all/sample_BF_30_2_000479.png,BF,滚动体故障,OF,外圈故障,0,故障类型：外圈故障,"故障类型：外圈故障
诊断依据：模型判断该包络时频图中存在相对稳定的冲击响应和局部频带能量增强，整体更符合外圈局部损伤特征。当前工况为 30 Hz、2 V。
维护建议：建议检查轴承外圈固定区域是否存在剥落、裂纹或异常磨损，必要时安排停机复检。"
ball_30_2_000480,data/processed/images/all/sample_BF_30_2_000480.png,BF,滚动体故障,BF,滚动体故障,1,故障类型：滚动体故障,"故障类型：滚动体故障
诊断依据：模型判断该包络时频图中存在局部冲击和调制特征，结合行星齿轮箱三方向振动信息，更符合滚动体故障表现。当前工况为 30 Hz、2 V。
维护建议：建议重点检查滚动体表面是否存在磨损、点蚀或剥落，并结合包络谱或现场巡检进一步确认故障程度。"
ball_30_2_000481,data/processed/images/all/sample_BF_30_2_000481.png,BF,滚动体故障,BF,滚动体故障,1,故障类型：滚动体故障,"故障类型：滚动体故障
诊断依据：模型判断该包络时频图中存在局部冲击和调制特征，结合行星齿轮箱三方向振动信息，更符合滚动体故障表现。当前工况为 30 Hz、2 V。
维护建议：建议重点检查滚动体表面是否存在磨损、点蚀或剥落，并结合包络谱或现场巡检进一步确认故障程度。"
ball_30_2_000482,data/processed/images/all/sample_BF_30_2_000482.png,BF,滚动体故障,N,正常状态,0,故障类型：正常状态,"故障类型：正常状态
诊断依据：模型判断该包络时频图整体能量分布较平稳，未呈现明显的周期性冲击或异常能量集中，结合当前工况更符合正常运行状态。当前工况为 30 Hz、2 V。
维护建议：建议保持常规监测，持续记录振动趋势；若后续能量分布或冲击特征发生明显变化，应及时复检。"
ball_30_2_000483,data/processed/images/all/sample_BF_30_2_000483.png,BF,滚动体故障,OF,外圈故障,0,故障类型：外圈故障,"故障类型：外圈故障
诊断依据：模型判断该包络时频图中存在相对稳定的冲击响应和局部频带能量增强，整体更符合外圈局部损伤特征。当前工况为 30 Hz、2 V。
维护建议：建议检查轴承外圈固定区域是否存在剥落、裂纹或异常磨损，必要时安排停机复检。"
ball_30_2_000484,data/processed/images/all/sample_BF_30_2_000484.png,BF,滚动体故障,OF,外圈故障,0,故障类型：外圈故障,"故障类型：外圈故障
诊断依据：模型判断该包络时频图中存在相对稳定的冲击响应和局部频带能量增强，整体更符合外圈局部损伤特征。当前工况为 30 Hz、2 V。
维护建议：建议检查轴承外圈固定区域是否存在剥落、裂纹或异常磨损，必要时安排停机复检。"
ball_30_2_000485,data/processed/images/all/sample_BF_30_2_000485.png,BF,滚动体故障,N,正常状态,0,故障类型：正常状态,"故障类型：正常状态
诊断依据：模型判断该包络时频图整体能量分布较平稳，未呈现明显的周期性冲击或异常能量集中，结合当前工况更符合正常运行状态。当前工况为 30 Hz、2 V。
维护建议：建议保持常规监测，持续记录振动趋势；若后续能量分布或冲击特征发生明显变化，应及时复检。"
ball_30_2_000486,data/processed/images/all/sample_BF_30_2_000486.png,BF,滚动体故障,BF,滚动体故障,1,故障类型：滚动体故障,"故障类型：滚动体故障
诊断依据：模型判断该包络时频图中存在局部冲击和调制特征，结合行星齿轮箱三方向振动信息，更符合滚动体故障表现。当前工况为 30 Hz、2 V。
维护建议：建议重点检查滚动体表面是否存在磨损、点蚀或剥落，并结合包络谱或现场巡检进一步确认故障程度。"
ball_30_2_000487,data/processed/images/all/sample_BF_30_2_000487.png,BF,滚动体故障,CF,混合故障,0,故障类型：混合故障,"故障类型：混合故障
诊断依据：模型判断该包络时频图中呈现多组冲击成分和较复杂的能量分布，可能对应多部位共同损伤引起的复合振动特征。当前工况为 30 Hz、2 V。
维护建议：建议同时检查轴承内圈和外圈，并优先安排停机检测，避免复合故障进一步扩展。"
ball_30_2_000488,data/processed/images/all/sample_BF_30_2_000488.png,BF,滚动体故障,OF,外圈故障,0,故障类型：外圈故障,"故障类型：外圈故障
诊断依据：模型判断该包络时频图中存在相对稳定的冲击响应和局部频带能量增强，整体更符合外圈局部损伤特征。当前工况为 30 Hz、2 V。
维护建议：建议检查轴承外圈固定区域是否存在剥落、裂纹或异常磨损，必要时安排停机复检。"
ball_30_2_000489,data/processed/images/all/sample_BF_30_2_000489.png,BF,滚动体故障,N,正常状态,0,故障类型：正常状态,"故障类型：正常状态
诊断依据：模型判断该包络时频图整体能量分布较平稳，未呈现明显的周期性冲击或异常能量集中，结合当前工况更符合正常运行状态。当前工况为 30 Hz、2 V。
维护建议：建议保持常规监测，持续记录振动趋势；若后续能量分布或冲击特征发生明显变化，应及时复检。"
ball_30_2_000490,data/processed/images/all/sample_BF_30_2_000490.png,BF,滚动体故障,BF,滚动体故障,1,故障类型：滚动体故障,"故障类型：滚动体故障
诊断依据：模型判断该包络时频图中存在局部冲击和调制特征，结合行星齿轮箱三方向振动信息，更符合滚动体故障表现。当前工况为 30 Hz、2 V。
维护建议：建议重点检查滚动体表面是否存在磨损、点蚀或剥落，并结合包络谱或现场巡检进一步确认故障程度。"
ball_30_2_000491,data/processed/images/all/sample_BF_30_2_000491.png,BF,滚动体故障,N,正常状态,0,故障类型：正常状态,"故障类型：正常状态
诊断依据：模型判断该包络时频图整体能量分布较平稳，未呈现明显的周期性冲击或异常能量集中，结合当前工况更符合正常运行状态。当前工况为 30 Hz、2 V。
维护建议：建议保持常规监测，持续记录振动趋势；若后续能量分布或冲击特征发生明显变化，应及时复检。"
ball_30_2_000492,data/processed/images/all/sample_BF_30_2_000492.png,BF,滚动体故障,BF,滚动体故障,1,故障类型：滚动体故障,"故障类型：滚动体故障
诊断依据：模型判断该包络时频图中存在局部冲击和调制特征，结合行星齿轮箱三方向振动信息，更符合滚动体故障表现。当前工况为 30 Hz、2 V。
维护建议：建议重点检查滚动体表面是否存在磨损、点蚀或剥落，并结合包络谱或现场巡检进一步确认故障程度。"
ball_30_2_000493,data/processed/images/all/sample_BF_30_2_000493.png,BF,滚动体故障,BF,滚动体故障,1,故障类型：滚动体故障,"故障类型：滚动体故障
诊断依据：模型判断该包络时频图中存在局部冲击和调制特征，结合行星齿轮箱三方向振动信息，更符合滚动体故障表现。当前工况为 30 Hz、2 V。
维护建议：建议重点检查滚动体表面是否存在磨损、点蚀或剥落，并结合包络谱或现场巡检进一步确认故障程度。"
ball_30_2_000494,data/processed/images/all/sample_BF_30_2_000494.png,BF,滚动体故障,BF,滚动体故障,1,故障类型：滚动体故障,"故障类型：滚动体故障
诊断依据：模型判断该包络时频图中存在局部冲击和调制特征，结合行星齿轮箱三方向振动信息，更符合滚动体故障表现。当前工况为 30 Hz、2 V。
维护建议：建议重点检查滚动体表面是否存在磨损、点蚀或剥落，并结合包络谱或现场巡检进一步确认故障程度。"
ball_30_2_000495,data/processed/images/all/sample_BF_30_2_000495.png,BF,滚动体故障,N,正常状态,0,故障类型：正常状态,"故障类型：正常状态
诊断依据：模型判断该包络时频图整体能量分布较平稳，未呈现明显的周期性冲击或异常能量集中，结合当前工况更符合正常运行状态。当前工况为 30 Hz、2 V。
维护建议：建议保持常规监测，持续记录振动趋势；若后续能量分布或冲击特征发生明显变化，应及时复检。"
ball_30_2_000496,data/processed/images/all/sample_BF_30_2_000496.png,BF,滚动体故障,N,正常状态,0,故障类型：正常状态,"故障类型：正常状态
诊断依据：模型判断该包络时频图整体能量分布较平稳，未呈现明显的周期性冲击或异常能量集中，结合当前工况更符合正常运行状态。当前工况为 30 Hz、2 V。
维护建议：建议保持常规监测，持续记录振动趋势；若后续能量分布或冲击特征发生明显变化，应及时复检。"
ball_30_2_000497,data/processed/images/all/sample_BF_30_2_000497.png,BF,滚动体故障,OF,外圈故障,0,故障类型：外圈故障,"故障类型：外圈故障
诊断依据：模型判断该包络时频图中存在相对稳定的冲击响应和局部频带能量增强，整体更符合外圈局部损伤特征。当前工况为 30 Hz、2 V。
维护建议：建议检查轴承外圈固定区域是否存在剥落、裂纹或异常磨损，必要时安排停机复检。"
ball_30_2_000498,data/processed/images/all/sample_BF_30_2_000498.png,BF,滚动体故障,CF,混合故障,0,故障类型：混合故障,"故障类型：混合故障
诊断依据：模型判断该包络时频图中呈现多组冲击成分和较复杂的能量分布，可能对应多部位共同损伤引起的复合振动特征。当前工况为 30 Hz、2 V。
维护建议：建议同时检查轴承内圈和外圈，并优先安排停机检测，避免复合故障进一步扩展。"
ball_30_2_000499,data/processed/images/all/sample_BF_30_2_000499.png,BF,滚动体故障,N,正常状态,0,故障类型：正常状态,"故障类型：正常状态
诊断依据：模型判断该包络时频图整体能量分布较平稳，未呈现明显的周期性冲击或异常能量集中，结合当前工况更符合正常运行状态。当前工况为 30 Hz、2 V。
维护建议：建议保持常规监测，持续记录振动趋势；若后续能量分布或冲击特征发生明显变化，应及时复检。"
ball_30_2_000500,data/processed/images/all/sample_BF_30_2_000500.png,BF,滚动体故障,OF,外圈故障,0,故障类型：外圈故障,"故障类型：外圈故障
诊断依据：模型判断该包络时频图中存在相对稳定的冲击响应和局部频带能量增强，整体更符合外圈局部损伤特征。当前工况为 30 Hz、2 V。
维护建议：建议检查轴承外圈固定区域是否存在剥落、裂纹或异常磨损，必要时安排停机复检。"
ball_30_2_000501,data/processed/images/all/sample_BF_30_2_000501.png,BF,滚动体故障,CF,混合故障,0,故障类型：混合故障,"故障类型：混合故障
诊断依据：模型判断该包络时频图中呈现多组冲击成分和较复杂的能量分布，可能对应多部位共同损伤引起的复合振动特征。当前工况为 30 Hz、2 V。
维护建议：建议同时检查轴承内圈和外圈，并优先安排停机检测，避免复合故障进一步扩展。"
ball_30_2_000502,data/processed/images/all/sample_BF_30_2_000502.png,BF,滚动体故障,N,正常状态,0,故障类型：正常状态,"故障类型：正常状态
诊断依据：模型判断该包络时频图整体能量分布较平稳，未呈现明显的周期性冲击或异常能量集中，结合当前工况更符合正常运行状态。当前工况为 30 Hz、2 V。
维护建议：建议保持常规监测，持续记录振动趋势；若后续能量分布或冲击特征发生明显变化，应及时复检。"
ball_30_2_000503,data/processed/images/all/sample_BF_30_2_000503.png,BF,滚动体故障,CF,混合故障,0,故障类型：混合故障,"故障类型：混合故障
诊断依据：模型判断该包络时频图中呈现多组冲击成分和较复杂的能量分布，可能对应多部位共同损伤引起的复合振动特征。当前工况为 30 Hz、2 V。
维护建议：建议同时检查轴承内圈和外圈，并优先安排停机检测，避免复合故障进一步扩展。"
ball_30_2_000504,data/processed/images/all/sample_BF_30_2_000504.png,BF,滚动体故障,CF,混合故障,0,故障类型：混合故障,"故障类型：混合故障
诊断依据：模型判断该包络时频图中呈现多组冲击成分和较复杂的能量分布，可能对应多部位共同损伤引起的复合振动特征。当前工况为 30 Hz、2 V。
维护建议：建议同时检查轴承内圈和外圈，并优先安排停机检测，避免复合故障进一步扩展。"
ball_30_2_000505,data/processed/images/all/sample_BF_30_2_000505.png,BF,滚动体故障,BF,滚动体故障,1,故障类型：滚动体故障,"故障类型：滚动体故障
诊断依据：模型判断该包络时频图中存在局部冲击和调制特征，结合行星齿轮箱三方向振动信息，更符合滚动体故障表现。当前工况为 30 Hz、2 V。
维护建议：建议重点检查滚动体表面是否存在磨损、点蚀或剥落，并结合包络谱或现场巡检进一步确认故障程度。"
ball_30_2_000506,data/processed/images/all/sample_BF_30_2_000506.png,BF,滚动体故障,BF,滚动体故障,1,故障类型：滚动体故障,"故障类型：滚动体故障
诊断依据：模型判断该包络时频图中存在局部冲击和调制特征，结合行星齿轮箱三方向振动信息，更符合滚动体故障表现。当前工况为 30 Hz、2 V。
维护建议：建议重点检查滚动体表面是否存在磨损、点蚀或剥落，并结合包络谱或现场巡检进一步确认故障程度。"
ball_30_2_000507,data/processed/images/all/sample_BF_30_2_000507.png,BF,滚动体故障,OF,外圈故障,0,故障类型：外圈故障,"故障类型：外圈故障
诊断依据：模型判断该包络时频图中存在相对稳定的冲击响应和局部频带能量增强，整体更符合外圈局部损伤特征。当前工况为 30 Hz、2 V。
维护建议：建议检查轴承外圈固定区域是否存在剥落、裂纹或异常磨损，必要时安排停机复检。"
ball_30_2_000508,data/processed/images/all/sample_BF_30_2_000508.png,BF,滚动体故障,BF,滚动体故障,1,故障类型：滚动体故障,"故障类型：滚动体故障
诊断依据：模型判断该包络时频图中存在局部冲击和调制特征，结合行星齿轮箱三方向振动信息，更符合滚动体故障表现。当前工况为 30 Hz、2 V。
维护建议：建议重点检查滚动体表面是否存在磨损、点蚀或剥落，并结合包络谱或现场巡检进一步确认故障程度。"
ball_30_2_000509,data/processed/images/all/sample_BF_30_2_000509.png,BF,滚动体故障,N,正常状态,0,故障类型：正常状态,"故障类型：正常状态
诊断依据：模型判断该包络时频图整体能量分布较平稳，未呈现明显的周期性冲击或异常能量集中，结合当前工况更符合正常运行状态。当前工况为 30 Hz、2 V。
维护建议：建议保持常规监测，持续记录振动趋势；若后续能量分布或冲击特征发生明显变化，应及时复检。"
comb_20_0_000407,data/processed/images/all/sample_CF_20_0_000407.png,CF,混合故障,IF,内圈故障,0,故障类型：内圈故障,"故障类型：内圈故障
诊断依据：模型判断该包络时频图中存在较明显的周期性冲击和调制成分，结合当前转速与负载工况，更符合内圈故障特征。当前工况为 20 Hz、0 V。
维护建议：建议重点检查轴承内圈表面损伤情况，并结合历史振动趋势评估故障发展速度。"
comb_20_0_000408,data/processed/images/all/sample_CF_20_0_000408.png,CF,混合故障,CF,混合故障,1,故障类型：混合故障,"故障类型：混合故障
诊断依据：模型判断该包络时频图中呈现多组冲击成分和较复杂的能量分布，可能对应多部位共同损伤引起的复合振动特征。当前工况为 20 Hz、0 V。
维护建议：建议同时检查轴承内圈和外圈，并优先安排停机检测，避免复合故障进一步扩展。"
comb_20_0_000409,data/processed/images/all/sample_CF_20_0_000409.png,CF,混合故障,CF,混合故障,1,故障类型：混合故障,"故障类型：混合故障
诊断依据：模型判断该包络时频图中呈现多组冲击成分和较复杂的能量分布，可能对应多部位共同损伤引起的复合振动特征。当前工况为 20 Hz、0 V。
维护建议：建议同时检查轴承内圈和外圈，并优先安排停机检测，避免复合故障进一步扩展。"
comb_20_0_000410,data/processed/images/all/sample_CF_20_0_000410.png,CF,混合故障,CF,混合故障,1,故障类型：混合故障,"故障类型：混合故障
诊断依据：模型判断该包络时频图中呈现多组冲击成分和较复杂的能量分布，可能对应多部位共同损伤引起的复合振动特征。当前工况为 20 Hz、0 V。
维护建议：建议同时检查轴承内圈和外圈，并优先安排停机检测，避免复合故障进一步扩展。"
comb_20_0_000411,data/processed/images/all/sample_CF_20_0_000411.png,CF,混合故障,IF,内圈故障,0,故障类型：内圈故障,"故障类型：内圈故障
诊断依据：模型判断该包络时频图中存在较明显的周期性冲击和调制成分，结合当前转速与负载工况，更符合内圈故障特征。当前工况为 20 Hz、0 V。
维护建议：建议重点检查轴承内圈表面损伤情况，并结合历史振动趋势评估故障发展速度。"
comb_20_0_000412,data/processed/images/all/sample_CF_20_0_000412.png,CF,混合故障,CF,混合故障,1,故障类型：混合故障,"故障类型：混合故障
诊断依据：模型判断该包络时频图中呈现多组冲击成分和较复杂的能量分布，可能对应多部位共同损伤引起的复合振动特征。当前工况为 20 Hz、0 V。
维护建议：建议同时检查轴承内圈和外圈，并优先安排停机检测，避免复合故障进一步扩展。"
comb_20_0_000413,data/processed/images/all/sample_CF_20_0_000413.png,CF,混合故障,CF,混合故障,1,故障类型：混合故障,"故障类型：混合故障
诊断依据：模型判断该包络时频图中呈现多组冲击成分和较复杂的能量分布，可能对应多部位共同损伤引起的复合振动特征。当前工况为 20 Hz、0 V。
维护建议：建议同时检查轴承内圈和外圈，并优先安排停机检测，避免复合故障进一步扩展。"
comb_20_0_000414,data/processed/images/all/sample_CF_20_0_000414.png,CF,混合故障,IF,内圈故障,0,故障类型：内圈故障,"故障类型：内圈故障
诊断依据：模型判断该包络时频图中存在较明显的周期性冲击和调制成分，结合当前转速与负载工况，更符合内圈故障特征。当前工况为 20 Hz、0 V。
维护建议：建议重点检查轴承内圈表面损伤情况，并结合历史振动趋势评估故障发展速度。"
comb_20_0_000415,data/processed/images/all/sample_CF_20_0_000415.png,CF,混合故障,IF,内圈故障,0,故障类型：内圈故障,"故障类型：内圈故障
诊断依据：模型判断该包络时频图中存在较明显的周期性冲击和调制成分，结合当前转速与负载工况，更符合内圈故障特征。当前工况为 20 Hz、0 V。
维护建议：建议重点检查轴承内圈表面损伤情况，并结合历史振动趋势评估故障发展速度。"
comb_20_0_000416,data/processed/images/all/sample_CF_20_0_000416.png,CF,混合故障,N,正常状态,0,故障类型：正常状态,"故障类型：正常状态
诊断依据：模型判断该包络时频图整体能量分布较平稳，未呈现明显的周期性冲击或异常能量集中，结合当前工况更符合正常运行状态。当前工况为 20 Hz、0 V。
维护建议：建议保持常规监测，持续记录振动趋势；若后续能量分布或冲击特征发生明显变化，应及时复检。"
comb_20_0_000417,data/processed/images/all/sample_CF_20_0_000417.png,CF,混合故障,N,正常状态,0,故障类型：正常状态,"故障类型：正常状态
诊断依据：模型判断该包络时频图整体能量分布较平稳，未呈现明显的周期性冲击或异常能量集中，结合当前工况更符合正常运行状态。当前工况为 20 Hz、0 V。
维护建议：建议保持常规监测，持续记录振动趋势；若后续能量分布或冲击特征发生明显变化，应及时复检。"
comb_20_0_000418,data/processed/images/all/sample_CF_20_0_000418.png,CF,混合故障,N,正常状态,0,故障类型：正常状态,"故障类型：正常状态
诊断依据：模型判断该包络时频图整体能量分布较平稳，未呈现明显的周期性冲击或异常能量集中，结合当前工况更符合正常运行状态。当前工况为 20 Hz、0 V。
维护建议：建议保持常规监测，持续记录振动趋势；若后续能量分布或冲击特征发生明显变化，应及时复检。"
comb_20_0_000419,data/processed/images/all/sample_CF_20_0_000419.png,CF,混合故障,CF,混合故障,1,故障类型：混合故障,"故障类型：混合故障
诊断依据：模型判断该包络时频图中呈现多组冲击成分和较复杂的能量分布，可能对应多部位共同损伤引起的复合振动特征。当前工况为 20 Hz、0 V。
维护建议：建议同时检查轴承内圈和外圈，并优先安排停机检测，避免复合故障进一步扩展。"
comb_20_0_000420,data/processed/images/all/sample_CF_20_0_000420.png,CF,混合故障,IF,内圈故障,0,故障类型：内圈故障,"故障类型：内圈故障
诊断依据：模型判断该包络时频图中存在较明显的周期性冲击和调制成分，结合当前转速与负载工况，更符合内圈故障特征。当前工况为 20 Hz、0 V。
维护建议：建议重点检查轴承内圈表面损伤情况，并结合历史振动趋势评估故障发展速度。"
comb_20_0_000421,data/processed/images/all/sample_CF_20_0_000421.png,CF,混合故障,IF,内圈故障,0,故障类型：内圈故障,"故障类型：内圈故障
诊断依据：模型判断该包络时频图中存在较明显的周期性冲击和调制成分，结合当前转速与负载工况，更符合内圈故障特征。当前工况为 20 Hz、0 V。
维护建议：建议重点检查轴承内圈表面损伤情况，并结合历史振动趋势评估故障发展速度。"
comb_20_0_000422,data/processed/images/all/sample_CF_20_0_000422.png,CF,混合故障,CF,混合故障,1,故障类型：混合故障,"故障类型：混合故障
诊断依据：模型判断该包络时频图中呈现多组冲击成分和较复杂的能量分布，可能对应多部位共同损伤引起的复合振动特征。当前工况为 20 Hz、0 V。
维护建议：建议同时检查轴承内圈和外圈，并优先安排停机检测，避免复合故障进一步扩展。"
comb_20_0_000423,data/processed/images/all/sample_CF_20_0_000423.png,CF,混合故障,IF,内圈故障,0,故障类型：内圈故障,"故障类型：内圈故障
诊断依据：模型判断该包络时频图中存在较明显的周期性冲击和调制成分，结合当前转速与负载工况，更符合内圈故障特征。当前工况为 20 Hz、0 V。
维护建议：建议重点检查轴承内圈表面损伤情况，并结合历史振动趋势评估故障发展速度。"
comb_20_0_000424,data/processed/images/all/sample_CF_20_0_000424.png,CF,混合故障,BF,滚动体故障,0,故障类型：滚动体故障,"故障类型：滚动体故障
诊断依据：模型判断该包络时频图中存在局部冲击和调制特征，结合行星齿轮箱三方向振动信息，更符合滚动体故障表现。当前工况为 20 Hz、0 V。
维护建议：建议重点检查滚动体表面是否存在磨损、点蚀或剥落，并结合包络谱或现场巡检进一步确认故障程度。"
comb_20_0_000425,data/processed/images/all/sample_CF_20_0_000425.png,CF,混合故障,BF,滚动体故障,0,故障类型：滚动体故障,"故障类型：滚动体故障
诊断依据：模型判断该包络时频图中存在局部冲击和调制特征，结合行星齿轮箱三方向振动信息，更符合滚动体故障表现。当前工况为 20 Hz、0 V。
维护建议：建议重点检查滚动体表面是否存在磨损、点蚀或剥落，并结合包络谱或现场巡检进一步确认故障程度。"
comb_20_0_000426,data/processed/images/all/sample_CF_20_0_000426.png,CF,混合故障,CF,混合故障,1,故障类型：混合故障,"故障类型：混合故障
诊断依据：模型判断该包络时频图中呈现多组冲击成分和较复杂的能量分布，可能对应多部位共同损伤引起的复合振动特征。当前工况为 20 Hz、0 V。
维护建议：建议同时检查轴承内圈和外圈，并优先安排停机检测，避免复合故障进一步扩展。"
comb_20_0_000427,data/processed/images/all/sample_CF_20_0_000427.png,CF,混合故障,CF,混合故障,1,故障类型：混合故障,"故障类型：混合故障
诊断依据：模型判断该包络时频图中呈现多组冲击成分和较复杂的能量分布，可能对应多部位共同损伤引起的复合振动特征。当前工况为 20 Hz、0 V。
维护建议：建议同时检查轴承内圈和外圈，并优先安排停机检测，避免复合故障进一步扩展。"
comb_20_0_000428,data/processed/images/all/sample_CF_20_0_000428.png,CF,混合故障,CF,混合故障,1,故障类型：混合故障,"故障类型：混合故障
诊断依据：模型判断该包络时频图中呈现多组冲击成分和较复杂的能量分布，可能对应多部位共同损伤引起的复合振动特征。当前工况为 20 Hz、0 V。
维护建议：建议同时检查轴承内圈和外圈，并优先安排停机检测，避免复合故障进一步扩展。"
comb_20_0_000429,data/processed/images/all/sample_CF_20_0_000429.png,CF,混合故障,CF,混合故障,1,故障类型：混合故障,"故障类型：混合故障
诊断依据：模型判断该包络时频图中呈现多组冲击成分和较复杂的能量分布，可能对应多部位共同损伤引起的复合振动特征。当前工况为 20 Hz、0 V。
维护建议：建议同时检查轴承内圈和外圈，并优先安排停机检测，避免复合故障进一步扩展。"
comb_20_0_000430,data/processed/images/all/sample_CF_20_0_000430.png,CF,混合故障,OF,外圈故障,0,故障类型：外圈故障,"故障类型：外圈故障
诊断依据：模型判断该包络时频图中存在相对稳定的冲击响应和局部频带能量增强，整体更符合外圈局部损伤特征。当前工况为 20 Hz、0 V。
维护建议：建议检查轴承外圈固定区域是否存在剥落、裂纹或异常磨损，必要时安排停机复检。"
comb_20_0_000431,data/processed/images/all/sample_CF_20_0_000431.png,CF,混合故障,CF,混合故障,1,故障类型：混合故障,"故障类型：混合故障
诊断依据：模型判断该包络时频图中呈现多组冲击成分和较复杂的能量分布，可能对应多部位共同损伤引起的复合振动特征。当前工况为 20 Hz、0 V。
维护建议：建议同时检查轴承内圈和外圈，并优先安排停机检测，避免复合故障进一步扩展。"
comb_20_0_000432,data/processed/images/all/sample_CF_20_0_000432.png,CF,混合故障,CF,混合故障,1,故障类型：混合故障,"故障类型：混合故障
诊断依据：模型判断该包络时频图中呈现多组冲击成分和较复杂的能量分布，可能对应多部位共同损伤引起的复合振动特征。当前工况为 20 Hz、0 V。
维护建议：建议同时检查轴承内圈和外圈，并优先安排停机检测，避免复合故障进一步扩展。"
comb_20_0_000433,data/processed/images/all/sample_CF_20_0_000433.png,CF,混合故障,OF,外圈故障,0,故障类型：外圈故障,"故障类型：外圈故障
诊断依据：模型判断该包络时频图中存在相对稳定的冲击响应和局部频带能量增强，整体更符合外圈局部损伤特征。当前工况为 20 Hz、0 V。
维护建议：建议检查轴承外圈固定区域是否存在剥落、裂纹或异常磨损，必要时安排停机复检。"
comb_20_0_000434,data/processed/images/all/sample_CF_20_0_000434.png,CF,混合故障,CF,混合故障,1,故障类型：混合故障,"故障类型：混合故障
诊断依据：模型判断该包络时频图中呈现多组冲击成分和较复杂的能量分布，可能对应多部位共同损伤引起的复合振动特征。当前工况为 20 Hz、0 V。
维护建议：建议同时检查轴承内圈和外圈，并优先安排停机检测，避免复合故障进一步扩展。"
comb_20_0_000435,data/processed/images/all/sample_CF_20_0_000435.png,CF,混合故障,IF,内圈故障,0,故障类型：内圈故障,"故障类型：内圈故障
诊断依据：模型判断该包络时频图中存在较明显的周期性冲击和调制成分，结合当前转速与负载工况，更符合内圈故障特征。当前工况为 20 Hz、0 V。
维护建议：建议重点检查轴承内圈表面损伤情况，并结合历史振动趋势评估故障发展速度。"
comb_20_0_000436,data/processed/images/all/sample_CF_20_0_000436.png,CF,混合故障,CF,混合故障,1,故障类型：混合故障,"故障类型：混合故障
诊断依据：模型判断该包络时频图中呈现多组冲击成分和较复杂的能量分布，可能对应多部位共同损伤引起的复合振动特征。当前工况为 20 Hz、0 V。
维护建议：建议同时检查轴承内圈和外圈，并优先安排停机检测，避免复合故障进一步扩展。"
comb_20_0_000437,data/processed/images/all/sample_CF_20_0_000437.png,CF,混合故障,IF,内圈故障,0,故障类型：内圈故障,"故障类型：内圈故障
诊断依据：模型判断该包络时频图中存在较明显的周期性冲击和调制成分，结合当前转速与负载工况，更符合内圈故障特征。当前工况为 20 Hz、0 V。
维护建议：建议重点检查轴承内圈表面损伤情况，并结合历史振动趋势评估故障发展速度。"
comb_20_0_000438,data/processed/images/all/sample_CF_20_0_000438.png,CF,混合故障,N,正常状态,0,故障类型：正常状态,"故障类型：正常状态
诊断依据：模型判断该包络时频图整体能量分布较平稳，未呈现明显的周期性冲击或异常能量集中，结合当前工况更符合正常运行状态。当前工况为 20 Hz、0 V。
维护建议：建议保持常规监测，持续记录振动趋势；若后续能量分布或冲击特征发生明显变化，应及时复检。"
comb_20_0_000439,data/processed/images/all/sample_CF_20_0_000439.png,CF,混合故障,IF,内圈故障,0,故障类型：内圈故障,"故障类型：内圈故障
诊断依据：模型判断该包络时频图中存在较明显的周期性冲击和调制成分，结合当前转速与负载工况，更符合内圈故障特征。当前工况为 20 Hz、0 V。
维护建议：建议重点检查轴承内圈表面损伤情况，并结合历史振动趋势评估故障发展速度。"
comb_20_0_000440,data/processed/images/all/sample_CF_20_0_000440.png,CF,混合故障,CF,混合故障,1,故障类型：混合故障,"故障类型：混合故障
诊断依据：模型判断该包络时频图中呈现多组冲击成分和较复杂的能量分布，可能对应多部位共同损伤引起的复合振动特征。当前工况为 20 Hz、0 V。
维护建议：建议同时检查轴承内圈和外圈，并优先安排停机检测，避免复合故障进一步扩展。"
comb_20_0_000441,data/processed/images/all/sample_CF_20_0_000441.png,CF,混合故障,IF,内圈故障,0,故障类型：内圈故障,"故障类型：内圈故障
诊断依据：模型判断该包络时频图中存在较明显的周期性冲击和调制成分，结合当前转速与负载工况，更符合内圈故障特征。当前工况为 20 Hz、0 V。
维护建议：建议重点检查轴承内圈表面损伤情况，并结合历史振动趋势评估故障发展速度。"
comb_20_0_000442,data/processed/images/all/sample_CF_20_0_000442.png,CF,混合故障,OF,外圈故障,0,故障类型：外圈故障,"故障类型：外圈故障
诊断依据：模型判断该包络时频图中存在相对稳定的冲击响应和局部频带能量增强，整体更符合外圈局部损伤特征。当前工况为 20 Hz、0 V。
维护建议：建议检查轴承外圈固定区域是否存在剥落、裂纹或异常磨损，必要时安排停机复检。"
comb_20_0_000443,data/processed/images/all/sample_CF_20_0_000443.png,CF,混合故障,N,正常状态,0,故障类型：正常状态,"故障类型：正常状态
诊断依据：模型判断该包络时频图整体能量分布较平稳，未呈现明显的周期性冲击或异常能量集中，结合当前工况更符合正常运行状态。当前工况为 20 Hz、0 V。
维护建议：建议保持常规监测，持续记录振动趋势；若后续能量分布或冲击特征发生明显变化，应及时复检。"
comb_20_0_000444,data/processed/images/all/sample_CF_20_0_000444.png,CF,混合故障,N,正常状态,0,故障类型：正常状态,"故障类型：正常状态
诊断依据：模型判断该包络时频图整体能量分布较平稳，未呈现明显的周期性冲击或异常能量集中，结合当前工况更符合正常运行状态。当前工况为 20 Hz、0 V。
维护建议：建议保持常规监测，持续记录振动趋势；若后续能量分布或冲击特征发生明显变化，应及时复检。"
comb_20_0_000445,data/processed/images/all/sample_CF_20_0_000445.png,CF,混合故障,CF,混合故障,1,故障类型：混合故障,"故障类型：混合故障
诊断依据：模型判断该包络时频图中呈现多组冲击成分和较复杂的能量分布，可能对应多部位共同损伤引起的复合振动特征。当前工况为 20 Hz、0 V。
维护建议：建议同时检查轴承内圈和外圈，并优先安排停机检测，避免复合故障进一步扩展。"
comb_20_0_000446,data/processed/images/all/sample_CF_20_0_000446.png,CF,混合故障,CF,混合故障,1,故障类型：混合故障,"故障类型：混合故障
诊断依据：模型判断该包络时频图中呈现多组冲击成分和较复杂的能量分布，可能对应多部位共同损伤引起的复合振动特征。当前工况为 20 Hz、0 V。
维护建议：建议同时检查轴承内圈和外圈，并优先安排停机检测，避免复合故障进一步扩展。"
comb_20_0_000447,data/processed/images/all/sample_CF_20_0_000447.png,CF,混合故障,IF,内圈故障,0,故障类型：内圈故障,"故障类型：内圈故障
诊断依据：模型判断该包络时频图中存在较明显的周期性冲击和调制成分，结合当前转速与负载工况，更符合内圈故障特征。当前工况为 20 Hz、0 V。
维护建议：建议重点检查轴承内圈表面损伤情况，并结合历史振动趋势评估故障发展速度。"
comb_20_0_000448,data/processed/images/all/sample_CF_20_0_000448.png,CF,混合故障,IF,内圈故障,0,故障类型：内圈故障,"故障类型：内圈故障
诊断依据：模型判断该包络时频图中存在较明显的周期性冲击和调制成分，结合当前转速与负载工况，更符合内圈故障特征。当前工况为 20 Hz、0 V。
维护建议：建议重点检查轴承内圈表面损伤情况，并结合历史振动趋势评估故障发展速度。"
comb_20_0_000449,data/processed/images/all/sample_CF_20_0_000449.png,CF,混合故障,BF,滚动体故障,0,故障类型：滚动体故障,"故障类型：滚动体故障
诊断依据：模型判断该包络时频图中存在局部冲击和调制特征，结合行星齿轮箱三方向振动信息，更符合滚动体故障表现。当前工况为 20 Hz、0 V。
维护建议：建议重点检查滚动体表面是否存在磨损、点蚀或剥落，并结合包络谱或现场巡检进一步确认故障程度。"
comb_20_0_000450,data/processed/images/all/sample_CF_20_0_000450.png,CF,混合故障,CF,混合故障,1,故障类型：混合故障,"故障类型：混合故障
诊断依据：模型判断该包络时频图中呈现多组冲击成分和较复杂的能量分布，可能对应多部位共同损伤引起的复合振动特征。当前工况为 20 Hz、0 V。
维护建议：建议同时检查轴承内圈和外圈，并优先安排停机检测，避免复合故障进一步扩展。"
comb_20_0_000451,data/processed/images/all/sample_CF_20_0_000451.png,CF,混合故障,CF,混合故障,1,故障类型：混合故障,"故障类型：混合故障
诊断依据：模型判断该包络时频图中呈现多组冲击成分和较复杂的能量分布，可能对应多部位共同损伤引起的复合振动特征。当前工况为 20 Hz、0 V。
维护建议：建议同时检查轴承内圈和外圈，并优先安排停机检测，避免复合故障进一步扩展。"
comb_20_0_000452,data/processed/images/all/sample_CF_20_0_000452.png,CF,混合故障,CF,混合故障,1,故障类型：混合故障,"故障类型：混合故障
诊断依据：模型判断该包络时频图中呈现多组冲击成分和较复杂的能量分布，可能对应多部位共同损伤引起的复合振动特征。当前工况为 20 Hz、0 V。
维护建议：建议同时检查轴承内圈和外圈，并优先安排停机检测，避免复合故障进一步扩展。"
comb_20_0_000453,data/processed/images/all/sample_CF_20_0_000453.png,CF,混合故障,CF,混合故障,1,故障类型：混合故障,"故障类型：混合故障
诊断依据：模型判断该包络时频图中呈现多组冲击成分和较复杂的能量分布，可能对应多部位共同损伤引起的复合振动特征。当前工况为 20 Hz、0 V。
维护建议：建议同时检查轴承内圈和外圈，并优先安排停机检测，避免复合故障进一步扩展。"
comb_20_0_000454,data/processed/images/all/sample_CF_20_0_000454.png,CF,混合故障,OF,外圈故障,0,故障类型：外圈故障,"故障类型：外圈故障
诊断依据：模型判断该包络时频图中存在相对稳定的冲击响应和局部频带能量增强，整体更符合外圈局部损伤特征。当前工况为 20 Hz、0 V。
维护建议：建议检查轴承外圈固定区域是否存在剥落、裂纹或异常磨损，必要时安排停机复检。"
comb_20_0_000455,data/processed/images/all/sample_CF_20_0_000455.png,CF,混合故障,CF,混合故障,1,故障类型：混合故障,"故障类型：混合故障
诊断依据：模型判断该包络时频图中呈现多组冲击成分和较复杂的能量分布，可能对应多部位共同损伤引起的复合振动特征。当前工况为 20 Hz、0 V。
维护建议：建议同时检查轴承内圈和外圈，并优先安排停机检测，避免复合故障进一步扩展。"
comb_20_0_000456,data/processed/images/all/sample_CF_20_0_000456.png,CF,混合故障,CF,混合故障,1,故障类型：混合故障,"故障类型：混合故障
诊断依据：模型判断该包络时频图中呈现多组冲击成分和较复杂的能量分布，可能对应多部位共同损伤引起的复合振动特征。当前工况为 20 Hz、0 V。
维护建议：建议同时检查轴承内圈和外圈，并优先安排停机检测，避免复合故障进一步扩展。"
comb_20_0_000457,data/processed/images/all/sample_CF_20_0_000457.png,CF,混合故障,CF,混合故障,1,故障类型：混合故障,"故障类型：混合故障
诊断依据：模型判断该包络时频图中呈现多组冲击成分和较复杂的能量分布，可能对应多部位共同损伤引起的复合振动特征。当前工况为 20 Hz、0 V。
维护建议：建议同时检查轴承内圈和外圈，并优先安排停机检测，避免复合故障进一步扩展。"
comb_20_0_000458,data/processed/images/all/sample_CF_20_0_000458.png,CF,混合故障,N,正常状态,0,故障类型：正常状态,"故障类型：正常状态
诊断依据：模型判断该包络时频图整体能量分布较平稳，未呈现明显的周期性冲击或异常能量集中，结合当前工况更符合正常运行状态。当前工况为 20 Hz、0 V。
维护建议：建议保持常规监测，持续记录振动趋势；若后续能量分布或冲击特征发生明显变化，应及时复检。"
comb_20_0_000459,data/processed/images/all/sample_CF_20_0_000459.png,CF,混合故障,IF,内圈故障,0,故障类型：内圈故障,"故障类型：内圈故障
诊断依据：模型判断该包络时频图中存在较明显的周期性冲击和调制成分，结合当前转速与负载工况，更符合内圈故障特征。当前工况为 20 Hz、0 V。
维护建议：建议重点检查轴承内圈表面损伤情况，并结合历史振动趋势评估故障发展速度。"
comb_20_0_000460,data/processed/images/all/sample_CF_20_0_000460.png,CF,混合故障,IF,内圈故障,0,故障类型：内圈故障,"故障类型：内圈故障
诊断依据：模型判断该包络时频图中存在较明显的周期性冲击和调制成分，结合当前转速与负载工况，更符合内圈故障特征。当前工况为 20 Hz、0 V。
维护建议：建议重点检查轴承内圈表面损伤情况，并结合历史振动趋势评估故障发展速度。"
comb_20_0_000461,data/processed/images/all/sample_CF_20_0_000461.png,CF,混合故障,OF,外圈故障,0,故障类型：外圈故障,"故障类型：外圈故障
诊断依据：模型判断该包络时频图中存在相对稳定的冲击响应和局部频带能量增强，整体更符合外圈局部损伤特征。当前工况为 20 Hz、0 V。
维护建议：建议检查轴承外圈固定区域是否存在剥落、裂纹或异常磨损，必要时安排停机复检。"
comb_20_0_000462,data/processed/images/all/sample_CF_20_0_000462.png,CF,混合故障,OF,外圈故障,0,故障类型：外圈故障,"故障类型：外圈故障
诊断依据：模型判断该包络时频图中存在相对稳定的冲击响应和局部频带能量增强，整体更符合外圈局部损伤特征。当前工况为 20 Hz、0 V。
维护建议：建议检查轴承外圈固定区域是否存在剥落、裂纹或异常磨损，必要时安排停机复检。"
comb_20_0_000463,data/processed/images/all/sample_CF_20_0_000463.png,CF,混合故障,CF,混合故障,1,故障类型：混合故障,"故障类型：混合故障
诊断依据：模型判断该包络时频图中呈现多组冲击成分和较复杂的能量分布，可能对应多部位共同损伤引起的复合振动特征。当前工况为 20 Hz、0 V。
维护建议：建议同时检查轴承内圈和外圈，并优先安排停机检测，避免复合故障进一步扩展。"
comb_20_0_000464,data/processed/images/all/sample_CF_20_0_000464.png,CF,混合故障,CF,混合故障,1,故障类型：混合故障,"故障类型：混合故障
诊断依据：模型判断该包络时频图中呈现多组冲击成分和较复杂的能量分布，可能对应多部位共同损伤引起的复合振动特征。当前工况为 20 Hz、0 V。
维护建议：建议同时检查轴承内圈和外圈，并优先安排停机检测，避免复合故障进一步扩展。"
comb_20_0_000465,data/processed/images/all/sample_CF_20_0_000465.png,CF,混合故障,IF,内圈故障,0,故障类型：内圈故障,"故障类型：内圈故障
诊断依据：模型判断该包络时频图中存在较明显的周期性冲击和调制成分，结合当前转速与负载工况，更符合内圈故障特征。当前工况为 20 Hz、0 V。
维护建议：建议重点检查轴承内圈表面损伤情况，并结合历史振动趋势评估故障发展速度。"
comb_20_0_000466,data/processed/images/all/sample_CF_20_0_000466.png,CF,混合故障,CF,混合故障,1,故障类型：混合故障,"故障类型：混合故障
诊断依据：模型判断该包络时频图中呈现多组冲击成分和较复杂的能量分布，可能对应多部位共同损伤引起的复合振动特征。当前工况为 20 Hz、0 V。
维护建议：建议同时检查轴承内圈和外圈，并优先安排停机检测，避免复合故障进一步扩展。"
comb_20_0_000467,data/processed/images/all/sample_CF_20_0_000467.png,CF,混合故障,IF,内圈故障,0,故障类型：内圈故障,"故障类型：内圈故障
诊断依据：模型判断该包络时频图中存在较明显的周期性冲击和调制成分，结合当前转速与负载工况，更符合内圈故障特征。当前工况为 20 Hz、0 V。
维护建议：建议重点检查轴承内圈表面损伤情况，并结合历史振动趋势评估故障发展速度。"
comb_20_0_000468,data/processed/images/all/sample_CF_20_0_000468.png,CF,混合故障,IF,内圈故障,0,故障类型：内圈故障,"故障类型：内圈故障
诊断依据：模型判断该包络时频图中存在较明显的周期性冲击和调制成分，结合当前转速与负载工况，更符合内圈故障特征。当前工况为 20 Hz、0 V。
维护建议：建议重点检查轴承内圈表面损伤情况，并结合历史振动趋势评估故障发展速度。"
comb_20_0_000469,data/processed/images/all/sample_CF_20_0_000469.png,CF,混合故障,CF,混合故障,1,故障类型：混合故障,"故障类型：混合故障
诊断依据：模型判断该包络时频图中呈现多组冲击成分和较复杂的能量分布，可能对应多部位共同损伤引起的复合振动特征。当前工况为 20 Hz、0 V。
维护建议：建议同时检查轴承内圈和外圈，并优先安排停机检测，避免复合故障进一步扩展。"
comb_20_0_000470,data/processed/images/all/sample_CF_20_0_000470.png,CF,混合故障,BF,滚动体故障,0,故障类型：滚动体故障,"故障类型：滚动体故障
诊断依据：模型判断该包络时频图中存在局部冲击和调制特征，结合行星齿轮箱三方向振动信息，更符合滚动体故障表现。当前工况为 20 Hz、0 V。
维护建议：建议重点检查滚动体表面是否存在磨损、点蚀或剥落，并结合包络谱或现场巡检进一步确认故障程度。"
comb_20_0_000471,data/processed/images/all/sample_CF_20_0_000471.png,CF,混合故障,BF,滚动体故障,0,故障类型：滚动体故障,"故障类型：滚动体故障
诊断依据：模型判断该包络时频图中存在局部冲击和调制特征，结合行星齿轮箱三方向振动信息，更符合滚动体故障表现。当前工况为 20 Hz、0 V。
维护建议：建议重点检查滚动体表面是否存在磨损、点蚀或剥落，并结合包络谱或现场巡检进一步确认故障程度。"
comb_20_0_000472,data/processed/images/all/sample_CF_20_0_000472.png,CF,混合故障,CF,混合故障,1,故障类型：混合故障,"故障类型：混合故障
诊断依据：模型判断该包络时频图中呈现多组冲击成分和较复杂的能量分布，可能对应多部位共同损伤引起的复合振动特征。当前工况为 20 Hz、0 V。
维护建议：建议同时检查轴承内圈和外圈，并优先安排停机检测，避免复合故障进一步扩展。"
comb_20_0_000473,data/processed/images/all/sample_CF_20_0_000473.png,CF,混合故障,CF,混合故障,1,故障类型：混合故障,"故障类型：混合故障
诊断依据：模型判断该包络时频图中呈现多组冲击成分和较复杂的能量分布，可能对应多部位共同损伤引起的复合振动特征。当前工况为 20 Hz、0 V。
维护建议：建议同时检查轴承内圈和外圈，并优先安排停机检测，避免复合故障进一步扩展。"
comb_20_0_000474,data/processed/images/all/sample_CF_20_0_000474.png,CF,混合故障,CF,混合故障,1,故障类型：混合故障,"故障类型：混合故障
诊断依据：模型判断该包络时频图中呈现多组冲击成分和较复杂的能量分布，可能对应多部位共同损伤引起的复合振动特征。当前工况为 20 Hz、0 V。
维护建议：建议同时检查轴承内圈和外圈，并优先安排停机检测，避免复合故障进一步扩展。"
comb_20_0_000475,data/processed/images/all/sample_CF_20_0_000475.png,CF,混合故障,CF,混合故障,1,故障类型：混合故障,"故障类型：混合故障
诊断依据：模型判断该包络时频图中呈现多组冲击成分和较复杂的能量分布，可能对应多部位共同损伤引起的复合振动特征。当前工况为 20 Hz、0 V。
维护建议：建议同时检查轴承内圈和外圈，并优先安排停机检测，避免复合故障进一步扩展。"
comb_20_0_000476,data/processed/images/all/sample_CF_20_0_000476.png,CF,混合故障,CF,混合故障,1,故障类型：混合故障,"故障类型：混合故障
诊断依据：模型判断该包络时频图中呈现多组冲击成分和较复杂的能量分布，可能对应多部位共同损伤引起的复合振动特征。当前工况为 20 Hz、0 V。
维护建议：建议同时检查轴承内圈和外圈，并优先安排停机检测，避免复合故障进一步扩展。"
comb_20_0_000477,data/processed/images/all/sample_CF_20_0_000477.png,CF,混合故障,CF,混合故障,1,故障类型：混合故障,"故障类型：混合故障
诊断依据：模型判断该包络时频图中呈现多组冲击成分和较复杂的能量分布，可能对应多部位共同损伤引起的复合振动特征。当前工况为 20 Hz、0 V。
维护建议：建议同时检查轴承内圈和外圈，并优先安排停机检测，避免复合故障进一步扩展。"
comb_20_0_000478,data/processed/images/all/sample_CF_20_0_000478.png,CF,混合故障,CF,混合故障,1,故障类型：混合故障,"故障类型：混合故障
诊断依据：模型判断该包络时频图中呈现多组冲击成分和较复杂的能量分布，可能对应多部位共同损伤引起的复合振动特征。当前工况为 20 Hz、0 V。
维护建议：建议同时检查轴承内圈和外圈，并优先安排停机检测，避免复合故障进一步扩展。"
comb_20_0_000479,data/processed/images/all/sample_CF_20_0_000479.png,CF,混合故障,IF,内圈故障,0,故障类型：内圈故障,"故障类型：内圈故障
诊断依据：模型判断该包络时频图中存在较明显的周期性冲击和调制成分，结合当前转速与负载工况，更符合内圈故障特征。当前工况为 20 Hz、0 V。
维护建议：建议重点检查轴承内圈表面损伤情况，并结合历史振动趋势评估故障发展速度。"
comb_20_0_000480,data/processed/images/all/sample_CF_20_0_000480.png,CF,混合故障,IF,内圈故障,0,故障类型：内圈故障,"故障类型：内圈故障
诊断依据：模型判断该包络时频图中存在较明显的周期性冲击和调制成分，结合当前转速与负载工况，更符合内圈故障特征。当前工况为 20 Hz、0 V。
维护建议：建议重点检查轴承内圈表面损伤情况，并结合历史振动趋势评估故障发展速度。"
comb_20_0_000481,data/processed/images/all/sample_CF_20_0_000481.png,CF,混合故障,CF,混合故障,1,故障类型：混合故障,"故障类型：混合故障
诊断依据：模型判断该包络时频图中呈现多组冲击成分和较复杂的能量分布，可能对应多部位共同损伤引起的复合振动特征。当前工况为 20 Hz、0 V。
维护建议：建议同时检查轴承内圈和外圈，并优先安排停机检测，避免复合故障进一步扩展。"
comb_20_0_000482,data/processed/images/all/sample_CF_20_0_000482.png,CF,混合故障,CF,混合故障,1,故障类型：混合故障,"故障类型：混合故障
诊断依据：模型判断该包络时频图中呈现多组冲击成分和较复杂的能量分布，可能对应多部位共同损伤引起的复合振动特征。当前工况为 20 Hz、0 V。
维护建议：建议同时检查轴承内圈和外圈，并优先安排停机检测，避免复合故障进一步扩展。"
comb_20_0_000483,data/processed/images/all/sample_CF_20_0_000483.png,CF,混合故障,CF,混合故障,1,故障类型：混合故障,"故障类型：混合故障
诊断依据：模型判断该包络时频图中呈现多组冲击成分和较复杂的能量分布，可能对应多部位共同损伤引起的复合振动特征。当前工况为 20 Hz、0 V。
维护建议：建议同时检查轴承内圈和外圈，并优先安排停机检测，避免复合故障进一步扩展。"
comb_20_0_000484,data/processed/images/all/sample_CF_20_0_000484.png,CF,混合故障,CF,混合故障,1,故障类型：混合故障,"故障类型：混合故障
诊断依据：模型判断该包络时频图中呈现多组冲击成分和较复杂的能量分布，可能对应多部位共同损伤引起的复合振动特征。当前工况为 20 Hz、0 V。
维护建议：建议同时检查轴承内圈和外圈，并优先安排停机检测，避免复合故障进一步扩展。"
comb_20_0_000485,data/processed/images/all/sample_CF_20_0_000485.png,CF,混合故障,BF,滚动体故障,0,故障类型：滚动体故障,"故障类型：滚动体故障
诊断依据：模型判断该包络时频图中存在局部冲击和调制特征，结合行星齿轮箱三方向振动信息，更符合滚动体故障表现。当前工况为 20 Hz、0 V。
维护建议：建议重点检查滚动体表面是否存在磨损、点蚀或剥落，并结合包络谱或现场巡检进一步确认故障程度。"
comb_20_0_000486,data/processed/images/all/sample_CF_20_0_000486.png,CF,混合故障,IF,内圈故障,0,故障类型：内圈故障,"故障类型：内圈故障
诊断依据：模型判断该包络时频图中存在较明显的周期性冲击和调制成分，结合当前转速与负载工况，更符合内圈故障特征。当前工况为 20 Hz、0 V。
维护建议：建议重点检查轴承内圈表面损伤情况，并结合历史振动趋势评估故障发展速度。"
comb_20_0_000487,data/processed/images/all/sample_CF_20_0_000487.png,CF,混合故障,CF,混合故障,1,故障类型：混合故障,"故障类型：混合故障
诊断依据：模型判断该包络时频图中呈现多组冲击成分和较复杂的能量分布，可能对应多部位共同损伤引起的复合振动特征。当前工况为 20 Hz、0 V。
维护建议：建议同时检查轴承内圈和外圈，并优先安排停机检测，避免复合故障进一步扩展。"
comb_20_0_000488,data/processed/images/all/sample_CF_20_0_000488.png,CF,混合故障,IF,内圈故障,0,故障类型：内圈故障,"故障类型：内圈故障
诊断依据：模型判断该包络时频图中存在较明显的周期性冲击和调制成分，结合当前转速与负载工况，更符合内圈故障特征。当前工况为 20 Hz、0 V。
维护建议：建议重点检查轴承内圈表面损伤情况，并结合历史振动趋势评估故障发展速度。"
comb_20_0_000489,data/processed/images/all/sample_CF_20_0_000489.png,CF,混合故障,IF,内圈故障,0,故障类型：内圈故障,"故障类型：内圈故障
诊断依据：模型判断该包络时频图中存在较明显的周期性冲击和调制成分，结合当前转速与负载工况，更符合内圈故障特征。当前工况为 20 Hz、0 V。
维护建议：建议重点检查轴承内圈表面损伤情况，并结合历史振动趋势评估故障发展速度。"
comb_20_0_000490,data/processed/images/all/sample_CF_20_0_000490.png,CF,混合故障,N,正常状态,0,故障类型：正常状态,"故障类型：正常状态
诊断依据：模型判断该包络时频图整体能量分布较平稳，未呈现明显的周期性冲击或异常能量集中，结合当前工况更符合正常运行状态。当前工况为 20 Hz、0 V。
维护建议：建议保持常规监测，持续记录振动趋势；若后续能量分布或冲击特征发生明显变化，应及时复检。"
comb_20_0_000491,data/processed/images/all/sample_CF_20_0_000491.png,CF,混合故障,IF,内圈故障,0,故障类型：内圈故障,"故障类型：内圈故障
诊断依据：模型判断该包络时频图中存在较明显的周期性冲击和调制成分，结合当前转速与负载工况，更符合内圈故障特征。当前工况为 20 Hz、0 V。
维护建议：建议重点检查轴承内圈表面损伤情况，并结合历史振动趋势评估故障发展速度。"
comb_20_0_000492,data/processed/images/all/sample_CF_20_0_000492.png,CF,混合故障,BF,滚动体故障,0,故障类型：滚动体故障,"故障类型：滚动体故障
诊断依据：模型判断该包络时频图中存在局部冲击和调制特征，结合行星齿轮箱三方向振动信息，更符合滚动体故障表现。当前工况为 20 Hz、0 V。
维护建议：建议重点检查滚动体表面是否存在磨损、点蚀或剥落，并结合包络谱或现场巡检进一步确认故障程度。"
comb_20_0_000493,data/processed/images/all/sample_CF_20_0_000493.png,CF,混合故障,CF,混合故障,1,故障类型：混合故障,"故障类型：混合故障
诊断依据：模型判断该包络时频图中呈现多组冲击成分和较复杂的能量分布，可能对应多部位共同损伤引起的复合振动特征。当前工况为 20 Hz、0 V。
维护建议：建议同时检查轴承内圈和外圈，并优先安排停机检测，避免复合故障进一步扩展。"
comb_20_0_000494,data/processed/images/all/sample_CF_20_0_000494.png,CF,混合故障,N,正常状态,0,故障类型：正常状态,"故障类型：正常状态
诊断依据：模型判断该包络时频图整体能量分布较平稳，未呈现明显的周期性冲击或异常能量集中，结合当前工况更符合正常运行状态。当前工况为 20 Hz、0 V。
维护建议：建议保持常规监测，持续记录振动趋势；若后续能量分布或冲击特征发生明显变化，应及时复检。"
comb_20_0_000495,data/processed/images/all/sample_CF_20_0_000495.png,CF,混合故障,CF,混合故障,1,故障类型：混合故障,"故障类型：混合故障
诊断依据：模型判断该包络时频图中呈现多组冲击成分和较复杂的能量分布，可能对应多部位共同损伤引起的复合振动特征。当前工况为 20 Hz、0 V。
维护建议：建议同时检查轴承内圈和外圈，并优先安排停机检测，避免复合故障进一步扩展。"
comb_20_0_000496,data/processed/images/all/sample_CF_20_0_000496.png,CF,混合故障,CF,混合故障,1,故障类型：混合故障,"故障类型：混合故障
诊断依据：模型判断该包络时频图中呈现多组冲击成分和较复杂的能量分布，可能对应多部位共同损伤引起的复合振动特征。当前工况为 20 Hz、0 V。
维护建议：建议同时检查轴承内圈和外圈，并优先安排停机检测，避免复合故障进一步扩展。"
comb_20_0_000497,data/processed/images/all/sample_CF_20_0_000497.png,CF,混合故障,CF,混合故障,1,故障类型：混合故障,"故障类型：混合故障
诊断依据：模型判断该包络时频图中呈现多组冲击成分和较复杂的能量分布，可能对应多部位共同损伤引起的复合振动特征。当前工况为 20 Hz、0 V。
维护建议：建议同时检查轴承内圈和外圈，并优先安排停机检测，避免复合故障进一步扩展。"
comb_20_0_000498,data/processed/images/all/sample_CF_20_0_000498.png,CF,混合故障,CF,混合故障,1,故障类型：混合故障,"故障类型：混合故障
诊断依据：模型判断该包络时频图中呈现多组冲击成分和较复杂的能量分布，可能对应多部位共同损伤引起的复合振动特征。当前工况为 20 Hz、0 V。
维护建议：建议同时检查轴承内圈和外圈，并优先安排停机检测，避免复合故障进一步扩展。"
comb_20_0_000499,data/processed/images/all/sample_CF_20_0_000499.png,CF,混合故障,IF,内圈故障,0,故障类型：内圈故障,"故障类型：内圈故障
诊断依据：模型判断该包络时频图中存在较明显的周期性冲击和调制成分，结合当前转速与负载工况，更符合内圈故障特征。当前工况为 20 Hz、0 V。
维护建议：建议重点检查轴承内圈表面损伤情况，并结合历史振动趋势评估故障发展速度。"
comb_20_0_000500,data/processed/images/all/sample_CF_20_0_000500.png,CF,混合故障,CF,混合故障,1,故障类型：混合故障,"故障类型：混合故障
诊断依据：模型判断该包络时频图中呈现多组冲击成分和较复杂的能量分布，可能对应多部位共同损伤引起的复合振动特征。当前工况为 20 Hz、0 V。
维护建议：建议同时检查轴承内圈和外圈，并优先安排停机检测，避免复合故障进一步扩展。"
comb_20_0_000501,data/processed/images/all/sample_CF_20_0_000501.png,CF,混合故障,CF,混合故障,1,故障类型：混合故障,"故障类型：混合故障
诊断依据：模型判断该包络时频图中呈现多组冲击成分和较复杂的能量分布，可能对应多部位共同损伤引起的复合振动特征。当前工况为 20 Hz、0 V。
维护建议：建议同时检查轴承内圈和外圈，并优先安排停机检测，避免复合故障进一步扩展。"
comb_20_0_000502,data/processed/images/all/sample_CF_20_0_000502.png,CF,混合故障,CF,混合故障,1,故障类型：混合故障,"故障类型：混合故障
诊断依据：模型判断该包络时频图中呈现多组冲击成分和较复杂的能量分布，可能对应多部位共同损伤引起的复合振动特征。当前工况为 20 Hz、0 V。
维护建议：建议同时检查轴承内圈和外圈，并优先安排停机检测，避免复合故障进一步扩展。"
comb_20_0_000503,data/processed/images/all/sample_CF_20_0_000503.png,CF,混合故障,IF,内圈故障,0,故障类型：内圈故障,"故障类型：内圈故障
诊断依据：模型判断该包络时频图中存在较明显的周期性冲击和调制成分，结合当前转速与负载工况，更符合内圈故障特征。当前工况为 20 Hz、0 V。
维护建议：建议重点检查轴承内圈表面损伤情况，并结合历史振动趋势评估故障发展速度。"
comb_20_0_000504,data/processed/images/all/sample_CF_20_0_000504.png,CF,混合故障,CF,混合故障,1,故障类型：混合故障,"故障类型：混合故障
诊断依据：模型判断该包络时频图中呈现多组冲击成分和较复杂的能量分布，可能对应多部位共同损伤引起的复合振动特征。当前工况为 20 Hz、0 V。
维护建议：建议同时检查轴承内圈和外圈，并优先安排停机检测，避免复合故障进一步扩展。"
comb_20_0_000505,data/processed/images/all/sample_CF_20_0_000505.png,CF,混合故障,CF,混合故障,1,故障类型：混合故障,"故障类型：混合故障
诊断依据：模型判断该包络时频图中呈现多组冲击成分和较复杂的能量分布，可能对应多部位共同损伤引起的复合振动特征。当前工况为 20 Hz、0 V。
维护建议：建议同时检查轴承内圈和外圈，并优先安排停机检测，避免复合故障进一步扩展。"
comb_20_0_000506,data/processed/images/all/sample_CF_20_0_000506.png,CF,混合故障,N,正常状态,0,故障类型：正常状态,"故障类型：正常状态
诊断依据：模型判断该包络时频图整体能量分布较平稳，未呈现明显的周期性冲击或异常能量集中，结合当前工况更符合正常运行状态。当前工况为 20 Hz、0 V。
维护建议：建议保持常规监测，持续记录振动趋势；若后续能量分布或冲击特征发生明显变化，应及时复检。"
comb_20_0_000507,data/processed/images/all/sample_CF_20_0_000507.png,CF,混合故障,IF,内圈故障,0,故障类型：内圈故障,"故障类型：内圈故障
诊断依据：模型判断该包络时频图中存在较明显的周期性冲击和调制成分，结合当前转速与负载工况，更符合内圈故障特征。当前工况为 20 Hz、0 V。
维护建议：建议重点检查轴承内圈表面损伤情况，并结合历史振动趋势评估故障发展速度。"
comb_20_0_000508,data/processed/images/all/sample_CF_20_0_000508.png,CF,混合故障,N,正常状态,0,故障类型：正常状态,"故障类型：正常状态
诊断依据：模型判断该包络时频图整体能量分布较平稳，未呈现明显的周期性冲击或异常能量集中，结合当前工况更符合正常运行状态。当前工况为 20 Hz、0 V。
维护建议：建议保持常规监测，持续记录振动趋势；若后续能量分布或冲击特征发生明显变化，应及时复检。"
comb_20_0_000509,data/processed/images/all/sample_CF_20_0_000509.png,CF,混合故障,CF,混合故障,1,故障类型：混合故障,"故障类型：混合故障
诊断依据：模型判断该包络时频图中呈现多组冲击成分和较复杂的能量分布，可能对应多部位共同损伤引起的复合振动特征。当前工况为 20 Hz、0 V。
维护建议：建议同时检查轴承内圈和外圈，并优先安排停机检测，避免复合故障进一步扩展。"
comb_30_2_000407,data/processed/images/all/sample_CF_30_2_000407.png,CF,混合故障,OF,外圈故障,0,故障类型：外圈故障,"故障类型：外圈故障
诊断依据：模型判断该包络时频图中存在相对稳定的冲击响应和局部频带能量增强，整体更符合外圈局部损伤特征。当前工况为 30 Hz、2 V。
维护建议：建议检查轴承外圈固定区域是否存在剥落、裂纹或异常磨损，必要时安排停机复检。"
comb_30_2_000408,data/processed/images/all/sample_CF_30_2_000408.png,CF,混合故障,CF,混合故障,1,故障类型：混合故障,"故障类型：混合故障
诊断依据：模型判断该包络时频图中呈现多组冲击成分和较复杂的能量分布，可能对应多部位共同损伤引起的复合振动特征。当前工况为 30 Hz、2 V。
维护建议：建议同时检查轴承内圈和外圈，并优先安排停机检测，避免复合故障进一步扩展。"
comb_30_2_000409,data/processed/images/all/sample_CF_30_2_000409.png,CF,混合故障,BF,滚动体故障,0,故障类型：滚动体故障,"故障类型：滚动体故障
诊断依据：模型判断该包络时频图中存在局部冲击和调制特征，结合行星齿轮箱三方向振动信息，更符合滚动体故障表现。当前工况为 30 Hz、2 V。
维护建议：建议重点检查滚动体表面是否存在磨损、点蚀或剥落，并结合包络谱或现场巡检进一步确认故障程度。"
comb_30_2_000410,data/processed/images/all/sample_CF_30_2_000410.png,CF,混合故障,N,正常状态,0,故障类型：正常状态,"故障类型：正常状态
诊断依据：模型判断该包络时频图整体能量分布较平稳，未呈现明显的周期性冲击或异常能量集中，结合当前工况更符合正常运行状态。当前工况为 30 Hz、2 V。
维护建议：建议保持常规监测，持续记录振动趋势；若后续能量分布或冲击特征发生明显变化，应及时复检。"
comb_30_2_000411,data/processed/images/all/sample_CF_30_2_000411.png,CF,混合故障,OF,外圈故障,0,故障类型：外圈故障,"故障类型：外圈故障
诊断依据：模型判断该包络时频图中存在相对稳定的冲击响应和局部频带能量增强，整体更符合外圈局部损伤特征。当前工况为 30 Hz、2 V。
维护建议：建议检查轴承外圈固定区域是否存在剥落、裂纹或异常磨损，必要时安排停机复检。"
comb_30_2_000412,data/processed/images/all/sample_CF_30_2_000412.png,CF,混合故障,CF,混合故障,1,故障类型：混合故障,"故障类型：混合故障
诊断依据：模型判断该包络时频图中呈现多组冲击成分和较复杂的能量分布，可能对应多部位共同损伤引起的复合振动特征。当前工况为 30 Hz、2 V。
维护建议：建议同时检查轴承内圈和外圈，并优先安排停机检测，避免复合故障进一步扩展。"
comb_30_2_000413,data/processed/images/all/sample_CF_30_2_000413.png,CF,混合故障,N,正常状态,0,故障类型：正常状态,"故障类型：正常状态
诊断依据：模型判断该包络时频图整体能量分布较平稳，未呈现明显的周期性冲击或异常能量集中，结合当前工况更符合正常运行状态。当前工况为 30 Hz、2 V。
维护建议：建议保持常规监测，持续记录振动趋势；若后续能量分布或冲击特征发生明显变化，应及时复检。"
comb_30_2_000414,data/processed/images/all/sample_CF_30_2_000414.png,CF,混合故障,OF,外圈故障,0,故障类型：外圈故障,"故障类型：外圈故障
诊断依据：模型判断该包络时频图中存在相对稳定的冲击响应和局部频带能量增强，整体更符合外圈局部损伤特征。当前工况为 30 Hz、2 V。
维护建议：建议检查轴承外圈固定区域是否存在剥落、裂纹或异常磨损，必要时安排停机复检。"
comb_30_2_000415,data/processed/images/all/sample_CF_30_2_000415.png,CF,混合故障,OF,外圈故障,0,故障类型：外圈故障,"故障类型：外圈故障
诊断依据：模型判断该包络时频图中存在相对稳定的冲击响应和局部频带能量增强，整体更符合外圈局部损伤特征。当前工况为 30 Hz、2 V。
维护建议：建议检查轴承外圈固定区域是否存在剥落、裂纹或异常磨损，必要时安排停机复检。"
comb_30_2_000416,data/processed/images/all/sample_CF_30_2_000416.png,CF,混合故障,BF,滚动体故障,0,故障类型：滚动体故障,"故障类型：滚动体故障
诊断依据：模型判断该包络时频图中存在局部冲击和调制特征，结合行星齿轮箱三方向振动信息，更符合滚动体故障表现。当前工况为 30 Hz、2 V。
维护建议：建议重点检查滚动体表面是否存在磨损、点蚀或剥落，并结合包络谱或现场巡检进一步确认故障程度。"
comb_30_2_000417,data/processed/images/all/sample_CF_30_2_000417.png,CF,混合故障,CF,混合故障,1,故障类型：混合故障,"故障类型：混合故障
诊断依据：模型判断该包络时频图中呈现多组冲击成分和较复杂的能量分布，可能对应多部位共同损伤引起的复合振动特征。当前工况为 30 Hz、2 V。
维护建议：建议同时检查轴承内圈和外圈，并优先安排停机检测，避免复合故障进一步扩展。"
comb_30_2_000418,data/processed/images/all/sample_CF_30_2_000418.png,CF,混合故障,OF,外圈故障,0,故障类型：外圈故障,"故障类型：外圈故障
诊断依据：模型判断该包络时频图中存在相对稳定的冲击响应和局部频带能量增强，整体更符合外圈局部损伤特征。当前工况为 30 Hz、2 V。
维护建议：建议检查轴承外圈固定区域是否存在剥落、裂纹或异常磨损，必要时安排停机复检。"
comb_30_2_000419,data/processed/images/all/sample_CF_30_2_000419.png,CF,混合故障,CF,混合故障,1,故障类型：混合故障,"故障类型：混合故障
诊断依据：模型判断该包络时频图中呈现多组冲击成分和较复杂的能量分布，可能对应多部位共同损伤引起的复合振动特征。当前工况为 30 Hz、2 V。
维护建议：建议同时检查轴承内圈和外圈，并优先安排停机检测，避免复合故障进一步扩展。"
comb_30_2_000420,data/processed/images/all/sample_CF_30_2_000420.png,CF,混合故障,CF,混合故障,1,故障类型：混合故障,"故障类型：混合故障
诊断依据：模型判断该包络时频图中呈现多组冲击成分和较复杂的能量分布，可能对应多部位共同损伤引起的复合振动特征。当前工况为 30 Hz、2 V。
维护建议：建议同时检查轴承内圈和外圈，并优先安排停机检测，避免复合故障进一步扩展。"
comb_30_2_000421,data/processed/images/all/sample_CF_30_2_000421.png,CF,混合故障,CF,混合故障,1,故障类型：混合故障,"故障类型：混合故障
诊断依据：模型判断该包络时频图中呈现多组冲击成分和较复杂的能量分布，可能对应多部位共同损伤引起的复合振动特征。当前工况为 30 Hz、2 V。
维护建议：建议同时检查轴承内圈和外圈，并优先安排停机检测，避免复合故障进一步扩展。"
comb_30_2_000422,data/processed/images/all/sample_CF_30_2_000422.png,CF,混合故障,CF,混合故障,1,故障类型：混合故障,"故障类型：混合故障
诊断依据：模型判断该包络时频图中呈现多组冲击成分和较复杂的能量分布，可能对应多部位共同损伤引起的复合振动特征。当前工况为 30 Hz、2 V。
维护建议：建议同时检查轴承内圈和外圈，并优先安排停机检测，避免复合故障进一步扩展。"
comb_30_2_000423,data/processed/images/all/sample_CF_30_2_000423.png,CF,混合故障,CF,混合故障,1,故障类型：混合故障,"故障类型：混合故障
诊断依据：模型判断该包络时频图中呈现多组冲击成分和较复杂的能量分布，可能对应多部位共同损伤引起的复合振动特征。当前工况为 30 Hz、2 V。
维护建议：建议同时检查轴承内圈和外圈，并优先安排停机检测，避免复合故障进一步扩展。"
comb_30_2_000424,data/processed/images/all/sample_CF_30_2_000424.png,CF,混合故障,CF,混合故障,1,故障类型：混合故障,"故障类型：混合故障
诊断依据：模型判断该包络时频图中呈现多组冲击成分和较复杂的能量分布，可能对应多部位共同损伤引起的复合振动特征。当前工况为 30 Hz、2 V。
维护建议：建议同时检查轴承内圈和外圈，并优先安排停机检测，避免复合故障进一步扩展。"
comb_30_2_000425,data/processed/images/all/sample_CF_30_2_000425.png,CF,混合故障,CF,混合故障,1,故障类型：混合故障,"故障类型：混合故障
诊断依据：模型判断该包络时频图中呈现多组冲击成分和较复杂的能量分布，可能对应多部位共同损伤引起的复合振动特征。当前工况为 30 Hz、2 V。
维护建议：建议同时检查轴承内圈和外圈，并优先安排停机检测，避免复合故障进一步扩展。"
comb_30_2_000426,data/processed/images/all/sample_CF_30_2_000426.png,CF,混合故障,OF,外圈故障,0,故障类型：外圈故障,"故障类型：外圈故障
诊断依据：模型判断该包络时频图中存在相对稳定的冲击响应和局部频带能量增强，整体更符合外圈局部损伤特征。当前工况为 30 Hz、2 V。
维护建议：建议检查轴承外圈固定区域是否存在剥落、裂纹或异常磨损，必要时安排停机复检。"
comb_30_2_000427,data/processed/images/all/sample_CF_30_2_000427.png,CF,混合故障,BF,滚动体故障,0,故障类型：滚动体故障,"故障类型：滚动体故障
诊断依据：模型判断该包络时频图中存在局部冲击和调制特征，结合行星齿轮箱三方向振动信息，更符合滚动体故障表现。当前工况为 30 Hz、2 V。
维护建议：建议重点检查滚动体表面是否存在磨损、点蚀或剥落，并结合包络谱或现场巡检进一步确认故障程度。"
comb_30_2_000428,data/processed/images/all/sample_CF_30_2_000428.png,CF,混合故障,N,正常状态,0,故障类型：正常状态,"故障类型：正常状态
诊断依据：模型判断该包络时频图整体能量分布较平稳，未呈现明显的周期性冲击或异常能量集中，结合当前工况更符合正常运行状态。当前工况为 30 Hz、2 V。
维护建议：建议保持常规监测，持续记录振动趋势；若后续能量分布或冲击特征发生明显变化，应及时复检。"
comb_30_2_000429,data/processed/images/all/sample_CF_30_2_000429.png,CF,混合故障,N,正常状态,0,故障类型：正常状态,"故障类型：正常状态
诊断依据：模型判断该包络时频图整体能量分布较平稳，未呈现明显的周期性冲击或异常能量集中，结合当前工况更符合正常运行状态。当前工况为 30 Hz、2 V。
维护建议：建议保持常规监测，持续记录振动趋势；若后续能量分布或冲击特征发生明显变化，应及时复检。"
comb_30_2_000430,data/processed/images/all/sample_CF_30_2_000430.png,CF,混合故障,CF,混合故障,1,故障类型：混合故障,"故障类型：混合故障
诊断依据：模型判断该包络时频图中呈现多组冲击成分和较复杂的能量分布，可能对应多部位共同损伤引起的复合振动特征。当前工况为 30 Hz、2 V。
维护建议：建议同时检查轴承内圈和外圈，并优先安排停机检测，避免复合故障进一步扩展。"
comb_30_2_000431,data/processed/images/all/sample_CF_30_2_000431.png,CF,混合故障,N,正常状态,0,故障类型：正常状态,"故障类型：正常状态
诊断依据：模型判断该包络时频图整体能量分布较平稳，未呈现明显的周期性冲击或异常能量集中，结合当前工况更符合正常运行状态。当前工况为 30 Hz、2 V。
维护建议：建议保持常规监测，持续记录振动趋势；若后续能量分布或冲击特征发生明显变化，应及时复检。"
comb_30_2_000432,data/processed/images/all/sample_CF_30_2_000432.png,CF,混合故障,CF,混合故障,1,故障类型：混合故障,"故障类型：混合故障
诊断依据：模型判断该包络时频图中呈现多组冲击成分和较复杂的能量分布，可能对应多部位共同损伤引起的复合振动特征。当前工况为 30 Hz、2 V。
维护建议：建议同时检查轴承内圈和外圈，并优先安排停机检测，避免复合故障进一步扩展。"
comb_30_2_000433,data/processed/images/all/sample_CF_30_2_000433.png,CF,混合故障,N,正常状态,0,故障类型：正常状态,"故障类型：正常状态
诊断依据：模型判断该包络时频图整体能量分布较平稳，未呈现明显的周期性冲击或异常能量集中，结合当前工况更符合正常运行状态。当前工况为 30 Hz、2 V。
维护建议：建议保持常规监测，持续记录振动趋势；若后续能量分布或冲击特征发生明显变化，应及时复检。"
comb_30_2_000434,data/processed/images/all/sample_CF_30_2_000434.png,CF,混合故障,BF,滚动体故障,0,故障类型：滚动体故障,"故障类型：滚动体故障
诊断依据：模型判断该包络时频图中存在局部冲击和调制特征，结合行星齿轮箱三方向振动信息，更符合滚动体故障表现。当前工况为 30 Hz、2 V。
维护建议：建议重点检查滚动体表面是否存在磨损、点蚀或剥落，并结合包络谱或现场巡检进一步确认故障程度。"
comb_30_2_000435,data/processed/images/all/sample_CF_30_2_000435.png,CF,混合故障,CF,混合故障,1,故障类型：混合故障,"故障类型：混合故障
诊断依据：模型判断该包络时频图中呈现多组冲击成分和较复杂的能量分布，可能对应多部位共同损伤引起的复合振动特征。当前工况为 30 Hz、2 V。
维护建议：建议同时检查轴承内圈和外圈，并优先安排停机检测，避免复合故障进一步扩展。"
comb_30_2_000436,data/processed/images/all/sample_CF_30_2_000436.png,CF,混合故障,CF,混合故障,1,故障类型：混合故障,"故障类型：混合故障
诊断依据：模型判断该包络时频图中呈现多组冲击成分和较复杂的能量分布，可能对应多部位共同损伤引起的复合振动特征。当前工况为 30 Hz、2 V。
维护建议：建议同时检查轴承内圈和外圈，并优先安排停机检测，避免复合故障进一步扩展。"
comb_30_2_000437,data/processed/images/all/sample_CF_30_2_000437.png,CF,混合故障,N,正常状态,0,故障类型：正常状态,"故障类型：正常状态
诊断依据：模型判断该包络时频图整体能量分布较平稳，未呈现明显的周期性冲击或异常能量集中，结合当前工况更符合正常运行状态。当前工况为 30 Hz、2 V。
维护建议：建议保持常规监测，持续记录振动趋势；若后续能量分布或冲击特征发生明显变化，应及时复检。"
comb_30_2_000438,data/processed/images/all/sample_CF_30_2_000438.png,CF,混合故障,CF,混合故障,1,故障类型：混合故障,"故障类型：混合故障
诊断依据：模型判断该包络时频图中呈现多组冲击成分和较复杂的能量分布，可能对应多部位共同损伤引起的复合振动特征。当前工况为 30 Hz、2 V。
维护建议：建议同时检查轴承内圈和外圈，并优先安排停机检测，避免复合故障进一步扩展。"
comb_30_2_000439,data/processed/images/all/sample_CF_30_2_000439.png,CF,混合故障,CF,混合故障,1,故障类型：混合故障,"故障类型：混合故障
诊断依据：模型判断该包络时频图中呈现多组冲击成分和较复杂的能量分布，可能对应多部位共同损伤引起的复合振动特征。当前工况为 30 Hz、2 V。
维护建议：建议同时检查轴承内圈和外圈，并优先安排停机检测，避免复合故障进一步扩展。"
comb_30_2_000440,data/processed/images/all/sample_CF_30_2_000440.png,CF,混合故障,CF,混合故障,1,故障类型：混合故障,"故障类型：混合故障
诊断依据：模型判断该包络时频图中呈现多组冲击成分和较复杂的能量分布，可能对应多部位共同损伤引起的复合振动特征。当前工况为 30 Hz、2 V。
维护建议：建议同时检查轴承内圈和外圈，并优先安排停机检测，避免复合故障进一步扩展。"
comb_30_2_000441,data/processed/images/all/sample_CF_30_2_000441.png,CF,混合故障,N,正常状态,0,故障类型：正常状态,"故障类型：正常状态
诊断依据：模型判断该包络时频图整体能量分布较平稳，未呈现明显的周期性冲击或异常能量集中，结合当前工况更符合正常运行状态。当前工况为 30 Hz、2 V。
维护建议：建议保持常规监测，持续记录振动趋势；若后续能量分布或冲击特征发生明显变化，应及时复检。"
comb_30_2_000442,data/processed/images/all/sample_CF_30_2_000442.png,CF,混合故障,BF,滚动体故障,0,故障类型：滚动体故障,"故障类型：滚动体故障
诊断依据：模型判断该包络时频图中存在局部冲击和调制特征，结合行星齿轮箱三方向振动信息，更符合滚动体故障表现。当前工况为 30 Hz、2 V。
维护建议：建议重点检查滚动体表面是否存在磨损、点蚀或剥落，并结合包络谱或现场巡检进一步确认故障程度。"
comb_30_2_000443,data/processed/images/all/sample_CF_30_2_000443.png,CF,混合故障,OF,外圈故障,0,故障类型：外圈故障,"故障类型：外圈故障
诊断依据：模型判断该包络时频图中存在相对稳定的冲击响应和局部频带能量增强，整体更符合外圈局部损伤特征。当前工况为 30 Hz、2 V。
维护建议：建议检查轴承外圈固定区域是否存在剥落、裂纹或异常磨损，必要时安排停机复检。"
comb_30_2_000444,data/processed/images/all/sample_CF_30_2_000444.png,CF,混合故障,CF,混合故障,1,故障类型：混合故障,"故障类型：混合故障
诊断依据：模型判断该包络时频图中呈现多组冲击成分和较复杂的能量分布，可能对应多部位共同损伤引起的复合振动特征。当前工况为 30 Hz、2 V。
维护建议：建议同时检查轴承内圈和外圈，并优先安排停机检测，避免复合故障进一步扩展。"
comb_30_2_000445,data/processed/images/all/sample_CF_30_2_000445.png,CF,混合故障,CF,混合故障,1,故障类型：混合故障,"故障类型：混合故障
诊断依据：模型判断该包络时频图中呈现多组冲击成分和较复杂的能量分布，可能对应多部位共同损伤引起的复合振动特征。当前工况为 30 Hz、2 V。
维护建议：建议同时检查轴承内圈和外圈，并优先安排停机检测，避免复合故障进一步扩展。"
comb_30_2_000446,data/processed/images/all/sample_CF_30_2_000446.png,CF,混合故障,CF,混合故障,1,故障类型：混合故障,"故障类型：混合故障
诊断依据：模型判断该包络时频图中呈现多组冲击成分和较复杂的能量分布，可能对应多部位共同损伤引起的复合振动特征。当前工况为 30 Hz、2 V。
维护建议：建议同时检查轴承内圈和外圈，并优先安排停机检测，避免复合故障进一步扩展。"
comb_30_2_000447,data/processed/images/all/sample_CF_30_2_000447.png,CF,混合故障,CF,混合故障,1,故障类型：混合故障,"故障类型：混合故障
诊断依据：模型判断该包络时频图中呈现多组冲击成分和较复杂的能量分布，可能对应多部位共同损伤引起的复合振动特征。当前工况为 30 Hz、2 V。
维护建议：建议同时检查轴承内圈和外圈，并优先安排停机检测，避免复合故障进一步扩展。"
comb_30_2_000448,data/processed/images/all/sample_CF_30_2_000448.png,CF,混合故障,BF,滚动体故障,0,故障类型：滚动体故障,"故障类型：滚动体故障
诊断依据：模型判断该包络时频图中存在局部冲击和调制特征，结合行星齿轮箱三方向振动信息，更符合滚动体故障表现。当前工况为 30 Hz、2 V。
维护建议：建议重点检查滚动体表面是否存在磨损、点蚀或剥落，并结合包络谱或现场巡检进一步确认故障程度。"
comb_30_2_000449,data/processed/images/all/sample_CF_30_2_000449.png,CF,混合故障,N,正常状态,0,故障类型：正常状态,"故障类型：正常状态
诊断依据：模型判断该包络时频图整体能量分布较平稳，未呈现明显的周期性冲击或异常能量集中，结合当前工况更符合正常运行状态。当前工况为 30 Hz、2 V。
维护建议：建议保持常规监测，持续记录振动趋势；若后续能量分布或冲击特征发生明显变化，应及时复检。"
comb_30_2_000450,data/processed/images/all/sample_CF_30_2_000450.png,CF,混合故障,CF,混合故障,1,故障类型：混合故障,"故障类型：混合故障
诊断依据：模型判断该包络时频图中呈现多组冲击成分和较复杂的能量分布，可能对应多部位共同损伤引起的复合振动特征。当前工况为 30 Hz、2 V。
维护建议：建议同时检查轴承内圈和外圈，并优先安排停机检测，避免复合故障进一步扩展。"
comb_30_2_000451,data/processed/images/all/sample_CF_30_2_000451.png,CF,混合故障,BF,滚动体故障,0,故障类型：滚动体故障,"故障类型：滚动体故障
诊断依据：模型判断该包络时频图中存在局部冲击和调制特征，结合行星齿轮箱三方向振动信息，更符合滚动体故障表现。当前工况为 30 Hz、2 V。
维护建议：建议重点检查滚动体表面是否存在磨损、点蚀或剥落，并结合包络谱或现场巡检进一步确认故障程度。"
comb_30_2_000452,data/processed/images/all/sample_CF_30_2_000452.png,CF,混合故障,OF,外圈故障,0,故障类型：外圈故障,"故障类型：外圈故障
诊断依据：模型判断该包络时频图中存在相对稳定的冲击响应和局部频带能量增强，整体更符合外圈局部损伤特征。当前工况为 30 Hz、2 V。
维护建议：建议检查轴承外圈固定区域是否存在剥落、裂纹或异常磨损，必要时安排停机复检。"
comb_30_2_000453,data/processed/images/all/sample_CF_30_2_000453.png,CF,混合故障,CF,混合故障,1,故障类型：混合故障,"故障类型：混合故障
诊断依据：模型判断该包络时频图中呈现多组冲击成分和较复杂的能量分布，可能对应多部位共同损伤引起的复合振动特征。当前工况为 30 Hz、2 V。
维护建议：建议同时检查轴承内圈和外圈，并优先安排停机检测，避免复合故障进一步扩展。"
comb_30_2_000454,data/processed/images/all/sample_CF_30_2_000454.png,CF,混合故障,OF,外圈故障,0,故障类型：外圈故障,"故障类型：外圈故障
诊断依据：模型判断该包络时频图中存在相对稳定的冲击响应和局部频带能量增强，整体更符合外圈局部损伤特征。当前工况为 30 Hz、2 V。
维护建议：建议检查轴承外圈固定区域是否存在剥落、裂纹或异常磨损，必要时安排停机复检。"
comb_30_2_000455,data/processed/images/all/sample_CF_30_2_000455.png,CF,混合故障,CF,混合故障,1,故障类型：混合故障,"故障类型：混合故障
诊断依据：模型判断该包络时频图中呈现多组冲击成分和较复杂的能量分布，可能对应多部位共同损伤引起的复合振动特征。当前工况为 30 Hz、2 V。
维护建议：建议同时检查轴承内圈和外圈，并优先安排停机检测，避免复合故障进一步扩展。"
comb_30_2_000456,data/processed/images/all/sample_CF_30_2_000456.png,CF,混合故障,IF,内圈故障,0,故障类型：内圈故障,"故障类型：内圈故障
诊断依据：模型判断该包络时频图中存在较明显的周期性冲击和调制成分，结合当前转速与负载工况，更符合内圈故障特征。当前工况为 30 Hz、2 V。
维护建议：建议重点检查轴承内圈表面损伤情况，并结合历史振动趋势评估故障发展速度。"
comb_30_2_000457,data/processed/images/all/sample_CF_30_2_000457.png,CF,混合故障,CF,混合故障,1,故障类型：混合故障,"故障类型：混合故障
诊断依据：模型判断该包络时频图中呈现多组冲击成分和较复杂的能量分布，可能对应多部位共同损伤引起的复合振动特征。当前工况为 30 Hz、2 V。
维护建议：建议同时检查轴承内圈和外圈，并优先安排停机检测，避免复合故障进一步扩展。"
comb_30_2_000458,data/processed/images/all/sample_CF_30_2_000458.png,CF,混合故障,N,正常状态,0,故障类型：正常状态,"故障类型：正常状态
诊断依据：模型判断该包络时频图整体能量分布较平稳，未呈现明显的周期性冲击或异常能量集中，结合当前工况更符合正常运行状态。当前工况为 30 Hz、2 V。
维护建议：建议保持常规监测，持续记录振动趋势；若后续能量分布或冲击特征发生明显变化，应及时复检。"
comb_30_2_000459,data/processed/images/all/sample_CF_30_2_000459.png,CF,混合故障,CF,混合故障,1,故障类型：混合故障,"故障类型：混合故障
诊断依据：模型判断该包络时频图中呈现多组冲击成分和较复杂的能量分布，可能对应多部位共同损伤引起的复合振动特征。当前工况为 30 Hz、2 V。
维护建议：建议同时检查轴承内圈和外圈，并优先安排停机检测，避免复合故障进一步扩展。"
comb_30_2_000460,data/processed/images/all/sample_CF_30_2_000460.png,CF,混合故障,CF,混合故障,1,故障类型：混合故障,"故障类型：混合故障
诊断依据：模型判断该包络时频图中呈现多组冲击成分和较复杂的能量分布，可能对应多部位共同损伤引起的复合振动特征。当前工况为 30 Hz、2 V。
维护建议：建议同时检查轴承内圈和外圈，并优先安排停机检测，避免复合故障进一步扩展。"
comb_30_2_000461,data/processed/images/all/sample_CF_30_2_000461.png,CF,混合故障,CF,混合故障,1,故障类型：混合故障,"故障类型：混合故障
诊断依据：模型判断该包络时频图中呈现多组冲击成分和较复杂的能量分布，可能对应多部位共同损伤引起的复合振动特征。当前工况为 30 Hz、2 V。
维护建议：建议同时检查轴承内圈和外圈，并优先安排停机检测，避免复合故障进一步扩展。"
comb_30_2_000462,data/processed/images/all/sample_CF_30_2_000462.png,CF,混合故障,CF,混合故障,1,故障类型：混合故障,"故障类型：混合故障
诊断依据：模型判断该包络时频图中呈现多组冲击成分和较复杂的能量分布，可能对应多部位共同损伤引起的复合振动特征。当前工况为 30 Hz、2 V。
维护建议：建议同时检查轴承内圈和外圈，并优先安排停机检测，避免复合故障进一步扩展。"
comb_30_2_000463,data/processed/images/all/sample_CF_30_2_000463.png,CF,混合故障,CF,混合故障,1,故障类型：混合故障,"故障类型：混合故障
诊断依据：模型判断该包络时频图中呈现多组冲击成分和较复杂的能量分布，可能对应多部位共同损伤引起的复合振动特征。当前工况为 30 Hz、2 V。
维护建议：建议同时检查轴承内圈和外圈，并优先安排停机检测，避免复合故障进一步扩展。"
comb_30_2_000464,data/processed/images/all/sample_CF_30_2_000464.png,CF,混合故障,N,正常状态,0,故障类型：正常状态,"故障类型：正常状态
诊断依据：模型判断该包络时频图整体能量分布较平稳，未呈现明显的周期性冲击或异常能量集中，结合当前工况更符合正常运行状态。当前工况为 30 Hz、2 V。
维护建议：建议保持常规监测，持续记录振动趋势；若后续能量分布或冲击特征发生明显变化，应及时复检。"
comb_30_2_000465,data/processed/images/all/sample_CF_30_2_000465.png,CF,混合故障,BF,滚动体故障,0,故障类型：滚动体故障,"故障类型：滚动体故障
诊断依据：模型判断该包络时频图中存在局部冲击和调制特征，结合行星齿轮箱三方向振动信息，更符合滚动体故障表现。当前工况为 30 Hz、2 V。
维护建议：建议重点检查滚动体表面是否存在磨损、点蚀或剥落，并结合包络谱或现场巡检进一步确认故障程度。"
comb_30_2_000466,data/processed/images/all/sample_CF_30_2_000466.png,CF,混合故障,CF,混合故障,1,故障类型：混合故障,"故障类型：混合故障
诊断依据：模型判断该包络时频图中呈现多组冲击成分和较复杂的能量分布，可能对应多部位共同损伤引起的复合振动特征。当前工况为 30 Hz、2 V。
维护建议：建议同时检查轴承内圈和外圈，并优先安排停机检测，避免复合故障进一步扩展。"
comb_30_2_000467,data/processed/images/all/sample_CF_30_2_000467.png,CF,混合故障,IF,内圈故障,0,故障类型：内圈故障,"故障类型：内圈故障
诊断依据：模型判断该包络时频图中存在较明显的周期性冲击和调制成分，结合当前转速与负载工况，更符合内圈故障特征。当前工况为 30 Hz、2 V。
维护建议：建议重点检查轴承内圈表面损伤情况，并结合历史振动趋势评估故障发展速度。"
comb_30_2_000468,data/processed/images/all/sample_CF_30_2_000468.png,CF,混合故障,BF,滚动体故障,0,故障类型：滚动体故障,"故障类型：滚动体故障
诊断依据：模型判断该包络时频图中存在局部冲击和调制特征，结合行星齿轮箱三方向振动信息，更符合滚动体故障表现。当前工况为 30 Hz、2 V。
维护建议：建议重点检查滚动体表面是否存在磨损、点蚀或剥落，并结合包络谱或现场巡检进一步确认故障程度。"
comb_30_2_000469,data/processed/images/all/sample_CF_30_2_000469.png,CF,混合故障,OF,外圈故障,0,故障类型：外圈故障,"故障类型：外圈故障
诊断依据：模型判断该包络时频图中存在相对稳定的冲击响应和局部频带能量增强，整体更符合外圈局部损伤特征。当前工况为 30 Hz、2 V。
维护建议：建议检查轴承外圈固定区域是否存在剥落、裂纹或异常磨损，必要时安排停机复检。"
comb_30_2_000470,data/processed/images/all/sample_CF_30_2_000470.png,CF,混合故障,N,正常状态,0,故障类型：正常状态,"故障类型：正常状态
诊断依据：模型判断该包络时频图整体能量分布较平稳，未呈现明显的周期性冲击或异常能量集中，结合当前工况更符合正常运行状态。当前工况为 30 Hz、2 V。
维护建议：建议保持常规监测，持续记录振动趋势；若后续能量分布或冲击特征发生明显变化，应及时复检。"
comb_30_2_000471,data/processed/images/all/sample_CF_30_2_000471.png,CF,混合故障,CF,混合故障,1,故障类型：混合故障,"故障类型：混合故障
诊断依据：模型判断该包络时频图中呈现多组冲击成分和较复杂的能量分布，可能对应多部位共同损伤引起的复合振动特征。当前工况为 30 Hz、2 V。
维护建议：建议同时检查轴承内圈和外圈，并优先安排停机检测，避免复合故障进一步扩展。"
comb_30_2_000472,data/processed/images/all/sample_CF_30_2_000472.png,CF,混合故障,OF,外圈故障,0,故障类型：外圈故障,"故障类型：外圈故障
诊断依据：模型判断该包络时频图中存在相对稳定的冲击响应和局部频带能量增强，整体更符合外圈局部损伤特征。当前工况为 30 Hz、2 V。
维护建议：建议检查轴承外圈固定区域是否存在剥落、裂纹或异常磨损，必要时安排停机复检。"
comb_30_2_000473,data/processed/images/all/sample_CF_30_2_000473.png,CF,混合故障,BF,滚动体故障,0,故障类型：滚动体故障,"故障类型：滚动体故障
诊断依据：模型判断该包络时频图中存在局部冲击和调制特征，结合行星齿轮箱三方向振动信息，更符合滚动体故障表现。当前工况为 30 Hz、2 V。
维护建议：建议重点检查滚动体表面是否存在磨损、点蚀或剥落，并结合包络谱或现场巡检进一步确认故障程度。"
comb_30_2_000474,data/processed/images/all/sample_CF_30_2_000474.png,CF,混合故障,IF,内圈故障,0,故障类型：内圈故障,"故障类型：内圈故障
诊断依据：模型判断该包络时频图中存在较明显的周期性冲击和调制成分，结合当前转速与负载工况，更符合内圈故障特征。当前工况为 30 Hz、2 V。
维护建议：建议重点检查轴承内圈表面损伤情况，并结合历史振动趋势评估故障发展速度。"
comb_30_2_000475,data/processed/images/all/sample_CF_30_2_000475.png,CF,混合故障,BF,滚动体故障,0,故障类型：滚动体故障,"故障类型：滚动体故障
诊断依据：模型判断该包络时频图中存在局部冲击和调制特征，结合行星齿轮箱三方向振动信息，更符合滚动体故障表现。当前工况为 30 Hz、2 V。
维护建议：建议重点检查滚动体表面是否存在磨损、点蚀或剥落，并结合包络谱或现场巡检进一步确认故障程度。"
comb_30_2_000476,data/processed/images/all/sample_CF_30_2_000476.png,CF,混合故障,CF,混合故障,1,故障类型：混合故障,"故障类型：混合故障
诊断依据：模型判断该包络时频图中呈现多组冲击成分和较复杂的能量分布，可能对应多部位共同损伤引起的复合振动特征。当前工况为 30 Hz、2 V。
维护建议：建议同时检查轴承内圈和外圈，并优先安排停机检测，避免复合故障进一步扩展。"
comb_30_2_000477,data/processed/images/all/sample_CF_30_2_000477.png,CF,混合故障,N,正常状态,0,故障类型：正常状态,"故障类型：正常状态
诊断依据：模型判断该包络时频图整体能量分布较平稳，未呈现明显的周期性冲击或异常能量集中，结合当前工况更符合正常运行状态。当前工况为 30 Hz、2 V。
维护建议：建议保持常规监测，持续记录振动趋势；若后续能量分布或冲击特征发生明显变化，应及时复检。"
comb_30_2_000478,data/processed/images/all/sample_CF_30_2_000478.png,CF,混合故障,N,正常状态,0,故障类型：正常状态,"故障类型：正常状态
诊断依据：模型判断该包络时频图整体能量分布较平稳，未呈现明显的周期性冲击或异常能量集中，结合当前工况更符合正常运行状态。当前工况为 30 Hz、2 V。
维护建议：建议保持常规监测，持续记录振动趋势；若后续能量分布或冲击特征发生明显变化，应及时复检。"
comb_30_2_000479,data/processed/images/all/sample_CF_30_2_000479.png,CF,混合故障,CF,混合故障,1,故障类型：混合故障,"故障类型：混合故障
诊断依据：模型判断该包络时频图中呈现多组冲击成分和较复杂的能量分布，可能对应多部位共同损伤引起的复合振动特征。当前工况为 30 Hz、2 V。
维护建议：建议同时检查轴承内圈和外圈，并优先安排停机检测，避免复合故障进一步扩展。"
comb_30_2_000480,data/processed/images/all/sample_CF_30_2_000480.png,CF,混合故障,CF,混合故障,1,故障类型：混合故障,"故障类型：混合故障
诊断依据：模型判断该包络时频图中呈现多组冲击成分和较复杂的能量分布，可能对应多部位共同损伤引起的复合振动特征。当前工况为 30 Hz、2 V。
维护建议：建议同时检查轴承内圈和外圈，并优先安排停机检测，避免复合故障进一步扩展。"
comb_30_2_000481,data/processed/images/all/sample_CF_30_2_000481.png,CF,混合故障,OF,外圈故障,0,故障类型：外圈故障,"故障类型：外圈故障
诊断依据：模型判断该包络时频图中存在相对稳定的冲击响应和局部频带能量增强，整体更符合外圈局部损伤特征。当前工况为 30 Hz、2 V。
维护建议：建议检查轴承外圈固定区域是否存在剥落、裂纹或异常磨损，必要时安排停机复检。"
comb_30_2_000482,data/processed/images/all/sample_CF_30_2_000482.png,CF,混合故障,OF,外圈故障,0,故障类型：外圈故障,"故障类型：外圈故障
诊断依据：模型判断该包络时频图中存在相对稳定的冲击响应和局部频带能量增强，整体更符合外圈局部损伤特征。当前工况为 30 Hz、2 V。
维护建议：建议检查轴承外圈固定区域是否存在剥落、裂纹或异常磨损，必要时安排停机复检。"
comb_30_2_000483,data/processed/images/all/sample_CF_30_2_000483.png,CF,混合故障,N,正常状态,0,故障类型：正常状态,"故障类型：正常状态
诊断依据：模型判断该包络时频图整体能量分布较平稳，未呈现明显的周期性冲击或异常能量集中，结合当前工况更符合正常运行状态。当前工况为 30 Hz、2 V。
维护建议：建议保持常规监测，持续记录振动趋势；若后续能量分布或冲击特征发生明显变化，应及时复检。"
comb_30_2_000484,data/processed/images/all/sample_CF_30_2_000484.png,CF,混合故障,CF,混合故障,1,故障类型：混合故障,"故障类型：混合故障
诊断依据：模型判断该包络时频图中呈现多组冲击成分和较复杂的能量分布，可能对应多部位共同损伤引起的复合振动特征。当前工况为 30 Hz、2 V。
维护建议：建议同时检查轴承内圈和外圈，并优先安排停机检测，避免复合故障进一步扩展。"
comb_30_2_000485,data/processed/images/all/sample_CF_30_2_000485.png,CF,混合故障,CF,混合故障,1,故障类型：混合故障,"故障类型：混合故障
诊断依据：模型判断该包络时频图中呈现多组冲击成分和较复杂的能量分布，可能对应多部位共同损伤引起的复合振动特征。当前工况为 30 Hz、2 V。
维护建议：建议同时检查轴承内圈和外圈，并优先安排停机检测，避免复合故障进一步扩展。"
comb_30_2_000486,data/processed/images/all/sample_CF_30_2_000486.png,CF,混合故障,CF,混合故障,1,故障类型：混合故障,"故障类型：混合故障
诊断依据：模型判断该包络时频图中呈现多组冲击成分和较复杂的能量分布，可能对应多部位共同损伤引起的复合振动特征。当前工况为 30 Hz、2 V。
维护建议：建议同时检查轴承内圈和外圈，并优先安排停机检测，避免复合故障进一步扩展。"
comb_30_2_000487,data/processed/images/all/sample_CF_30_2_000487.png,CF,混合故障,BF,滚动体故障,0,故障类型：滚动体故障,"故障类型：滚动体故障
诊断依据：模型判断该包络时频图中存在局部冲击和调制特征，结合行星齿轮箱三方向振动信息，更符合滚动体故障表现。当前工况为 30 Hz、2 V。
维护建议：建议重点检查滚动体表面是否存在磨损、点蚀或剥落，并结合包络谱或现场巡检进一步确认故障程度。"
comb_30_2_000488,data/processed/images/all/sample_CF_30_2_000488.png,CF,混合故障,OF,外圈故障,0,故障类型：外圈故障,"故障类型：外圈故障
诊断依据：模型判断该包络时频图中存在相对稳定的冲击响应和局部频带能量增强，整体更符合外圈局部损伤特征。当前工况为 30 Hz、2 V。
维护建议：建议检查轴承外圈固定区域是否存在剥落、裂纹或异常磨损，必要时安排停机复检。"
comb_30_2_000489,data/processed/images/all/sample_CF_30_2_000489.png,CF,混合故障,CF,混合故障,1,故障类型：混合故障,"故障类型：混合故障
诊断依据：模型判断该包络时频图中呈现多组冲击成分和较复杂的能量分布，可能对应多部位共同损伤引起的复合振动特征。当前工况为 30 Hz、2 V。
维护建议：建议同时检查轴承内圈和外圈，并优先安排停机检测，避免复合故障进一步扩展。"
comb_30_2_000490,data/processed/images/all/sample_CF_30_2_000490.png,CF,混合故障,CF,混合故障,1,故障类型：混合故障,"故障类型：混合故障
诊断依据：模型判断该包络时频图中呈现多组冲击成分和较复杂的能量分布，可能对应多部位共同损伤引起的复合振动特征。当前工况为 30 Hz、2 V。
维护建议：建议同时检查轴承内圈和外圈，并优先安排停机检测，避免复合故障进一步扩展。"
comb_30_2_000491,data/processed/images/all/sample_CF_30_2_000491.png,CF,混合故障,N,正常状态,0,故障类型：正常状态,"故障类型：正常状态
诊断依据：模型判断该包络时频图整体能量分布较平稳，未呈现明显的周期性冲击或异常能量集中，结合当前工况更符合正常运行状态。当前工况为 30 Hz、2 V。
维护建议：建议保持常规监测，持续记录振动趋势；若后续能量分布或冲击特征发生明显变化，应及时复检。"
comb_30_2_000492,data/processed/images/all/sample_CF_30_2_000492.png,CF,混合故障,CF,混合故障,1,故障类型：混合故障,"故障类型：混合故障
诊断依据：模型判断该包络时频图中呈现多组冲击成分和较复杂的能量分布，可能对应多部位共同损伤引起的复合振动特征。当前工况为 30 Hz、2 V。
维护建议：建议同时检查轴承内圈和外圈，并优先安排停机检测，避免复合故障进一步扩展。"
comb_30_2_000493,data/processed/images/all/sample_CF_30_2_000493.png,CF,混合故障,N,正常状态,0,故障类型：正常状态,"故障类型：正常状态
诊断依据：模型判断该包络时频图整体能量分布较平稳，未呈现明显的周期性冲击或异常能量集中，结合当前工况更符合正常运行状态。当前工况为 30 Hz、2 V。
维护建议：建议保持常规监测，持续记录振动趋势；若后续能量分布或冲击特征发生明显变化，应及时复检。"
comb_30_2_000494,data/processed/images/all/sample_CF_30_2_000494.png,CF,混合故障,BF,滚动体故障,0,故障类型：滚动体故障,"故障类型：滚动体故障
诊断依据：模型判断该包络时频图中存在局部冲击和调制特征，结合行星齿轮箱三方向振动信息，更符合滚动体故障表现。当前工况为 30 Hz、2 V。
维护建议：建议重点检查滚动体表面是否存在磨损、点蚀或剥落，并结合包络谱或现场巡检进一步确认故障程度。"
comb_30_2_000495,data/processed/images/all/sample_CF_30_2_000495.png,CF,混合故障,CF,混合故障,1,故障类型：混合故障,"故障类型：混合故障
诊断依据：模型判断该包络时频图中呈现多组冲击成分和较复杂的能量分布，可能对应多部位共同损伤引起的复合振动特征。当前工况为 30 Hz、2 V。
维护建议：建议同时检查轴承内圈和外圈，并优先安排停机检测，避免复合故障进一步扩展。"
comb_30_2_000496,data/processed/images/all/sample_CF_30_2_000496.png,CF,混合故障,IF,内圈故障,0,故障类型：内圈故障,"故障类型：内圈故障
诊断依据：模型判断该包络时频图中存在较明显的周期性冲击和调制成分，结合当前转速与负载工况，更符合内圈故障特征。当前工况为 30 Hz、2 V。
维护建议：建议重点检查轴承内圈表面损伤情况，并结合历史振动趋势评估故障发展速度。"
comb_30_2_000497,data/processed/images/all/sample_CF_30_2_000497.png,CF,混合故障,CF,混合故障,1,故障类型：混合故障,"故障类型：混合故障
诊断依据：模型判断该包络时频图中呈现多组冲击成分和较复杂的能量分布，可能对应多部位共同损伤引起的复合振动特征。当前工况为 30 Hz、2 V。
维护建议：建议同时检查轴承内圈和外圈，并优先安排停机检测，避免复合故障进一步扩展。"
comb_30_2_000498,data/processed/images/all/sample_CF_30_2_000498.png,CF,混合故障,CF,混合故障,1,故障类型：混合故障,"故障类型：混合故障
诊断依据：模型判断该包络时频图中呈现多组冲击成分和较复杂的能量分布，可能对应多部位共同损伤引起的复合振动特征。当前工况为 30 Hz、2 V。
维护建议：建议同时检查轴承内圈和外圈，并优先安排停机检测，避免复合故障进一步扩展。"
comb_30_2_000499,data/processed/images/all/sample_CF_30_2_000499.png,CF,混合故障,BF,滚动体故障,0,故障类型：滚动体故障,"故障类型：滚动体故障
诊断依据：模型判断该包络时频图中存在局部冲击和调制特征，结合行星齿轮箱三方向振动信息，更符合滚动体故障表现。当前工况为 30 Hz、2 V。
维护建议：建议重点检查滚动体表面是否存在磨损、点蚀或剥落，并结合包络谱或现场巡检进一步确认故障程度。"
comb_30_2_000500,data/processed/images/all/sample_CF_30_2_000500.png,CF,混合故障,N,正常状态,0,故障类型：正常状态,"故障类型：正常状态
诊断依据：模型判断该包络时频图整体能量分布较平稳，未呈现明显的周期性冲击或异常能量集中，结合当前工况更符合正常运行状态。当前工况为 30 Hz、2 V。
维护建议：建议保持常规监测，持续记录振动趋势；若后续能量分布或冲击特征发生明显变化，应及时复检。"
comb_30_2_000501,data/processed/images/all/sample_CF_30_2_000501.png,CF,混合故障,BF,滚动体故障,0,故障类型：滚动体故障,"故障类型：滚动体故障
诊断依据：模型判断该包络时频图中存在局部冲击和调制特征，结合行星齿轮箱三方向振动信息，更符合滚动体故障表现。当前工况为 30 Hz、2 V。
维护建议：建议重点检查滚动体表面是否存在磨损、点蚀或剥落，并结合包络谱或现场巡检进一步确认故障程度。"
comb_30_2_000502,data/processed/images/all/sample_CF_30_2_000502.png,CF,混合故障,CF,混合故障,1,故障类型：混合故障,"故障类型：混合故障
诊断依据：模型判断该包络时频图中呈现多组冲击成分和较复杂的能量分布，可能对应多部位共同损伤引起的复合振动特征。当前工况为 30 Hz、2 V。
维护建议：建议同时检查轴承内圈和外圈，并优先安排停机检测，避免复合故障进一步扩展。"
comb_30_2_000503,data/processed/images/all/sample_CF_30_2_000503.png,CF,混合故障,CF,混合故障,1,故障类型：混合故障,"故障类型：混合故障
诊断依据：模型判断该包络时频图中呈现多组冲击成分和较复杂的能量分布，可能对应多部位共同损伤引起的复合振动特征。当前工况为 30 Hz、2 V。
维护建议：建议同时检查轴承内圈和外圈，并优先安排停机检测，避免复合故障进一步扩展。"
comb_30_2_000504,data/processed/images/all/sample_CF_30_2_000504.png,CF,混合故障,CF,混合故障,1,故障类型：混合故障,"故障类型：混合故障
诊断依据：模型判断该包络时频图中呈现多组冲击成分和较复杂的能量分布，可能对应多部位共同损伤引起的复合振动特征。当前工况为 30 Hz、2 V。
维护建议：建议同时检查轴承内圈和外圈，并优先安排停机检测，避免复合故障进一步扩展。"
comb_30_2_000505,data/processed/images/all/sample_CF_30_2_000505.png,CF,混合故障,IF,内圈故障,0,故障类型：内圈故障,"故障类型：内圈故障
诊断依据：模型判断该包络时频图中存在较明显的周期性冲击和调制成分，结合当前转速与负载工况，更符合内圈故障特征。当前工况为 30 Hz、2 V。
维护建议：建议重点检查轴承内圈表面损伤情况，并结合历史振动趋势评估故障发展速度。"
comb_30_2_000506,data/processed/images/all/sample_CF_30_2_000506.png,CF,混合故障,CF,混合故障,1,故障类型：混合故障,"故障类型：混合故障
诊断依据：模型判断该包络时频图中呈现多组冲击成分和较复杂的能量分布，可能对应多部位共同损伤引起的复合振动特征。当前工况为 30 Hz、2 V。
维护建议：建议同时检查轴承内圈和外圈，并优先安排停机检测，避免复合故障进一步扩展。"
comb_30_2_000507,data/processed/images/all/sample_CF_30_2_000507.png,CF,混合故障,BF,滚动体故障,0,故障类型：滚动体故障,"故障类型：滚动体故障
诊断依据：模型判断该包络时频图中存在局部冲击和调制特征，结合行星齿轮箱三方向振动信息，更符合滚动体故障表现。当前工况为 30 Hz、2 V。
维护建议：建议重点检查滚动体表面是否存在磨损、点蚀或剥落，并结合包络谱或现场巡检进一步确认故障程度。"
comb_30_2_000508,data/processed/images/all/sample_CF_30_2_000508.png,CF,混合故障,OF,外圈故障,0,故障类型：外圈故障,"故障类型：外圈故障
诊断依据：模型判断该包络时频图中存在相对稳定的冲击响应和局部频带能量增强，整体更符合外圈局部损伤特征。当前工况为 30 Hz、2 V。
维护建议：建议检查轴承外圈固定区域是否存在剥落、裂纹或异常磨损，必要时安排停机复检。"
comb_30_2_000509,data/processed/images/all/sample_CF_30_2_000509.png,CF,混合故障,CF,混合故障,1,故障类型：混合故障,"故障类型：混合故障
诊断依据：模型判断该包络时频图中呈现多组冲击成分和较复杂的能量分布，可能对应多部位共同损伤引起的复合振动特征。当前工况为 30 Hz、2 V。
维护建议：建议同时检查轴承内圈和外圈，并优先安排停机检测，避免复合故障进一步扩展。"
health_20_0_000407,data/processed/images/all/sample_N_20_0_000407.png,N,正常状态,N,正常状态,1,故障类型：正常状态,"故障类型：正常状态
诊断依据：模型判断该包络时频图整体能量分布较平稳，未呈现明显的周期性冲击或异常能量集中，结合当前工况更符合正常运行状态。当前工况为 20 Hz、0 V。
维护建议：建议保持常规监测，持续记录振动趋势；若后续能量分布或冲击特征发生明显变化，应及时复检。"
health_20_0_000408,data/processed/images/all/sample_N_20_0_000408.png,N,正常状态,N,正常状态,1,故障类型：正常状态,"故障类型：正常状态
诊断依据：模型判断该包络时频图整体能量分布较平稳，未呈现明显的周期性冲击或异常能量集中，结合当前工况更符合正常运行状态。当前工况为 20 Hz、0 V。
维护建议：建议保持常规监测，持续记录振动趋势；若后续能量分布或冲击特征发生明显变化，应及时复检。"
health_20_0_000409,data/processed/images/all/sample_N_20_0_000409.png,N,正常状态,N,正常状态,1,故障类型：正常状态,"故障类型：正常状态
诊断依据：模型判断该包络时频图整体能量分布较平稳，未呈现明显的周期性冲击或异常能量集中，结合当前工况更符合正常运行状态。当前工况为 20 Hz、0 V。
维护建议：建议保持常规监测，持续记录振动趋势；若后续能量分布或冲击特征发生明显变化，应及时复检。"
health_20_0_000410,data/processed/images/all/sample_N_20_0_000410.png,N,正常状态,N,正常状态,1,故障类型：正常状态,"故障类型：正常状态
诊断依据：模型判断该包络时频图整体能量分布较平稳，未呈现明显的周期性冲击或异常能量集中，结合当前工况更符合正常运行状态。当前工况为 20 Hz、0 V。
维护建议：建议保持常规监测，持续记录振动趋势；若后续能量分布或冲击特征发生明显变化，应及时复检。"
health_20_0_000411,data/processed/images/all/sample_N_20_0_000411.png,N,正常状态,N,正常状态,1,故障类型：正常状态,"故障类型：正常状态
诊断依据：模型判断该包络时频图整体能量分布较平稳，未呈现明显的周期性冲击或异常能量集中，结合当前工况更符合正常运行状态。当前工况为 20 Hz、0 V。
维护建议：建议保持常规监测，持续记录振动趋势；若后续能量分布或冲击特征发生明显变化，应及时复检。"
health_20_0_000412,data/processed/images/all/sample_N_20_0_000412.png,N,正常状态,N,正常状态,1,故障类型：正常状态,"故障类型：正常状态
诊断依据：模型判断该包络时频图整体能量分布较平稳，未呈现明显的周期性冲击或异常能量集中，结合当前工况更符合正常运行状态。当前工况为 20 Hz、0 V。
维护建议：建议保持常规监测，持续记录振动趋势；若后续能量分布或冲击特征发生明显变化，应及时复检。"
health_20_0_000413,data/processed/images/all/sample_N_20_0_000413.png,N,正常状态,N,正常状态,1,故障类型：正常状态,"故障类型：正常状态
诊断依据：模型判断该包络时频图整体能量分布较平稳，未呈现明显的周期性冲击或异常能量集中，结合当前工况更符合正常运行状态。当前工况为 20 Hz、0 V。
维护建议：建议保持常规监测，持续记录振动趋势；若后续能量分布或冲击特征发生明显变化，应及时复检。"
health_20_0_000414,data/processed/images/all/sample_N_20_0_000414.png,N,正常状态,BF,滚动体故障,0,故障类型：滚动体故障,"故障类型：滚动体故障
诊断依据：模型判断该包络时频图中存在局部冲击和调制特征，结合行星齿轮箱三方向振动信息，更符合滚动体故障表现。当前工况为 20 Hz、0 V。
维护建议：建议重点检查滚动体表面是否存在磨损、点蚀或剥落，并结合包络谱或现场巡检进一步确认故障程度。"
health_20_0_000415,data/processed/images/all/sample_N_20_0_000415.png,N,正常状态,N,正常状态,1,故障类型：正常状态,"故障类型：正常状态
诊断依据：模型判断该包络时频图整体能量分布较平稳，未呈现明显的周期性冲击或异常能量集中，结合当前工况更符合正常运行状态。当前工况为 20 Hz、0 V。
维护建议：建议保持常规监测，持续记录振动趋势；若后续能量分布或冲击特征发生明显变化，应及时复检。"
health_20_0_000416,data/processed/images/all/sample_N_20_0_000416.png,N,正常状态,N,正常状态,1,故障类型：正常状态,"故障类型：正常状态
诊断依据：模型判断该包络时频图整体能量分布较平稳，未呈现明显的周期性冲击或异常能量集中，结合当前工况更符合正常运行状态。当前工况为 20 Hz、0 V。
维护建议：建议保持常规监测，持续记录振动趋势；若后续能量分布或冲击特征发生明显变化，应及时复检。"
health_20_0_000417,data/processed/images/all/sample_N_20_0_000417.png,N,正常状态,N,正常状态,1,故障类型：正常状态,"故障类型：正常状态
诊断依据：模型判断该包络时频图整体能量分布较平稳，未呈现明显的周期性冲击或异常能量集中，结合当前工况更符合正常运行状态。当前工况为 20 Hz、0 V。
维护建议：建议保持常规监测，持续记录振动趋势；若后续能量分布或冲击特征发生明显变化，应及时复检。"
health_20_0_000418,data/processed/images/all/sample_N_20_0_000418.png,N,正常状态,N,正常状态,1,故障类型：正常状态,"故障类型：正常状态
诊断依据：模型判断该包络时频图整体能量分布较平稳，未呈现明显的周期性冲击或异常能量集中，结合当前工况更符合正常运行状态。当前工况为 20 Hz、0 V。
维护建议：建议保持常规监测，持续记录振动趋势；若后续能量分布或冲击特征发生明显变化，应及时复检。"
health_20_0_000419,data/processed/images/all/sample_N_20_0_000419.png,N,正常状态,N,正常状态,1,故障类型：正常状态,"故障类型：正常状态
诊断依据：模型判断该包络时频图整体能量分布较平稳，未呈现明显的周期性冲击或异常能量集中，结合当前工况更符合正常运行状态。当前工况为 20 Hz、0 V。
维护建议：建议保持常规监测，持续记录振动趋势；若后续能量分布或冲击特征发生明显变化，应及时复检。"
health_20_0_000420,data/processed/images/all/sample_N_20_0_000420.png,N,正常状态,N,正常状态,1,故障类型：正常状态,"故障类型：正常状态
诊断依据：模型判断该包络时频图整体能量分布较平稳，未呈现明显的周期性冲击或异常能量集中，结合当前工况更符合正常运行状态。当前工况为 20 Hz、0 V。
维护建议：建议保持常规监测，持续记录振动趋势；若后续能量分布或冲击特征发生明显变化，应及时复检。"
health_20_0_000421,data/processed/images/all/sample_N_20_0_000421.png,N,正常状态,BF,滚动体故障,0,故障类型：滚动体故障,"故障类型：滚动体故障
诊断依据：模型判断该包络时频图中存在局部冲击和调制特征，结合行星齿轮箱三方向振动信息，更符合滚动体故障表现。当前工况为 20 Hz、0 V。
维护建议：建议重点检查滚动体表面是否存在磨损、点蚀或剥落，并结合包络谱或现场巡检进一步确认故障程度。"
health_20_0_000422,data/processed/images/all/sample_N_20_0_000422.png,N,正常状态,N,正常状态,1,故障类型：正常状态,"故障类型：正常状态
诊断依据：模型判断该包络时频图整体能量分布较平稳，未呈现明显的周期性冲击或异常能量集中，结合当前工况更符合正常运行状态。当前工况为 20 Hz、0 V。
维护建议：建议保持常规监测，持续记录振动趋势；若后续能量分布或冲击特征发生明显变化，应及时复检。"
health_20_0_000423,data/processed/images/all/sample_N_20_0_000423.png,N,正常状态,IF,内圈故障,0,故障类型：内圈故障,"故障类型：内圈故障
诊断依据：模型判断该包络时频图中存在较明显的周期性冲击和调制成分，结合当前转速与负载工况，更符合内圈故障特征。当前工况为 20 Hz、0 V。
维护建议：建议重点检查轴承内圈表面损伤情况，并结合历史振动趋势评估故障发展速度。"
health_20_0_000424,data/processed/images/all/sample_N_20_0_000424.png,N,正常状态,N,正常状态,1,故障类型：正常状态,"故障类型：正常状态
诊断依据：模型判断该包络时频图整体能量分布较平稳，未呈现明显的周期性冲击或异常能量集中，结合当前工况更符合正常运行状态。当前工况为 20 Hz、0 V。
维护建议：建议保持常规监测，持续记录振动趋势；若后续能量分布或冲击特征发生明显变化，应及时复检。"
health_20_0_000425,data/processed/images/all/sample_N_20_0_000425.png,N,正常状态,N,正常状态,1,故障类型：正常状态,"故障类型：正常状态
诊断依据：模型判断该包络时频图整体能量分布较平稳，未呈现明显的周期性冲击或异常能量集中，结合当前工况更符合正常运行状态。当前工况为 20 Hz、0 V。
维护建议：建议保持常规监测，持续记录振动趋势；若后续能量分布或冲击特征发生明显变化，应及时复检。"
health_20_0_000426,data/processed/images/all/sample_N_20_0_000426.png,N,正常状态,N,正常状态,1,故障类型：正常状态,"故障类型：正常状态
诊断依据：模型判断该包络时频图整体能量分布较平稳，未呈现明显的周期性冲击或异常能量集中，结合当前工况更符合正常运行状态。当前工况为 20 Hz、0 V。
维护建议：建议保持常规监测，持续记录振动趋势；若后续能量分布或冲击特征发生明显变化，应及时复检。"
health_20_0_000427,data/processed/images/all/sample_N_20_0_000427.png,N,正常状态,N,正常状态,1,故障类型：正常状态,"故障类型：正常状态
诊断依据：模型判断该包络时频图整体能量分布较平稳，未呈现明显的周期性冲击或异常能量集中，结合当前工况更符合正常运行状态。当前工况为 20 Hz、0 V。
维护建议：建议保持常规监测，持续记录振动趋势；若后续能量分布或冲击特征发生明显变化，应及时复检。"
health_20_0_000428,data/processed/images/all/sample_N_20_0_000428.png,N,正常状态,IF,内圈故障,0,故障类型：内圈故障,"故障类型：内圈故障
诊断依据：模型判断该包络时频图中存在较明显的周期性冲击和调制成分，结合当前转速与负载工况，更符合内圈故障特征。当前工况为 20 Hz、0 V。
维护建议：建议重点检查轴承内圈表面损伤情况，并结合历史振动趋势评估故障发展速度。"
health_20_0_000429,data/processed/images/all/sample_N_20_0_000429.png,N,正常状态,N,正常状态,1,故障类型：正常状态,"故障类型：正常状态
诊断依据：模型判断该包络时频图整体能量分布较平稳，未呈现明显的周期性冲击或异常能量集中，结合当前工况更符合正常运行状态。当前工况为 20 Hz、0 V。
维护建议：建议保持常规监测，持续记录振动趋势；若后续能量分布或冲击特征发生明显变化，应及时复检。"
health_20_0_000430,data/processed/images/all/sample_N_20_0_000430.png,N,正常状态,N,正常状态,1,故障类型：正常状态,"故障类型：正常状态
诊断依据：模型判断该包络时频图整体能量分布较平稳，未呈现明显的周期性冲击或异常能量集中，结合当前工况更符合正常运行状态。当前工况为 20 Hz、0 V。
维护建议：建议保持常规监测，持续记录振动趋势；若后续能量分布或冲击特征发生明显变化，应及时复检。"
health_20_0_000431,data/processed/images/all/sample_N_20_0_000431.png,N,正常状态,N,正常状态,1,故障类型：正常状态,"故障类型：正常状态
诊断依据：模型判断该包络时频图整体能量分布较平稳，未呈现明显的周期性冲击或异常能量集中，结合当前工况更符合正常运行状态。当前工况为 20 Hz、0 V。
维护建议：建议保持常规监测，持续记录振动趋势；若后续能量分布或冲击特征发生明显变化，应及时复检。"
health_20_0_000432,data/processed/images/all/sample_N_20_0_000432.png,N,正常状态,N,正常状态,1,故障类型：正常状态,"故障类型：正常状态
诊断依据：模型判断该包络时频图整体能量分布较平稳，未呈现明显的周期性冲击或异常能量集中，结合当前工况更符合正常运行状态。当前工况为 20 Hz、0 V。
维护建议：建议保持常规监测，持续记录振动趋势；若后续能量分布或冲击特征发生明显变化，应及时复检。"
health_20_0_000433,data/processed/images/all/sample_N_20_0_000433.png,N,正常状态,N,正常状态,1,故障类型：正常状态,"故障类型：正常状态
诊断依据：模型判断该包络时频图整体能量分布较平稳，未呈现明显的周期性冲击或异常能量集中，结合当前工况更符合正常运行状态。当前工况为 20 Hz、0 V。
维护建议：建议保持常规监测，持续记录振动趋势；若后续能量分布或冲击特征发生明显变化，应及时复检。"
health_20_0_000434,data/processed/images/all/sample_N_20_0_000434.png,N,正常状态,N,正常状态,1,故障类型：正常状态,"故障类型：正常状态
诊断依据：模型判断该包络时频图整体能量分布较平稳，未呈现明显的周期性冲击或异常能量集中，结合当前工况更符合正常运行状态。当前工况为 20 Hz、0 V。
维护建议：建议保持常规监测，持续记录振动趋势；若后续能量分布或冲击特征发生明显变化，应及时复检。"
health_20_0_000435,data/processed/images/all/sample_N_20_0_000435.png,N,正常状态,N,正常状态,1,故障类型：正常状态,"故障类型：正常状态
诊断依据：模型判断该包络时频图整体能量分布较平稳，未呈现明显的周期性冲击或异常能量集中，结合当前工况更符合正常运行状态。当前工况为 20 Hz、0 V。
维护建议：建议保持常规监测，持续记录振动趋势；若后续能量分布或冲击特征发生明显变化，应及时复检。"
health_20_0_000436,data/processed/images/all/sample_N_20_0_000436.png,N,正常状态,N,正常状态,1,故障类型：正常状态,"故障类型：正常状态
诊断依据：模型判断该包络时频图整体能量分布较平稳，未呈现明显的周期性冲击或异常能量集中，结合当前工况更符合正常运行状态。当前工况为 20 Hz、0 V。
维护建议：建议保持常规监测，持续记录振动趋势；若后续能量分布或冲击特征发生明显变化，应及时复检。"
health_20_0_000437,data/processed/images/all/sample_N_20_0_000437.png,N,正常状态,N,正常状态,1,故障类型：正常状态,"故障类型：正常状态
诊断依据：模型判断该包络时频图整体能量分布较平稳，未呈现明显的周期性冲击或异常能量集中，结合当前工况更符合正常运行状态。当前工况为 20 Hz、0 V。
维护建议：建议保持常规监测，持续记录振动趋势；若后续能量分布或冲击特征发生明显变化，应及时复检。"
health_20_0_000438,data/processed/images/all/sample_N_20_0_000438.png,N,正常状态,N,正常状态,1,故障类型：正常状态,"故障类型：正常状态
诊断依据：模型判断该包络时频图整体能量分布较平稳，未呈现明显的周期性冲击或异常能量集中，结合当前工况更符合正常运行状态。当前工况为 20 Hz、0 V。
维护建议：建议保持常规监测，持续记录振动趋势；若后续能量分布或冲击特征发生明显变化，应及时复检。"
health_20_0_000439,data/processed/images/all/sample_N_20_0_000439.png,N,正常状态,N,正常状态,1,故障类型：正常状态,"故障类型：正常状态
诊断依据：模型判断该包络时频图整体能量分布较平稳，未呈现明显的周期性冲击或异常能量集中，结合当前工况更符合正常运行状态。当前工况为 20 Hz、0 V。
维护建议：建议保持常规监测，持续记录振动趋势；若后续能量分布或冲击特征发生明显变化，应及时复检。"
health_20_0_000440,data/processed/images/all/sample_N_20_0_000440.png,N,正常状态,N,正常状态,1,故障类型：正常状态,"故障类型：正常状态
诊断依据：模型判断该包络时频图整体能量分布较平稳，未呈现明显的周期性冲击或异常能量集中，结合当前工况更符合正常运行状态。当前工况为 20 Hz、0 V。
维护建议：建议保持常规监测，持续记录振动趋势；若后续能量分布或冲击特征发生明显变化，应及时复检。"
health_20_0_000441,data/processed/images/all/sample_N_20_0_000441.png,N,正常状态,N,正常状态,1,故障类型：正常状态,"故障类型：正常状态
诊断依据：模型判断该包络时频图整体能量分布较平稳，未呈现明显的周期性冲击或异常能量集中，结合当前工况更符合正常运行状态。当前工况为 20 Hz、0 V。
维护建议：建议保持常规监测，持续记录振动趋势；若后续能量分布或冲击特征发生明显变化，应及时复检。"
health_20_0_000442,data/processed/images/all/sample_N_20_0_000442.png,N,正常状态,N,正常状态,1,故障类型：正常状态,"故障类型：正常状态
诊断依据：模型判断该包络时频图整体能量分布较平稳，未呈现明显的周期性冲击或异常能量集中，结合当前工况更符合正常运行状态。当前工况为 20 Hz、0 V。
维护建议：建议保持常规监测，持续记录振动趋势；若后续能量分布或冲击特征发生明显变化，应及时复检。"
health_20_0_000443,data/processed/images/all/sample_N_20_0_000443.png,N,正常状态,N,正常状态,1,故障类型：正常状态,"故障类型：正常状态
诊断依据：模型判断该包络时频图整体能量分布较平稳，未呈现明显的周期性冲击或异常能量集中，结合当前工况更符合正常运行状态。当前工况为 20 Hz、0 V。
维护建议：建议保持常规监测，持续记录振动趋势；若后续能量分布或冲击特征发生明显变化，应及时复检。"
health_20_0_000444,data/processed/images/all/sample_N_20_0_000444.png,N,正常状态,N,正常状态,1,故障类型：正常状态,"故障类型：正常状态
诊断依据：模型判断该包络时频图整体能量分布较平稳，未呈现明显的周期性冲击或异常能量集中，结合当前工况更符合正常运行状态。当前工况为 20 Hz、0 V。
维护建议：建议保持常规监测，持续记录振动趋势；若后续能量分布或冲击特征发生明显变化，应及时复检。"
health_20_0_000445,data/processed/images/all/sample_N_20_0_000445.png,N,正常状态,IF,内圈故障,0,故障类型：内圈故障,"故障类型：内圈故障
诊断依据：模型判断该包络时频图中存在较明显的周期性冲击和调制成分，结合当前转速与负载工况，更符合内圈故障特征。当前工况为 20 Hz、0 V。
维护建议：建议重点检查轴承内圈表面损伤情况，并结合历史振动趋势评估故障发展速度。"
health_20_0_000446,data/processed/images/all/sample_N_20_0_000446.png,N,正常状态,N,正常状态,1,故障类型：正常状态,"故障类型：正常状态
诊断依据：模型判断该包络时频图整体能量分布较平稳，未呈现明显的周期性冲击或异常能量集中，结合当前工况更符合正常运行状态。当前工况为 20 Hz、0 V。
维护建议：建议保持常规监测，持续记录振动趋势；若后续能量分布或冲击特征发生明显变化，应及时复检。"
health_20_0_000447,data/processed/images/all/sample_N_20_0_000447.png,N,正常状态,CF,混合故障,0,故障类型：混合故障,"故障类型：混合故障
诊断依据：模型判断该包络时频图中呈现多组冲击成分和较复杂的能量分布，可能对应多部位共同损伤引起的复合振动特征。当前工况为 20 Hz、0 V。
维护建议：建议同时检查轴承内圈和外圈，并优先安排停机检测，避免复合故障进一步扩展。"
health_20_0_000448,data/processed/images/all/sample_N_20_0_000448.png,N,正常状态,N,正常状态,1,故障类型：正常状态,"故障类型：正常状态
诊断依据：模型判断该包络时频图整体能量分布较平稳，未呈现明显的周期性冲击或异常能量集中，结合当前工况更符合正常运行状态。当前工况为 20 Hz、0 V。
维护建议：建议保持常规监测，持续记录振动趋势；若后续能量分布或冲击特征发生明显变化，应及时复检。"
health_20_0_000449,data/processed/images/all/sample_N_20_0_000449.png,N,正常状态,N,正常状态,1,故障类型：正常状态,"故障类型：正常状态
诊断依据：模型判断该包络时频图整体能量分布较平稳，未呈现明显的周期性冲击或异常能量集中，结合当前工况更符合正常运行状态。当前工况为 20 Hz、0 V。
维护建议：建议保持常规监测，持续记录振动趋势；若后续能量分布或冲击特征发生明显变化，应及时复检。"
health_20_0_000450,data/processed/images/all/sample_N_20_0_000450.png,N,正常状态,N,正常状态,1,故障类型：正常状态,"故障类型：正常状态
诊断依据：模型判断该包络时频图整体能量分布较平稳，未呈现明显的周期性冲击或异常能量集中，结合当前工况更符合正常运行状态。当前工况为 20 Hz、0 V。
维护建议：建议保持常规监测，持续记录振动趋势；若后续能量分布或冲击特征发生明显变化，应及时复检。"
health_20_0_000451,data/processed/images/all/sample_N_20_0_000451.png,N,正常状态,N,正常状态,1,故障类型：正常状态,"故障类型：正常状态
诊断依据：模型判断该包络时频图整体能量分布较平稳，未呈现明显的周期性冲击或异常能量集中，结合当前工况更符合正常运行状态。当前工况为 20 Hz、0 V。
维护建议：建议保持常规监测，持续记录振动趋势；若后续能量分布或冲击特征发生明显变化，应及时复检。"
health_20_0_000452,data/processed/images/all/sample_N_20_0_000452.png,N,正常状态,N,正常状态,1,故障类型：正常状态,"故障类型：正常状态
诊断依据：模型判断该包络时频图整体能量分布较平稳，未呈现明显的周期性冲击或异常能量集中，结合当前工况更符合正常运行状态。当前工况为 20 Hz、0 V。
维护建议：建议保持常规监测，持续记录振动趋势；若后续能量分布或冲击特征发生明显变化，应及时复检。"
health_20_0_000453,data/processed/images/all/sample_N_20_0_000453.png,N,正常状态,N,正常状态,1,故障类型：正常状态,"故障类型：正常状态
诊断依据：模型判断该包络时频图整体能量分布较平稳，未呈现明显的周期性冲击或异常能量集中，结合当前工况更符合正常运行状态。当前工况为 20 Hz、0 V。
维护建议：建议保持常规监测，持续记录振动趋势；若后续能量分布或冲击特征发生明显变化，应及时复检。"
health_20_0_000454,data/processed/images/all/sample_N_20_0_000454.png,N,正常状态,N,正常状态,1,故障类型：正常状态,"故障类型：正常状态
诊断依据：模型判断该包络时频图整体能量分布较平稳，未呈现明显的周期性冲击或异常能量集中，结合当前工况更符合正常运行状态。当前工况为 20 Hz、0 V。
维护建议：建议保持常规监测，持续记录振动趋势；若后续能量分布或冲击特征发生明显变化，应及时复检。"
health_20_0_000455,data/processed/images/all/sample_N_20_0_000455.png,N,正常状态,BF,滚动体故障,0,故障类型：滚动体故障,"故障类型：滚动体故障
诊断依据：模型判断该包络时频图中存在局部冲击和调制特征，结合行星齿轮箱三方向振动信息，更符合滚动体故障表现。当前工况为 20 Hz、0 V。
维护建议：建议重点检查滚动体表面是否存在磨损、点蚀或剥落，并结合包络谱或现场巡检进一步确认故障程度。"
health_20_0_000456,data/processed/images/all/sample_N_20_0_000456.png,N,正常状态,N,正常状态,1,故障类型：正常状态,"故障类型：正常状态
诊断依据：模型判断该包络时频图整体能量分布较平稳，未呈现明显的周期性冲击或异常能量集中，结合当前工况更符合正常运行状态。当前工况为 20 Hz、0 V。
维护建议：建议保持常规监测，持续记录振动趋势；若后续能量分布或冲击特征发生明显变化，应及时复检。"
health_20_0_000457,data/processed/images/all/sample_N_20_0_000457.png,N,正常状态,N,正常状态,1,故障类型：正常状态,"故障类型：正常状态
诊断依据：模型判断该包络时频图整体能量分布较平稳，未呈现明显的周期性冲击或异常能量集中，结合当前工况更符合正常运行状态。当前工况为 20 Hz、0 V。
维护建议：建议保持常规监测，持续记录振动趋势；若后续能量分布或冲击特征发生明显变化，应及时复检。"
health_20_0_000458,data/processed/images/all/sample_N_20_0_000458.png,N,正常状态,N,正常状态,1,故障类型：正常状态,"故障类型：正常状态
诊断依据：模型判断该包络时频图整体能量分布较平稳，未呈现明显的周期性冲击或异常能量集中，结合当前工况更符合正常运行状态。当前工况为 20 Hz、0 V。
维护建议：建议保持常规监测，持续记录振动趋势；若后续能量分布或冲击特征发生明显变化，应及时复检。"
health_20_0_000459,data/processed/images/all/sample_N_20_0_000459.png,N,正常状态,N,正常状态,1,故障类型：正常状态,"故障类型：正常状态
诊断依据：模型判断该包络时频图整体能量分布较平稳，未呈现明显的周期性冲击或异常能量集中，结合当前工况更符合正常运行状态。当前工况为 20 Hz、0 V。
维护建议：建议保持常规监测，持续记录振动趋势；若后续能量分布或冲击特征发生明显变化，应及时复检。"
health_20_0_000460,data/processed/images/all/sample_N_20_0_000460.png,N,正常状态,N,正常状态,1,故障类型：正常状态,"故障类型：正常状态
诊断依据：模型判断该包络时频图整体能量分布较平稳，未呈现明显的周期性冲击或异常能量集中，结合当前工况更符合正常运行状态。当前工况为 20 Hz、0 V。
维护建议：建议保持常规监测，持续记录振动趋势；若后续能量分布或冲击特征发生明显变化，应及时复检。"
health_20_0_000461,data/processed/images/all/sample_N_20_0_000461.png,N,正常状态,N,正常状态,1,故障类型：正常状态,"故障类型：正常状态
诊断依据：模型判断该包络时频图整体能量分布较平稳，未呈现明显的周期性冲击或异常能量集中，结合当前工况更符合正常运行状态。当前工况为 20 Hz、0 V。
维护建议：建议保持常规监测，持续记录振动趋势；若后续能量分布或冲击特征发生明显变化，应及时复检。"
health_20_0_000462,data/processed/images/all/sample_N_20_0_000462.png,N,正常状态,N,正常状态,1,故障类型：正常状态,"故障类型：正常状态
诊断依据：模型判断该包络时频图整体能量分布较平稳，未呈现明显的周期性冲击或异常能量集中，结合当前工况更符合正常运行状态。当前工况为 20 Hz、0 V。
维护建议：建议保持常规监测，持续记录振动趋势；若后续能量分布或冲击特征发生明显变化，应及时复检。"
health_20_0_000463,data/processed/images/all/sample_N_20_0_000463.png,N,正常状态,N,正常状态,1,故障类型：正常状态,"故障类型：正常状态
诊断依据：模型判断该包络时频图整体能量分布较平稳，未呈现明显的周期性冲击或异常能量集中，结合当前工况更符合正常运行状态。当前工况为 20 Hz、0 V。
维护建议：建议保持常规监测，持续记录振动趋势；若后续能量分布或冲击特征发生明显变化，应及时复检。"
health_20_0_000464,data/processed/images/all/sample_N_20_0_000464.png,N,正常状态,N,正常状态,1,故障类型：正常状态,"故障类型：正常状态
诊断依据：模型判断该包络时频图整体能量分布较平稳，未呈现明显的周期性冲击或异常能量集中，结合当前工况更符合正常运行状态。当前工况为 20 Hz、0 V。
维护建议：建议保持常规监测，持续记录振动趋势；若后续能量分布或冲击特征发生明显变化，应及时复检。"
health_20_0_000465,data/processed/images/all/sample_N_20_0_000465.png,N,正常状态,N,正常状态,1,故障类型：正常状态,"故障类型：正常状态
诊断依据：模型判断该包络时频图整体能量分布较平稳，未呈现明显的周期性冲击或异常能量集中，结合当前工况更符合正常运行状态。当前工况为 20 Hz、0 V。
维护建议：建议保持常规监测，持续记录振动趋势；若后续能量分布或冲击特征发生明显变化，应及时复检。"
health_20_0_000466,data/processed/images/all/sample_N_20_0_000466.png,N,正常状态,N,正常状态,1,故障类型：正常状态,"故障类型：正常状态
诊断依据：模型判断该包络时频图整体能量分布较平稳，未呈现明显的周期性冲击或异常能量集中，结合当前工况更符合正常运行状态。当前工况为 20 Hz、0 V。
维护建议：建议保持常规监测，持续记录振动趋势；若后续能量分布或冲击特征发生明显变化，应及时复检。"
health_20_0_000467,data/processed/images/all/sample_N_20_0_000467.png,N,正常状态,IF,内圈故障,0,故障类型：内圈故障,"故障类型：内圈故障
诊断依据：模型判断该包络时频图中存在较明显的周期性冲击和调制成分，结合当前转速与负载工况，更符合内圈故障特征。当前工况为 20 Hz、0 V。
维护建议：建议重点检查轴承内圈表面损伤情况，并结合历史振动趋势评估故障发展速度。"
health_20_0_000468,data/processed/images/all/sample_N_20_0_000468.png,N,正常状态,IF,内圈故障,0,故障类型：内圈故障,"故障类型：内圈故障
诊断依据：模型判断该包络时频图中存在较明显的周期性冲击和调制成分，结合当前转速与负载工况，更符合内圈故障特征。当前工况为 20 Hz、0 V。
维护建议：建议重点检查轴承内圈表面损伤情况，并结合历史振动趋势评估故障发展速度。"
health_20_0_000469,data/processed/images/all/sample_N_20_0_000469.png,N,正常状态,N,正常状态,1,故障类型：正常状态,"故障类型：正常状态
诊断依据：模型判断该包络时频图整体能量分布较平稳，未呈现明显的周期性冲击或异常能量集中，结合当前工况更符合正常运行状态。当前工况为 20 Hz、0 V。
维护建议：建议保持常规监测，持续记录振动趋势；若后续能量分布或冲击特征发生明显变化，应及时复检。"
health_20_0_000470,data/processed/images/all/sample_N_20_0_000470.png,N,正常状态,N,正常状态,1,故障类型：正常状态,"故障类型：正常状态
诊断依据：模型判断该包络时频图整体能量分布较平稳，未呈现明显的周期性冲击或异常能量集中，结合当前工况更符合正常运行状态。当前工况为 20 Hz、0 V。
维护建议：建议保持常规监测，持续记录振动趋势；若后续能量分布或冲击特征发生明显变化，应及时复检。"
health_20_0_000471,data/processed/images/all/sample_N_20_0_000471.png,N,正常状态,N,正常状态,1,故障类型：正常状态,"故障类型：正常状态
诊断依据：模型判断该包络时频图整体能量分布较平稳，未呈现明显的周期性冲击或异常能量集中，结合当前工况更符合正常运行状态。当前工况为 20 Hz、0 V。
维护建议：建议保持常规监测，持续记录振动趋势；若后续能量分布或冲击特征发生明显变化，应及时复检。"
health_20_0_000472,data/processed/images/all/sample_N_20_0_000472.png,N,正常状态,N,正常状态,1,故障类型：正常状态,"故障类型：正常状态
诊断依据：模型判断该包络时频图整体能量分布较平稳，未呈现明显的周期性冲击或异常能量集中，结合当前工况更符合正常运行状态。当前工况为 20 Hz、0 V。
维护建议：建议保持常规监测，持续记录振动趋势；若后续能量分布或冲击特征发生明显变化，应及时复检。"
health_20_0_000473,data/processed/images/all/sample_N_20_0_000473.png,N,正常状态,N,正常状态,1,故障类型：正常状态,"故障类型：正常状态
诊断依据：模型判断该包络时频图整体能量分布较平稳，未呈现明显的周期性冲击或异常能量集中，结合当前工况更符合正常运行状态。当前工况为 20 Hz、0 V。
维护建议：建议保持常规监测，持续记录振动趋势；若后续能量分布或冲击特征发生明显变化，应及时复检。"
health_20_0_000474,data/processed/images/all/sample_N_20_0_000474.png,N,正常状态,N,正常状态,1,故障类型：正常状态,"故障类型：正常状态
诊断依据：模型判断该包络时频图整体能量分布较平稳，未呈现明显的周期性冲击或异常能量集中，结合当前工况更符合正常运行状态。当前工况为 20 Hz、0 V。
维护建议：建议保持常规监测，持续记录振动趋势；若后续能量分布或冲击特征发生明显变化，应及时复检。"
health_20_0_000475,data/processed/images/all/sample_N_20_0_000475.png,N,正常状态,N,正常状态,1,故障类型：正常状态,"故障类型：正常状态
诊断依据：模型判断该包络时频图整体能量分布较平稳，未呈现明显的周期性冲击或异常能量集中，结合当前工况更符合正常运行状态。当前工况为 20 Hz、0 V。
维护建议：建议保持常规监测，持续记录振动趋势；若后续能量分布或冲击特征发生明显变化，应及时复检。"
health_20_0_000476,data/processed/images/all/sample_N_20_0_000476.png,N,正常状态,N,正常状态,1,故障类型：正常状态,"故障类型：正常状态
诊断依据：模型判断该包络时频图整体能量分布较平稳，未呈现明显的周期性冲击或异常能量集中，结合当前工况更符合正常运行状态。当前工况为 20 Hz、0 V。
维护建议：建议保持常规监测，持续记录振动趋势；若后续能量分布或冲击特征发生明显变化，应及时复检。"
health_20_0_000477,data/processed/images/all/sample_N_20_0_000477.png,N,正常状态,N,正常状态,1,故障类型：正常状态,"故障类型：正常状态
诊断依据：模型判断该包络时频图整体能量分布较平稳，未呈现明显的周期性冲击或异常能量集中，结合当前工况更符合正常运行状态。当前工况为 20 Hz、0 V。
维护建议：建议保持常规监测，持续记录振动趋势；若后续能量分布或冲击特征发生明显变化，应及时复检。"
health_20_0_000478,data/processed/images/all/sample_N_20_0_000478.png,N,正常状态,N,正常状态,1,故障类型：正常状态,"故障类型：正常状态
诊断依据：模型判断该包络时频图整体能量分布较平稳，未呈现明显的周期性冲击或异常能量集中，结合当前工况更符合正常运行状态。当前工况为 20 Hz、0 V。
维护建议：建议保持常规监测，持续记录振动趋势；若后续能量分布或冲击特征发生明显变化，应及时复检。"
health_20_0_000479,data/processed/images/all/sample_N_20_0_000479.png,N,正常状态,N,正常状态,1,故障类型：正常状态,"故障类型：正常状态
诊断依据：模型判断该包络时频图整体能量分布较平稳，未呈现明显的周期性冲击或异常能量集中，结合当前工况更符合正常运行状态。当前工况为 20 Hz、0 V。
维护建议：建议保持常规监测，持续记录振动趋势；若后续能量分布或冲击特征发生明显变化，应及时复检。"
health_20_0_000480,data/processed/images/all/sample_N_20_0_000480.png,N,正常状态,N,正常状态,1,故障类型：正常状态,"故障类型：正常状态
诊断依据：模型判断该包络时频图整体能量分布较平稳，未呈现明显的周期性冲击或异常能量集中，结合当前工况更符合正常运行状态。当前工况为 20 Hz、0 V。
维护建议：建议保持常规监测，持续记录振动趋势；若后续能量分布或冲击特征发生明显变化，应及时复检。"
health_20_0_000481,data/processed/images/all/sample_N_20_0_000481.png,N,正常状态,N,正常状态,1,故障类型：正常状态,"故障类型：正常状态
诊断依据：模型判断该包络时频图整体能量分布较平稳，未呈现明显的周期性冲击或异常能量集中，结合当前工况更符合正常运行状态。当前工况为 20 Hz、0 V。
维护建议：建议保持常规监测，持续记录振动趋势；若后续能量分布或冲击特征发生明显变化，应及时复检。"
health_20_0_000482,data/processed/images/all/sample_N_20_0_000482.png,N,正常状态,IF,内圈故障,0,故障类型：内圈故障,"故障类型：内圈故障
诊断依据：模型判断该包络时频图中存在较明显的周期性冲击和调制成分，结合当前转速与负载工况，更符合内圈故障特征。当前工况为 20 Hz、0 V。
维护建议：建议重点检查轴承内圈表面损伤情况，并结合历史振动趋势评估故障发展速度。"
health_20_0_000483,data/processed/images/all/sample_N_20_0_000483.png,N,正常状态,N,正常状态,1,故障类型：正常状态,"故障类型：正常状态
诊断依据：模型判断该包络时频图整体能量分布较平稳，未呈现明显的周期性冲击或异常能量集中，结合当前工况更符合正常运行状态。当前工况为 20 Hz、0 V。
维护建议：建议保持常规监测，持续记录振动趋势；若后续能量分布或冲击特征发生明显变化，应及时复检。"
health_20_0_000484,data/processed/images/all/sample_N_20_0_000484.png,N,正常状态,N,正常状态,1,故障类型：正常状态,"故障类型：正常状态
诊断依据：模型判断该包络时频图整体能量分布较平稳，未呈现明显的周期性冲击或异常能量集中，结合当前工况更符合正常运行状态。当前工况为 20 Hz、0 V。
维护建议：建议保持常规监测，持续记录振动趋势；若后续能量分布或冲击特征发生明显变化，应及时复检。"
health_20_0_000485,data/processed/images/all/sample_N_20_0_000485.png,N,正常状态,N,正常状态,1,故障类型：正常状态,"故障类型：正常状态
诊断依据：模型判断该包络时频图整体能量分布较平稳，未呈现明显的周期性冲击或异常能量集中，结合当前工况更符合正常运行状态。当前工况为 20 Hz、0 V。
维护建议：建议保持常规监测，持续记录振动趋势；若后续能量分布或冲击特征发生明显变化，应及时复检。"
health_20_0_000486,data/processed/images/all/sample_N_20_0_000486.png,N,正常状态,BF,滚动体故障,0,故障类型：滚动体故障,"故障类型：滚动体故障
诊断依据：模型判断该包络时频图中存在局部冲击和调制特征，结合行星齿轮箱三方向振动信息，更符合滚动体故障表现。当前工况为 20 Hz、0 V。
维护建议：建议重点检查滚动体表面是否存在磨损、点蚀或剥落，并结合包络谱或现场巡检进一步确认故障程度。"
health_20_0_000487,data/processed/images/all/sample_N_20_0_000487.png,N,正常状态,N,正常状态,1,故障类型：正常状态,"故障类型：正常状态
诊断依据：模型判断该包络时频图整体能量分布较平稳，未呈现明显的周期性冲击或异常能量集中，结合当前工况更符合正常运行状态。当前工况为 20 Hz、0 V。
维护建议：建议保持常规监测，持续记录振动趋势；若后续能量分布或冲击特征发生明显变化，应及时复检。"
health_20_0_000488,data/processed/images/all/sample_N_20_0_000488.png,N,正常状态,N,正常状态,1,故障类型：正常状态,"故障类型：正常状态
诊断依据：模型判断该包络时频图整体能量分布较平稳，未呈现明显的周期性冲击或异常能量集中，结合当前工况更符合正常运行状态。当前工况为 20 Hz、0 V。
维护建议：建议保持常规监测，持续记录振动趋势；若后续能量分布或冲击特征发生明显变化，应及时复检。"
health_20_0_000489,data/processed/images/all/sample_N_20_0_000489.png,N,正常状态,N,正常状态,1,故障类型：正常状态,"故障类型：正常状态
诊断依据：模型判断该包络时频图整体能量分布较平稳，未呈现明显的周期性冲击或异常能量集中，结合当前工况更符合正常运行状态。当前工况为 20 Hz、0 V。
维护建议：建议保持常规监测，持续记录振动趋势；若后续能量分布或冲击特征发生明显变化，应及时复检。"
health_20_0_000490,data/processed/images/all/sample_N_20_0_000490.png,N,正常状态,N,正常状态,1,故障类型：正常状态,"故障类型：正常状态
诊断依据：模型判断该包络时频图整体能量分布较平稳，未呈现明显的周期性冲击或异常能量集中，结合当前工况更符合正常运行状态。当前工况为 20 Hz、0 V。
维护建议：建议保持常规监测，持续记录振动趋势；若后续能量分布或冲击特征发生明显变化，应及时复检。"
health_20_0_000491,data/processed/images/all/sample_N_20_0_000491.png,N,正常状态,N,正常状态,1,故障类型：正常状态,"故障类型：正常状态
诊断依据：模型判断该包络时频图整体能量分布较平稳，未呈现明显的周期性冲击或异常能量集中，结合当前工况更符合正常运行状态。当前工况为 20 Hz、0 V。
维护建议：建议保持常规监测，持续记录振动趋势；若后续能量分布或冲击特征发生明显变化，应及时复检。"
health_20_0_000492,data/processed/images/all/sample_N_20_0_000492.png,N,正常状态,N,正常状态,1,故障类型：正常状态,"故障类型：正常状态
诊断依据：模型判断该包络时频图整体能量分布较平稳，未呈现明显的周期性冲击或异常能量集中，结合当前工况更符合正常运行状态。当前工况为 20 Hz、0 V。
维护建议：建议保持常规监测，持续记录振动趋势；若后续能量分布或冲击特征发生明显变化，应及时复检。"
health_20_0_000493,data/processed/images/all/sample_N_20_0_000493.png,N,正常状态,N,正常状态,1,故障类型：正常状态,"故障类型：正常状态
诊断依据：模型判断该包络时频图整体能量分布较平稳，未呈现明显的周期性冲击或异常能量集中，结合当前工况更符合正常运行状态。当前工况为 20 Hz、0 V。
维护建议：建议保持常规监测，持续记录振动趋势；若后续能量分布或冲击特征发生明显变化，应及时复检。"
health_20_0_000494,data/processed/images/all/sample_N_20_0_000494.png,N,正常状态,N,正常状态,1,故障类型：正常状态,"故障类型：正常状态
诊断依据：模型判断该包络时频图整体能量分布较平稳，未呈现明显的周期性冲击或异常能量集中，结合当前工况更符合正常运行状态。当前工况为 20 Hz、0 V。
维护建议：建议保持常规监测，持续记录振动趋势；若后续能量分布或冲击特征发生明显变化，应及时复检。"
health_20_0_000495,data/processed/images/all/sample_N_20_0_000495.png,N,正常状态,N,正常状态,1,故障类型：正常状态,"故障类型：正常状态
诊断依据：模型判断该包络时频图整体能量分布较平稳，未呈现明显的周期性冲击或异常能量集中，结合当前工况更符合正常运行状态。当前工况为 20 Hz、0 V。
维护建议：建议保持常规监测，持续记录振动趋势；若后续能量分布或冲击特征发生明显变化，应及时复检。"
health_20_0_000496,data/processed/images/all/sample_N_20_0_000496.png,N,正常状态,N,正常状态,1,故障类型：正常状态,"故障类型：正常状态
诊断依据：模型判断该包络时频图整体能量分布较平稳，未呈现明显的周期性冲击或异常能量集中，结合当前工况更符合正常运行状态。当前工况为 20 Hz、0 V。
维护建议：建议保持常规监测，持续记录振动趋势；若后续能量分布或冲击特征发生明显变化，应及时复检。"
health_20_0_000497,data/processed/images/all/sample_N_20_0_000497.png,N,正常状态,N,正常状态,1,故障类型：正常状态,"故障类型：正常状态
诊断依据：模型判断该包络时频图整体能量分布较平稳，未呈现明显的周期性冲击或异常能量集中，结合当前工况更符合正常运行状态。当前工况为 20 Hz、0 V。
维护建议：建议保持常规监测，持续记录振动趋势；若后续能量分布或冲击特征发生明显变化，应及时复检。"
health_20_0_000498,data/processed/images/all/sample_N_20_0_000498.png,N,正常状态,N,正常状态,1,故障类型：正常状态,"故障类型：正常状态
诊断依据：模型判断该包络时频图整体能量分布较平稳，未呈现明显的周期性冲击或异常能量集中，结合当前工况更符合正常运行状态。当前工况为 20 Hz、0 V。
维护建议：建议保持常规监测，持续记录振动趋势；若后续能量分布或冲击特征发生明显变化，应及时复检。"
health_20_0_000499,data/processed/images/all/sample_N_20_0_000499.png,N,正常状态,BF,滚动体故障,0,故障类型：滚动体故障,"故障类型：滚动体故障
诊断依据：模型判断该包络时频图中存在局部冲击和调制特征，结合行星齿轮箱三方向振动信息，更符合滚动体故障表现。当前工况为 20 Hz、0 V。
维护建议：建议重点检查滚动体表面是否存在磨损、点蚀或剥落，并结合包络谱或现场巡检进一步确认故障程度。"
health_20_0_000500,data/processed/images/all/sample_N_20_0_000500.png,N,正常状态,N,正常状态,1,故障类型：正常状态,"故障类型：正常状态
诊断依据：模型判断该包络时频图整体能量分布较平稳，未呈现明显的周期性冲击或异常能量集中，结合当前工况更符合正常运行状态。当前工况为 20 Hz、0 V。
维护建议：建议保持常规监测，持续记录振动趋势；若后续能量分布或冲击特征发生明显变化，应及时复检。"
health_20_0_000501,data/processed/images/all/sample_N_20_0_000501.png,N,正常状态,N,正常状态,1,故障类型：正常状态,"故障类型：正常状态
诊断依据：模型判断该包络时频图整体能量分布较平稳，未呈现明显的周期性冲击或异常能量集中，结合当前工况更符合正常运行状态。当前工况为 20 Hz、0 V。
维护建议：建议保持常规监测，持续记录振动趋势；若后续能量分布或冲击特征发生明显变化，应及时复检。"
health_20_0_000502,data/processed/images/all/sample_N_20_0_000502.png,N,正常状态,N,正常状态,1,故障类型：正常状态,"故障类型：正常状态
诊断依据：模型判断该包络时频图整体能量分布较平稳，未呈现明显的周期性冲击或异常能量集中，结合当前工况更符合正常运行状态。当前工况为 20 Hz、0 V。
维护建议：建议保持常规监测，持续记录振动趋势；若后续能量分布或冲击特征发生明显变化，应及时复检。"
health_20_0_000503,data/processed/images/all/sample_N_20_0_000503.png,N,正常状态,BF,滚动体故障,0,故障类型：滚动体故障,"故障类型：滚动体故障
诊断依据：模型判断该包络时频图中存在局部冲击和调制特征，结合行星齿轮箱三方向振动信息，更符合滚动体故障表现。当前工况为 20 Hz、0 V。
维护建议：建议重点检查滚动体表面是否存在磨损、点蚀或剥落，并结合包络谱或现场巡检进一步确认故障程度。"
health_20_0_000504,data/processed/images/all/sample_N_20_0_000504.png,N,正常状态,BF,滚动体故障,0,故障类型：滚动体故障,"故障类型：滚动体故障
诊断依据：模型判断该包络时频图中存在局部冲击和调制特征，结合行星齿轮箱三方向振动信息，更符合滚动体故障表现。当前工况为 20 Hz、0 V。
维护建议：建议重点检查滚动体表面是否存在磨损、点蚀或剥落，并结合包络谱或现场巡检进一步确认故障程度。"
health_20_0_000505,data/processed/images/all/sample_N_20_0_000505.png,N,正常状态,N,正常状态,1,故障类型：正常状态,"故障类型：正常状态
诊断依据：模型判断该包络时频图整体能量分布较平稳，未呈现明显的周期性冲击或异常能量集中，结合当前工况更符合正常运行状态。当前工况为 20 Hz、0 V。
维护建议：建议保持常规监测，持续记录振动趋势；若后续能量分布或冲击特征发生明显变化，应及时复检。"
health_20_0_000506,data/processed/images/all/sample_N_20_0_000506.png,N,正常状态,N,正常状态,1,故障类型：正常状态,"故障类型：正常状态
诊断依据：模型判断该包络时频图整体能量分布较平稳，未呈现明显的周期性冲击或异常能量集中，结合当前工况更符合正常运行状态。当前工况为 20 Hz、0 V。
维护建议：建议保持常规监测，持续记录振动趋势；若后续能量分布或冲击特征发生明显变化，应及时复检。"
health_20_0_000507,data/processed/images/all/sample_N_20_0_000507.png,N,正常状态,N,正常状态,1,故障类型：正常状态,"故障类型：正常状态
诊断依据：模型判断该包络时频图整体能量分布较平稳，未呈现明显的周期性冲击或异常能量集中，结合当前工况更符合正常运行状态。当前工况为 20 Hz、0 V。
维护建议：建议保持常规监测，持续记录振动趋势；若后续能量分布或冲击特征发生明显变化，应及时复检。"
health_20_0_000508,data/processed/images/all/sample_N_20_0_000508.png,N,正常状态,N,正常状态,1,故障类型：正常状态,"故障类型：正常状态
诊断依据：模型判断该包络时频图整体能量分布较平稳，未呈现明显的周期性冲击或异常能量集中，结合当前工况更符合正常运行状态。当前工况为 20 Hz、0 V。
维护建议：建议保持常规监测，持续记录振动趋势；若后续能量分布或冲击特征发生明显变化，应及时复检。"
health_20_0_000509,data/processed/images/all/sample_N_20_0_000509.png,N,正常状态,N,正常状态,1,故障类型：正常状态,"故障类型：正常状态
诊断依据：模型判断该包络时频图整体能量分布较平稳，未呈现明显的周期性冲击或异常能量集中，结合当前工况更符合正常运行状态。当前工况为 20 Hz、0 V。
维护建议：建议保持常规监测，持续记录振动趋势；若后续能量分布或冲击特征发生明显变化，应及时复检。"
health_30_2_000407,data/processed/images/all/sample_N_30_2_000407.png,N,正常状态,N,正常状态,1,故障类型：正常状态,"故障类型：正常状态
诊断依据：模型判断该包络时频图整体能量分布较平稳，未呈现明显的周期性冲击或异常能量集中，结合当前工况更符合正常运行状态。当前工况为 30 Hz、2 V。
维护建议：建议保持常规监测，持续记录振动趋势；若后续能量分布或冲击特征发生明显变化，应及时复检。"
health_30_2_000408,data/processed/images/all/sample_N_30_2_000408.png,N,正常状态,N,正常状态,1,故障类型：正常状态,"故障类型：正常状态
诊断依据：模型判断该包络时频图整体能量分布较平稳，未呈现明显的周期性冲击或异常能量集中，结合当前工况更符合正常运行状态。当前工况为 30 Hz、2 V。
维护建议：建议保持常规监测，持续记录振动趋势；若后续能量分布或冲击特征发生明显变化，应及时复检。"
health_30_2_000409,data/processed/images/all/sample_N_30_2_000409.png,N,正常状态,N,正常状态,1,故障类型：正常状态,"故障类型：正常状态
诊断依据：模型判断该包络时频图整体能量分布较平稳，未呈现明显的周期性冲击或异常能量集中，结合当前工况更符合正常运行状态。当前工况为 30 Hz、2 V。
维护建议：建议保持常规监测，持续记录振动趋势；若后续能量分布或冲击特征发生明显变化，应及时复检。"
health_30_2_000410,data/processed/images/all/sample_N_30_2_000410.png,N,正常状态,N,正常状态,1,故障类型：正常状态,"故障类型：正常状态
诊断依据：模型判断该包络时频图整体能量分布较平稳，未呈现明显的周期性冲击或异常能量集中，结合当前工况更符合正常运行状态。当前工况为 30 Hz、2 V。
维护建议：建议保持常规监测，持续记录振动趋势；若后续能量分布或冲击特征发生明显变化，应及时复检。"
health_30_2_000411,data/processed/images/all/sample_N_30_2_000411.png,N,正常状态,N,正常状态,1,故障类型：正常状态,"故障类型：正常状态
诊断依据：模型判断该包络时频图整体能量分布较平稳，未呈现明显的周期性冲击或异常能量集中，结合当前工况更符合正常运行状态。当前工况为 30 Hz、2 V。
维护建议：建议保持常规监测，持续记录振动趋势；若后续能量分布或冲击特征发生明显变化，应及时复检。"
health_30_2_000412,data/processed/images/all/sample_N_30_2_000412.png,N,正常状态,OF,外圈故障,0,故障类型：外圈故障,"故障类型：外圈故障
诊断依据：模型判断该包络时频图中存在相对稳定的冲击响应和局部频带能量增强，整体更符合外圈局部损伤特征。当前工况为 30 Hz、2 V。
维护建议：建议检查轴承外圈固定区域是否存在剥落、裂纹或异常磨损，必要时安排停机复检。"
health_30_2_000413,data/processed/images/all/sample_N_30_2_000413.png,N,正常状态,OF,外圈故障,0,故障类型：外圈故障,"故障类型：外圈故障
诊断依据：模型判断该包络时频图中存在相对稳定的冲击响应和局部频带能量增强，整体更符合外圈局部损伤特征。当前工况为 30 Hz、2 V。
维护建议：建议检查轴承外圈固定区域是否存在剥落、裂纹或异常磨损，必要时安排停机复检。"
health_30_2_000414,data/processed/images/all/sample_N_30_2_000414.png,N,正常状态,N,正常状态,1,故障类型：正常状态,"故障类型：正常状态
诊断依据：模型判断该包络时频图整体能量分布较平稳，未呈现明显的周期性冲击或异常能量集中，结合当前工况更符合正常运行状态。当前工况为 30 Hz、2 V。
维护建议：建议保持常规监测，持续记录振动趋势；若后续能量分布或冲击特征发生明显变化，应及时复检。"
health_30_2_000415,data/processed/images/all/sample_N_30_2_000415.png,N,正常状态,N,正常状态,1,故障类型：正常状态,"故障类型：正常状态
诊断依据：模型判断该包络时频图整体能量分布较平稳，未呈现明显的周期性冲击或异常能量集中，结合当前工况更符合正常运行状态。当前工况为 30 Hz、2 V。
维护建议：建议保持常规监测，持续记录振动趋势；若后续能量分布或冲击特征发生明显变化，应及时复检。"
health_30_2_000416,data/processed/images/all/sample_N_30_2_000416.png,N,正常状态,N,正常状态,1,故障类型：正常状态,"故障类型：正常状态
诊断依据：模型判断该包络时频图整体能量分布较平稳，未呈现明显的周期性冲击或异常能量集中，结合当前工况更符合正常运行状态。当前工况为 30 Hz、2 V。
维护建议：建议保持常规监测，持续记录振动趋势；若后续能量分布或冲击特征发生明显变化，应及时复检。"
health_30_2_000417,data/processed/images/all/sample_N_30_2_000417.png,N,正常状态,OF,外圈故障,0,故障类型：外圈故障,"故障类型：外圈故障
诊断依据：模型判断该包络时频图中存在相对稳定的冲击响应和局部频带能量增强，整体更符合外圈局部损伤特征。当前工况为 30 Hz、2 V。
维护建议：建议检查轴承外圈固定区域是否存在剥落、裂纹或异常磨损，必要时安排停机复检。"
health_30_2_000418,data/processed/images/all/sample_N_30_2_000418.png,N,正常状态,OF,外圈故障,0,故障类型：外圈故障,"故障类型：外圈故障
诊断依据：模型判断该包络时频图中存在相对稳定的冲击响应和局部频带能量增强，整体更符合外圈局部损伤特征。当前工况为 30 Hz、2 V。
维护建议：建议检查轴承外圈固定区域是否存在剥落、裂纹或异常磨损，必要时安排停机复检。"
health_30_2_000419,data/processed/images/all/sample_N_30_2_000419.png,N,正常状态,N,正常状态,1,故障类型：正常状态,"故障类型：正常状态
诊断依据：模型判断该包络时频图整体能量分布较平稳，未呈现明显的周期性冲击或异常能量集中，结合当前工况更符合正常运行状态。当前工况为 30 Hz、2 V。
维护建议：建议保持常规监测，持续记录振动趋势；若后续能量分布或冲击特征发生明显变化，应及时复检。"
health_30_2_000420,data/processed/images/all/sample_N_30_2_000420.png,N,正常状态,CF,混合故障,0,故障类型：混合故障,"故障类型：混合故障
诊断依据：模型判断该包络时频图中呈现多组冲击成分和较复杂的能量分布，可能对应多部位共同损伤引起的复合振动特征。当前工况为 30 Hz、2 V。
维护建议：建议同时检查轴承内圈和外圈，并优先安排停机检测，避免复合故障进一步扩展。"
health_30_2_000421,data/processed/images/all/sample_N_30_2_000421.png,N,正常状态,N,正常状态,1,故障类型：正常状态,"故障类型：正常状态
诊断依据：模型判断该包络时频图整体能量分布较平稳，未呈现明显的周期性冲击或异常能量集中，结合当前工况更符合正常运行状态。当前工况为 30 Hz、2 V。
维护建议：建议保持常规监测，持续记录振动趋势；若后续能量分布或冲击特征发生明显变化，应及时复检。"
health_30_2_000422,data/processed/images/all/sample_N_30_2_000422.png,N,正常状态,N,正常状态,1,故障类型：正常状态,"故障类型：正常状态
诊断依据：模型判断该包络时频图整体能量分布较平稳，未呈现明显的周期性冲击或异常能量集中，结合当前工况更符合正常运行状态。当前工况为 30 Hz、2 V。
维护建议：建议保持常规监测，持续记录振动趋势；若后续能量分布或冲击特征发生明显变化，应及时复检。"
health_30_2_000423,data/processed/images/all/sample_N_30_2_000423.png,N,正常状态,CF,混合故障,0,故障类型：混合故障,"故障类型：混合故障
诊断依据：模型判断该包络时频图中呈现多组冲击成分和较复杂的能量分布，可能对应多部位共同损伤引起的复合振动特征。当前工况为 30 Hz、2 V。
维护建议：建议同时检查轴承内圈和外圈，并优先安排停机检测，避免复合故障进一步扩展。"
health_30_2_000424,data/processed/images/all/sample_N_30_2_000424.png,N,正常状态,N,正常状态,1,故障类型：正常状态,"故障类型：正常状态
诊断依据：模型判断该包络时频图整体能量分布较平稳，未呈现明显的周期性冲击或异常能量集中，结合当前工况更符合正常运行状态。当前工况为 30 Hz、2 V。
维护建议：建议保持常规监测，持续记录振动趋势；若后续能量分布或冲击特征发生明显变化，应及时复检。"
health_30_2_000425,data/processed/images/all/sample_N_30_2_000425.png,N,正常状态,OF,外圈故障,0,故障类型：外圈故障,"故障类型：外圈故障
诊断依据：模型判断该包络时频图中存在相对稳定的冲击响应和局部频带能量增强，整体更符合外圈局部损伤特征。当前工况为 30 Hz、2 V。
维护建议：建议检查轴承外圈固定区域是否存在剥落、裂纹或异常磨损，必要时安排停机复检。"
health_30_2_000426,data/processed/images/all/sample_N_30_2_000426.png,N,正常状态,N,正常状态,1,故障类型：正常状态,"故障类型：正常状态
诊断依据：模型判断该包络时频图整体能量分布较平稳，未呈现明显的周期性冲击或异常能量集中，结合当前工况更符合正常运行状态。当前工况为 30 Hz、2 V。
维护建议：建议保持常规监测，持续记录振动趋势；若后续能量分布或冲击特征发生明显变化，应及时复检。"
health_30_2_000427,data/processed/images/all/sample_N_30_2_000427.png,N,正常状态,BF,滚动体故障,0,故障类型：滚动体故障,"故障类型：滚动体故障
诊断依据：模型判断该包络时频图中存在局部冲击和调制特征，结合行星齿轮箱三方向振动信息，更符合滚动体故障表现。当前工况为 30 Hz、2 V。
维护建议：建议重点检查滚动体表面是否存在磨损、点蚀或剥落，并结合包络谱或现场巡检进一步确认故障程度。"
health_30_2_000428,data/processed/images/all/sample_N_30_2_000428.png,N,正常状态,N,正常状态,1,故障类型：正常状态,"故障类型：正常状态
诊断依据：模型判断该包络时频图整体能量分布较平稳，未呈现明显的周期性冲击或异常能量集中，结合当前工况更符合正常运行状态。当前工况为 30 Hz、2 V。
维护建议：建议保持常规监测，持续记录振动趋势；若后续能量分布或冲击特征发生明显变化，应及时复检。"
health_30_2_000429,data/processed/images/all/sample_N_30_2_000429.png,N,正常状态,BF,滚动体故障,0,故障类型：滚动体故障,"故障类型：滚动体故障
诊断依据：模型判断该包络时频图中存在局部冲击和调制特征，结合行星齿轮箱三方向振动信息，更符合滚动体故障表现。当前工况为 30 Hz、2 V。
维护建议：建议重点检查滚动体表面是否存在磨损、点蚀或剥落，并结合包络谱或现场巡检进一步确认故障程度。"
health_30_2_000430,data/processed/images/all/sample_N_30_2_000430.png,N,正常状态,N,正常状态,1,故障类型：正常状态,"故障类型：正常状态
诊断依据：模型判断该包络时频图整体能量分布较平稳，未呈现明显的周期性冲击或异常能量集中，结合当前工况更符合正常运行状态。当前工况为 30 Hz、2 V。
维护建议：建议保持常规监测，持续记录振动趋势；若后续能量分布或冲击特征发生明显变化，应及时复检。"
health_30_2_000431,data/processed/images/all/sample_N_30_2_000431.png,N,正常状态,N,正常状态,1,故障类型：正常状态,"故障类型：正常状态
诊断依据：模型判断该包络时频图整体能量分布较平稳，未呈现明显的周期性冲击或异常能量集中，结合当前工况更符合正常运行状态。当前工况为 30 Hz、2 V。
维护建议：建议保持常规监测，持续记录振动趋势；若后续能量分布或冲击特征发生明显变化，应及时复检。"
health_30_2_000432,data/processed/images/all/sample_N_30_2_000432.png,N,正常状态,CF,混合故障,0,故障类型：混合故障,"故障类型：混合故障
诊断依据：模型判断该包络时频图中呈现多组冲击成分和较复杂的能量分布，可能对应多部位共同损伤引起的复合振动特征。当前工况为 30 Hz、2 V。
维护建议：建议同时检查轴承内圈和外圈，并优先安排停机检测，避免复合故障进一步扩展。"
health_30_2_000433,data/processed/images/all/sample_N_30_2_000433.png,N,正常状态,N,正常状态,1,故障类型：正常状态,"故障类型：正常状态
诊断依据：模型判断该包络时频图整体能量分布较平稳，未呈现明显的周期性冲击或异常能量集中，结合当前工况更符合正常运行状态。当前工况为 30 Hz、2 V。
维护建议：建议保持常规监测，持续记录振动趋势；若后续能量分布或冲击特征发生明显变化，应及时复检。"
health_30_2_000434,data/processed/images/all/sample_N_30_2_000434.png,N,正常状态,N,正常状态,1,故障类型：正常状态,"故障类型：正常状态
诊断依据：模型判断该包络时频图整体能量分布较平稳，未呈现明显的周期性冲击或异常能量集中，结合当前工况更符合正常运行状态。当前工况为 30 Hz、2 V。
维护建议：建议保持常规监测，持续记录振动趋势；若后续能量分布或冲击特征发生明显变化，应及时复检。"
health_30_2_000435,data/processed/images/all/sample_N_30_2_000435.png,N,正常状态,N,正常状态,1,故障类型：正常状态,"故障类型：正常状态
诊断依据：模型判断该包络时频图整体能量分布较平稳，未呈现明显的周期性冲击或异常能量集中，结合当前工况更符合正常运行状态。当前工况为 30 Hz、2 V。
维护建议：建议保持常规监测，持续记录振动趋势；若后续能量分布或冲击特征发生明显变化，应及时复检。"
health_30_2_000436,data/processed/images/all/sample_N_30_2_000436.png,N,正常状态,N,正常状态,1,故障类型：正常状态,"故障类型：正常状态
诊断依据：模型判断该包络时频图整体能量分布较平稳，未呈现明显的周期性冲击或异常能量集中，结合当前工况更符合正常运行状态。当前工况为 30 Hz、2 V。
维护建议：建议保持常规监测，持续记录振动趋势；若后续能量分布或冲击特征发生明显变化，应及时复检。"
health_30_2_000437,data/processed/images/all/sample_N_30_2_000437.png,N,正常状态,N,正常状态,1,故障类型：正常状态,"故障类型：正常状态
诊断依据：模型判断该包络时频图整体能量分布较平稳，未呈现明显的周期性冲击或异常能量集中，结合当前工况更符合正常运行状态。当前工况为 30 Hz、2 V。
维护建议：建议保持常规监测，持续记录振动趋势；若后续能量分布或冲击特征发生明显变化，应及时复检。"
health_30_2_000438,data/processed/images/all/sample_N_30_2_000438.png,N,正常状态,N,正常状态,1,故障类型：正常状态,"故障类型：正常状态
诊断依据：模型判断该包络时频图整体能量分布较平稳，未呈现明显的周期性冲击或异常能量集中，结合当前工况更符合正常运行状态。当前工况为 30 Hz、2 V。
维护建议：建议保持常规监测，持续记录振动趋势；若后续能量分布或冲击特征发生明显变化，应及时复检。"
health_30_2_000439,data/processed/images/all/sample_N_30_2_000439.png,N,正常状态,BF,滚动体故障,0,故障类型：滚动体故障,"故障类型：滚动体故障
诊断依据：模型判断该包络时频图中存在局部冲击和调制特征，结合行星齿轮箱三方向振动信息，更符合滚动体故障表现。当前工况为 30 Hz、2 V。
维护建议：建议重点检查滚动体表面是否存在磨损、点蚀或剥落，并结合包络谱或现场巡检进一步确认故障程度。"
health_30_2_000440,data/processed/images/all/sample_N_30_2_000440.png,N,正常状态,N,正常状态,1,故障类型：正常状态,"故障类型：正常状态
诊断依据：模型判断该包络时频图整体能量分布较平稳，未呈现明显的周期性冲击或异常能量集中，结合当前工况更符合正常运行状态。当前工况为 30 Hz、2 V。
维护建议：建议保持常规监测，持续记录振动趋势；若后续能量分布或冲击特征发生明显变化，应及时复检。"
health_30_2_000441,data/processed/images/all/sample_N_30_2_000441.png,N,正常状态,N,正常状态,1,故障类型：正常状态,"故障类型：正常状态
诊断依据：模型判断该包络时频图整体能量分布较平稳，未呈现明显的周期性冲击或异常能量集中，结合当前工况更符合正常运行状态。当前工况为 30 Hz、2 V。
维护建议：建议保持常规监测，持续记录振动趋势；若后续能量分布或冲击特征发生明显变化，应及时复检。"
health_30_2_000442,data/processed/images/all/sample_N_30_2_000442.png,N,正常状态,OF,外圈故障,0,故障类型：外圈故障,"故障类型：外圈故障
诊断依据：模型判断该包络时频图中存在相对稳定的冲击响应和局部频带能量增强，整体更符合外圈局部损伤特征。当前工况为 30 Hz、2 V。
维护建议：建议检查轴承外圈固定区域是否存在剥落、裂纹或异常磨损，必要时安排停机复检。"
health_30_2_000443,data/processed/images/all/sample_N_30_2_000443.png,N,正常状态,CF,混合故障,0,故障类型：混合故障,"故障类型：混合故障
诊断依据：模型判断该包络时频图中呈现多组冲击成分和较复杂的能量分布，可能对应多部位共同损伤引起的复合振动特征。当前工况为 30 Hz、2 V。
维护建议：建议同时检查轴承内圈和外圈，并优先安排停机检测，避免复合故障进一步扩展。"
health_30_2_000444,data/processed/images/all/sample_N_30_2_000444.png,N,正常状态,BF,滚动体故障,0,故障类型：滚动体故障,"故障类型：滚动体故障
诊断依据：模型判断该包络时频图中存在局部冲击和调制特征，结合行星齿轮箱三方向振动信息，更符合滚动体故障表现。当前工况为 30 Hz、2 V。
维护建议：建议重点检查滚动体表面是否存在磨损、点蚀或剥落，并结合包络谱或现场巡检进一步确认故障程度。"
health_30_2_000445,data/processed/images/all/sample_N_30_2_000445.png,N,正常状态,BF,滚动体故障,0,故障类型：滚动体故障,"故障类型：滚动体故障
诊断依据：模型判断该包络时频图中存在局部冲击和调制特征，结合行星齿轮箱三方向振动信息，更符合滚动体故障表现。当前工况为 30 Hz、2 V。
维护建议：建议重点检查滚动体表面是否存在磨损、点蚀或剥落，并结合包络谱或现场巡检进一步确认故障程度。"
health_30_2_000446,data/processed/images/all/sample_N_30_2_000446.png,N,正常状态,BF,滚动体故障,0,故障类型：滚动体故障,"故障类型：滚动体故障
诊断依据：模型判断该包络时频图中存在局部冲击和调制特征，结合行星齿轮箱三方向振动信息，更符合滚动体故障表现。当前工况为 30 Hz、2 V。
维护建议：建议重点检查滚动体表面是否存在磨损、点蚀或剥落，并结合包络谱或现场巡检进一步确认故障程度。"
health_30_2_000447,data/processed/images/all/sample_N_30_2_000447.png,N,正常状态,N,正常状态,1,故障类型：正常状态,"故障类型：正常状态
诊断依据：模型判断该包络时频图整体能量分布较平稳，未呈现明显的周期性冲击或异常能量集中，结合当前工况更符合正常运行状态。当前工况为 30 Hz、2 V。
维护建议：建议保持常规监测，持续记录振动趋势；若后续能量分布或冲击特征发生明显变化，应及时复检。"
health_30_2_000448,data/processed/images/all/sample_N_30_2_000448.png,N,正常状态,N,正常状态,1,故障类型：正常状态,"故障类型：正常状态
诊断依据：模型判断该包络时频图整体能量分布较平稳，未呈现明显的周期性冲击或异常能量集中，结合当前工况更符合正常运行状态。当前工况为 30 Hz、2 V。
维护建议：建议保持常规监测，持续记录振动趋势；若后续能量分布或冲击特征发生明显变化，应及时复检。"
health_30_2_000449,data/processed/images/all/sample_N_30_2_000449.png,N,正常状态,CF,混合故障,0,故障类型：混合故障,"故障类型：混合故障
诊断依据：模型判断该包络时频图中呈现多组冲击成分和较复杂的能量分布，可能对应多部位共同损伤引起的复合振动特征。当前工况为 30 Hz、2 V。
维护建议：建议同时检查轴承内圈和外圈，并优先安排停机检测，避免复合故障进一步扩展。"
health_30_2_000450,data/processed/images/all/sample_N_30_2_000450.png,N,正常状态,IF,内圈故障,0,故障类型：内圈故障,"故障类型：内圈故障
诊断依据：模型判断该包络时频图中存在较明显的周期性冲击和调制成分，结合当前转速与负载工况，更符合内圈故障特征。当前工况为 30 Hz、2 V。
维护建议：建议重点检查轴承内圈表面损伤情况，并结合历史振动趋势评估故障发展速度。"
health_30_2_000451,data/processed/images/all/sample_N_30_2_000451.png,N,正常状态,N,正常状态,1,故障类型：正常状态,"故障类型：正常状态
诊断依据：模型判断该包络时频图整体能量分布较平稳，未呈现明显的周期性冲击或异常能量集中，结合当前工况更符合正常运行状态。当前工况为 30 Hz、2 V。
维护建议：建议保持常规监测，持续记录振动趋势；若后续能量分布或冲击特征发生明显变化，应及时复检。"
health_30_2_000452,data/processed/images/all/sample_N_30_2_000452.png,N,正常状态,BF,滚动体故障,0,故障类型：滚动体故障,"故障类型：滚动体故障
诊断依据：模型判断该包络时频图中存在局部冲击和调制特征，结合行星齿轮箱三方向振动信息，更符合滚动体故障表现。当前工况为 30 Hz、2 V。
维护建议：建议重点检查滚动体表面是否存在磨损、点蚀或剥落，并结合包络谱或现场巡检进一步确认故障程度。"
health_30_2_000453,data/processed/images/all/sample_N_30_2_000453.png,N,正常状态,CF,混合故障,0,故障类型：混合故障,"故障类型：混合故障
诊断依据：模型判断该包络时频图中呈现多组冲击成分和较复杂的能量分布，可能对应多部位共同损伤引起的复合振动特征。当前工况为 30 Hz、2 V。
维护建议：建议同时检查轴承内圈和外圈，并优先安排停机检测，避免复合故障进一步扩展。"
health_30_2_000454,data/processed/images/all/sample_N_30_2_000454.png,N,正常状态,OF,外圈故障,0,故障类型：外圈故障,"故障类型：外圈故障
诊断依据：模型判断该包络时频图中存在相对稳定的冲击响应和局部频带能量增强，整体更符合外圈局部损伤特征。当前工况为 30 Hz、2 V。
维护建议：建议检查轴承外圈固定区域是否存在剥落、裂纹或异常磨损，必要时安排停机复检。"
health_30_2_000455,data/processed/images/all/sample_N_30_2_000455.png,N,正常状态,CF,混合故障,0,故障类型：混合故障,"故障类型：混合故障
诊断依据：模型判断该包络时频图中呈现多组冲击成分和较复杂的能量分布，可能对应多部位共同损伤引起的复合振动特征。当前工况为 30 Hz、2 V。
维护建议：建议同时检查轴承内圈和外圈，并优先安排停机检测，避免复合故障进一步扩展。"
health_30_2_000456,data/processed/images/all/sample_N_30_2_000456.png,N,正常状态,N,正常状态,1,故障类型：正常状态,"故障类型：正常状态
诊断依据：模型判断该包络时频图整体能量分布较平稳，未呈现明显的周期性冲击或异常能量集中，结合当前工况更符合正常运行状态。当前工况为 30 Hz、2 V。
维护建议：建议保持常规监测，持续记录振动趋势；若后续能量分布或冲击特征发生明显变化，应及时复检。"
health_30_2_000457,data/processed/images/all/sample_N_30_2_000457.png,N,正常状态,BF,滚动体故障,0,故障类型：滚动体故障,"故障类型：滚动体故障
诊断依据：模型判断该包络时频图中存在局部冲击和调制特征，结合行星齿轮箱三方向振动信息，更符合滚动体故障表现。当前工况为 30 Hz、2 V。
维护建议：建议重点检查滚动体表面是否存在磨损、点蚀或剥落，并结合包络谱或现场巡检进一步确认故障程度。"
health_30_2_000458,data/processed/images/all/sample_N_30_2_000458.png,N,正常状态,N,正常状态,1,故障类型：正常状态,"故障类型：正常状态
诊断依据：模型判断该包络时频图整体能量分布较平稳，未呈现明显的周期性冲击或异常能量集中，结合当前工况更符合正常运行状态。当前工况为 30 Hz、2 V。
维护建议：建议保持常规监测，持续记录振动趋势；若后续能量分布或冲击特征发生明显变化，应及时复检。"
health_30_2_000459,data/processed/images/all/sample_N_30_2_000459.png,N,正常状态,OF,外圈故障,0,故障类型：外圈故障,"故障类型：外圈故障
诊断依据：模型判断该包络时频图中存在相对稳定的冲击响应和局部频带能量增强，整体更符合外圈局部损伤特征。当前工况为 30 Hz、2 V。
维护建议：建议检查轴承外圈固定区域是否存在剥落、裂纹或异常磨损，必要时安排停机复检。"
health_30_2_000460,data/processed/images/all/sample_N_30_2_000460.png,N,正常状态,N,正常状态,1,故障类型：正常状态,"故障类型：正常状态
诊断依据：模型判断该包络时频图整体能量分布较平稳，未呈现明显的周期性冲击或异常能量集中，结合当前工况更符合正常运行状态。当前工况为 30 Hz、2 V。
维护建议：建议保持常规监测，持续记录振动趋势；若后续能量分布或冲击特征发生明显变化，应及时复检。"
health_30_2_000461,data/processed/images/all/sample_N_30_2_000461.png,N,正常状态,OF,外圈故障,0,故障类型：外圈故障,"故障类型：外圈故障
诊断依据：模型判断该包络时频图中存在相对稳定的冲击响应和局部频带能量增强，整体更符合外圈局部损伤特征。当前工况为 30 Hz、2 V。
维护建议：建议检查轴承外圈固定区域是否存在剥落、裂纹或异常磨损，必要时安排停机复检。"
health_30_2_000462,data/processed/images/all/sample_N_30_2_000462.png,N,正常状态,CF,混合故障,0,故障类型：混合故障,"故障类型：混合故障
诊断依据：模型判断该包络时频图中呈现多组冲击成分和较复杂的能量分布，可能对应多部位共同损伤引起的复合振动特征。当前工况为 30 Hz、2 V。
维护建议：建议同时检查轴承内圈和外圈，并优先安排停机检测，避免复合故障进一步扩展。"
health_30_2_000463,data/processed/images/all/sample_N_30_2_000463.png,N,正常状态,N,正常状态,1,故障类型：正常状态,"故障类型：正常状态
诊断依据：模型判断该包络时频图整体能量分布较平稳，未呈现明显的周期性冲击或异常能量集中，结合当前工况更符合正常运行状态。当前工况为 30 Hz、2 V。
维护建议：建议保持常规监测，持续记录振动趋势；若后续能量分布或冲击特征发生明显变化，应及时复检。"
health_30_2_000464,data/processed/images/all/sample_N_30_2_000464.png,N,正常状态,N,正常状态,1,故障类型：正常状态,"故障类型：正常状态
诊断依据：模型判断该包络时频图整体能量分布较平稳，未呈现明显的周期性冲击或异常能量集中，结合当前工况更符合正常运行状态。当前工况为 30 Hz、2 V。
维护建议：建议保持常规监测，持续记录振动趋势；若后续能量分布或冲击特征发生明显变化，应及时复检。"
health_30_2_000465,data/processed/images/all/sample_N_30_2_000465.png,N,正常状态,BF,滚动体故障,0,故障类型：滚动体故障,"故障类型：滚动体故障
诊断依据：模型判断该包络时频图中存在局部冲击和调制特征，结合行星齿轮箱三方向振动信息，更符合滚动体故障表现。当前工况为 30 Hz、2 V。
维护建议：建议重点检查滚动体表面是否存在磨损、点蚀或剥落，并结合包络谱或现场巡检进一步确认故障程度。"
health_30_2_000466,data/processed/images/all/sample_N_30_2_000466.png,N,正常状态,N,正常状态,1,故障类型：正常状态,"故障类型：正常状态
诊断依据：模型判断该包络时频图整体能量分布较平稳，未呈现明显的周期性冲击或异常能量集中，结合当前工况更符合正常运行状态。当前工况为 30 Hz、2 V。
维护建议：建议保持常规监测，持续记录振动趋势；若后续能量分布或冲击特征发生明显变化，应及时复检。"
health_30_2_000467,data/processed/images/all/sample_N_30_2_000467.png,N,正常状态,CF,混合故障,0,故障类型：混合故障,"故障类型：混合故障
诊断依据：模型判断该包络时频图中呈现多组冲击成分和较复杂的能量分布，可能对应多部位共同损伤引起的复合振动特征。当前工况为 30 Hz、2 V。
维护建议：建议同时检查轴承内圈和外圈，并优先安排停机检测，避免复合故障进一步扩展。"
health_30_2_000468,data/processed/images/all/sample_N_30_2_000468.png,N,正常状态,N,正常状态,1,故障类型：正常状态,"故障类型：正常状态
诊断依据：模型判断该包络时频图整体能量分布较平稳，未呈现明显的周期性冲击或异常能量集中，结合当前工况更符合正常运行状态。当前工况为 30 Hz、2 V。
维护建议：建议保持常规监测，持续记录振动趋势；若后续能量分布或冲击特征发生明显变化，应及时复检。"
health_30_2_000469,data/processed/images/all/sample_N_30_2_000469.png,N,正常状态,N,正常状态,1,故障类型：正常状态,"故障类型：正常状态
诊断依据：模型判断该包络时频图整体能量分布较平稳，未呈现明显的周期性冲击或异常能量集中，结合当前工况更符合正常运行状态。当前工况为 30 Hz、2 V。
维护建议：建议保持常规监测，持续记录振动趋势；若后续能量分布或冲击特征发生明显变化，应及时复检。"
health_30_2_000470,data/processed/images/all/sample_N_30_2_000470.png,N,正常状态,BF,滚动体故障,0,故障类型：滚动体故障,"故障类型：滚动体故障
诊断依据：模型判断该包络时频图中存在局部冲击和调制特征，结合行星齿轮箱三方向振动信息，更符合滚动体故障表现。当前工况为 30 Hz、2 V。
维护建议：建议重点检查滚动体表面是否存在磨损、点蚀或剥落，并结合包络谱或现场巡检进一步确认故障程度。"
health_30_2_000471,data/processed/images/all/sample_N_30_2_000471.png,N,正常状态,CF,混合故障,0,故障类型：混合故障,"故障类型：混合故障
诊断依据：模型判断该包络时频图中呈现多组冲击成分和较复杂的能量分布，可能对应多部位共同损伤引起的复合振动特征。当前工况为 30 Hz、2 V。
维护建议：建议同时检查轴承内圈和外圈，并优先安排停机检测，避免复合故障进一步扩展。"
health_30_2_000472,data/processed/images/all/sample_N_30_2_000472.png,N,正常状态,CF,混合故障,0,故障类型：混合故障,"故障类型：混合故障
诊断依据：模型判断该包络时频图中呈现多组冲击成分和较复杂的能量分布，可能对应多部位共同损伤引起的复合振动特征。当前工况为 30 Hz、2 V。
维护建议：建议同时检查轴承内圈和外圈，并优先安排停机检测，避免复合故障进一步扩展。"
health_30_2_000473,data/processed/images/all/sample_N_30_2_000473.png,N,正常状态,CF,混合故障,0,故障类型：混合故障,"故障类型：混合故障
诊断依据：模型判断该包络时频图中呈现多组冲击成分和较复杂的能量分布，可能对应多部位共同损伤引起的复合振动特征。当前工况为 30 Hz、2 V。
维护建议：建议同时检查轴承内圈和外圈，并优先安排停机检测，避免复合故障进一步扩展。"
health_30_2_000474,data/processed/images/all/sample_N_30_2_000474.png,N,正常状态,OF,外圈故障,0,故障类型：外圈故障,"故障类型：外圈故障
诊断依据：模型判断该包络时频图中存在相对稳定的冲击响应和局部频带能量增强，整体更符合外圈局部损伤特征。当前工况为 30 Hz、2 V。
维护建议：建议检查轴承外圈固定区域是否存在剥落、裂纹或异常磨损，必要时安排停机复检。"
health_30_2_000475,data/processed/images/all/sample_N_30_2_000475.png,N,正常状态,BF,滚动体故障,0,故障类型：滚动体故障,"故障类型：滚动体故障
诊断依据：模型判断该包络时频图中存在局部冲击和调制特征，结合行星齿轮箱三方向振动信息，更符合滚动体故障表现。当前工况为 30 Hz、2 V。
维护建议：建议重点检查滚动体表面是否存在磨损、点蚀或剥落，并结合包络谱或现场巡检进一步确认故障程度。"
health_30_2_000476,data/processed/images/all/sample_N_30_2_000476.png,N,正常状态,BF,滚动体故障,0,故障类型：滚动体故障,"故障类型：滚动体故障
诊断依据：模型判断该包络时频图中存在局部冲击和调制特征，结合行星齿轮箱三方向振动信息，更符合滚动体故障表现。当前工况为 30 Hz、2 V。
维护建议：建议重点检查滚动体表面是否存在磨损、点蚀或剥落，并结合包络谱或现场巡检进一步确认故障程度。"
health_30_2_000477,data/processed/images/all/sample_N_30_2_000477.png,N,正常状态,N,正常状态,1,故障类型：正常状态,"故障类型：正常状态
诊断依据：模型判断该包络时频图整体能量分布较平稳，未呈现明显的周期性冲击或异常能量集中，结合当前工况更符合正常运行状态。当前工况为 30 Hz、2 V。
维护建议：建议保持常规监测，持续记录振动趋势；若后续能量分布或冲击特征发生明显变化，应及时复检。"
health_30_2_000478,data/processed/images/all/sample_N_30_2_000478.png,N,正常状态,BF,滚动体故障,0,故障类型：滚动体故障,"故障类型：滚动体故障
诊断依据：模型判断该包络时频图中存在局部冲击和调制特征，结合行星齿轮箱三方向振动信息，更符合滚动体故障表现。当前工况为 30 Hz、2 V。
维护建议：建议重点检查滚动体表面是否存在磨损、点蚀或剥落，并结合包络谱或现场巡检进一步确认故障程度。"
health_30_2_000479,data/processed/images/all/sample_N_30_2_000479.png,N,正常状态,OF,外圈故障,0,故障类型：外圈故障,"故障类型：外圈故障
诊断依据：模型判断该包络时频图中存在相对稳定的冲击响应和局部频带能量增强，整体更符合外圈局部损伤特征。当前工况为 30 Hz、2 V。
维护建议：建议检查轴承外圈固定区域是否存在剥落、裂纹或异常磨损，必要时安排停机复检。"
health_30_2_000480,data/processed/images/all/sample_N_30_2_000480.png,N,正常状态,CF,混合故障,0,故障类型：混合故障,"故障类型：混合故障
诊断依据：模型判断该包络时频图中呈现多组冲击成分和较复杂的能量分布，可能对应多部位共同损伤引起的复合振动特征。当前工况为 30 Hz、2 V。
维护建议：建议同时检查轴承内圈和外圈，并优先安排停机检测，避免复合故障进一步扩展。"
health_30_2_000481,data/processed/images/all/sample_N_30_2_000481.png,N,正常状态,N,正常状态,1,故障类型：正常状态,"故障类型：正常状态
诊断依据：模型判断该包络时频图整体能量分布较平稳，未呈现明显的周期性冲击或异常能量集中，结合当前工况更符合正常运行状态。当前工况为 30 Hz、2 V。
维护建议：建议保持常规监测，持续记录振动趋势；若后续能量分布或冲击特征发生明显变化，应及时复检。"
health_30_2_000482,data/processed/images/all/sample_N_30_2_000482.png,N,正常状态,N,正常状态,1,故障类型：正常状态,"故障类型：正常状态
诊断依据：模型判断该包络时频图整体能量分布较平稳，未呈现明显的周期性冲击或异常能量集中，结合当前工况更符合正常运行状态。当前工况为 30 Hz、2 V。
维护建议：建议保持常规监测，持续记录振动趋势；若后续能量分布或冲击特征发生明显变化，应及时复检。"
health_30_2_000483,data/processed/images/all/sample_N_30_2_000483.png,N,正常状态,CF,混合故障,0,故障类型：混合故障,"故障类型：混合故障
诊断依据：模型判断该包络时频图中呈现多组冲击成分和较复杂的能量分布，可能对应多部位共同损伤引起的复合振动特征。当前工况为 30 Hz、2 V。
维护建议：建议同时检查轴承内圈和外圈，并优先安排停机检测，避免复合故障进一步扩展。"
health_30_2_000484,data/processed/images/all/sample_N_30_2_000484.png,N,正常状态,BF,滚动体故障,0,故障类型：滚动体故障,"故障类型：滚动体故障
诊断依据：模型判断该包络时频图中存在局部冲击和调制特征，结合行星齿轮箱三方向振动信息，更符合滚动体故障表现。当前工况为 30 Hz、2 V。
维护建议：建议重点检查滚动体表面是否存在磨损、点蚀或剥落，并结合包络谱或现场巡检进一步确认故障程度。"
health_30_2_000485,data/processed/images/all/sample_N_30_2_000485.png,N,正常状态,N,正常状态,1,故障类型：正常状态,"故障类型：正常状态
诊断依据：模型判断该包络时频图整体能量分布较平稳，未呈现明显的周期性冲击或异常能量集中，结合当前工况更符合正常运行状态。当前工况为 30 Hz、2 V。
维护建议：建议保持常规监测，持续记录振动趋势；若后续能量分布或冲击特征发生明显变化，应及时复检。"
health_30_2_000486,data/processed/images/all/sample_N_30_2_000486.png,N,正常状态,N,正常状态,1,故障类型：正常状态,"故障类型：正常状态
诊断依据：模型判断该包络时频图整体能量分布较平稳，未呈现明显的周期性冲击或异常能量集中，结合当前工况更符合正常运行状态。当前工况为 30 Hz、2 V。
维护建议：建议保持常规监测，持续记录振动趋势；若后续能量分布或冲击特征发生明显变化，应及时复检。"
health_30_2_000487,data/processed/images/all/sample_N_30_2_000487.png,N,正常状态,N,正常状态,1,故障类型：正常状态,"故障类型：正常状态
诊断依据：模型判断该包络时频图整体能量分布较平稳，未呈现明显的周期性冲击或异常能量集中，结合当前工况更符合正常运行状态。当前工况为 30 Hz、2 V。
维护建议：建议保持常规监测，持续记录振动趋势；若后续能量分布或冲击特征发生明显变化，应及时复检。"
health_30_2_000488,data/processed/images/all/sample_N_30_2_000488.png,N,正常状态,N,正常状态,1,故障类型：正常状态,"故障类型：正常状态
诊断依据：模型判断该包络时频图整体能量分布较平稳，未呈现明显的周期性冲击或异常能量集中，结合当前工况更符合正常运行状态。当前工况为 30 Hz、2 V。
维护建议：建议保持常规监测，持续记录振动趋势；若后续能量分布或冲击特征发生明显变化，应及时复检。"
health_30_2_000489,data/processed/images/all/sample_N_30_2_000489.png,N,正常状态,N,正常状态,1,故障类型：正常状态,"故障类型：正常状态
诊断依据：模型判断该包络时频图整体能量分布较平稳，未呈现明显的周期性冲击或异常能量集中，结合当前工况更符合正常运行状态。当前工况为 30 Hz、2 V。
维护建议：建议保持常规监测，持续记录振动趋势；若后续能量分布或冲击特征发生明显变化，应及时复检。"
health_30_2_000490,data/processed/images/all/sample_N_30_2_000490.png,N,正常状态,BF,滚动体故障,0,故障类型：滚动体故障,"故障类型：滚动体故障
诊断依据：模型判断该包络时频图中存在局部冲击和调制特征，结合行星齿轮箱三方向振动信息，更符合滚动体故障表现。当前工况为 30 Hz、2 V。
维护建议：建议重点检查滚动体表面是否存在磨损、点蚀或剥落，并结合包络谱或现场巡检进一步确认故障程度。"
health_30_2_000491,data/processed/images/all/sample_N_30_2_000491.png,N,正常状态,N,正常状态,1,故障类型：正常状态,"故障类型：正常状态
诊断依据：模型判断该包络时频图整体能量分布较平稳，未呈现明显的周期性冲击或异常能量集中，结合当前工况更符合正常运行状态。当前工况为 30 Hz、2 V。
维护建议：建议保持常规监测，持续记录振动趋势；若后续能量分布或冲击特征发生明显变化，应及时复检。"
health_30_2_000492,data/processed/images/all/sample_N_30_2_000492.png,N,正常状态,BF,滚动体故障,0,故障类型：滚动体故障,"故障类型：滚动体故障
诊断依据：模型判断该包络时频图中存在局部冲击和调制特征，结合行星齿轮箱三方向振动信息，更符合滚动体故障表现。当前工况为 30 Hz、2 V。
维护建议：建议重点检查滚动体表面是否存在磨损、点蚀或剥落，并结合包络谱或现场巡检进一步确认故障程度。"
health_30_2_000493,data/processed/images/all/sample_N_30_2_000493.png,N,正常状态,N,正常状态,1,故障类型：正常状态,"故障类型：正常状态
诊断依据：模型判断该包络时频图整体能量分布较平稳，未呈现明显的周期性冲击或异常能量集中，结合当前工况更符合正常运行状态。当前工况为 30 Hz、2 V。
维护建议：建议保持常规监测，持续记录振动趋势；若后续能量分布或冲击特征发生明显变化，应及时复检。"
health_30_2_000494,data/processed/images/all/sample_N_30_2_000494.png,N,正常状态,IF,内圈故障,0,故障类型：内圈故障,"故障类型：内圈故障
诊断依据：模型判断该包络时频图中存在较明显的周期性冲击和调制成分，结合当前转速与负载工况，更符合内圈故障特征。当前工况为 30 Hz、2 V。
维护建议：建议重点检查轴承内圈表面损伤情况，并结合历史振动趋势评估故障发展速度。"
health_30_2_000495,data/processed/images/all/sample_N_30_2_000495.png,N,正常状态,N,正常状态,1,故障类型：正常状态,"故障类型：正常状态
诊断依据：模型判断该包络时频图整体能量分布较平稳，未呈现明显的周期性冲击或异常能量集中，结合当前工况更符合正常运行状态。当前工况为 30 Hz、2 V。
维护建议：建议保持常规监测，持续记录振动趋势；若后续能量分布或冲击特征发生明显变化，应及时复检。"
health_30_2_000496,data/processed/images/all/sample_N_30_2_000496.png,N,正常状态,N,正常状态,1,故障类型：正常状态,"故障类型：正常状态
诊断依据：模型判断该包络时频图整体能量分布较平稳，未呈现明显的周期性冲击或异常能量集中，结合当前工况更符合正常运行状态。当前工况为 30 Hz、2 V。
维护建议：建议保持常规监测，持续记录振动趋势；若后续能量分布或冲击特征发生明显变化，应及时复检。"
health_30_2_000497,data/processed/images/all/sample_N_30_2_000497.png,N,正常状态,OF,外圈故障,0,故障类型：外圈故障,"故障类型：外圈故障
诊断依据：模型判断该包络时频图中存在相对稳定的冲击响应和局部频带能量增强，整体更符合外圈局部损伤特征。当前工况为 30 Hz、2 V。
维护建议：建议检查轴承外圈固定区域是否存在剥落、裂纹或异常磨损，必要时安排停机复检。"
health_30_2_000498,data/processed/images/all/sample_N_30_2_000498.png,N,正常状态,N,正常状态,1,故障类型：正常状态,"故障类型：正常状态
诊断依据：模型判断该包络时频图整体能量分布较平稳，未呈现明显的周期性冲击或异常能量集中，结合当前工况更符合正常运行状态。当前工况为 30 Hz、2 V。
维护建议：建议保持常规监测，持续记录振动趋势；若后续能量分布或冲击特征发生明显变化，应及时复检。"
health_30_2_000499,data/processed/images/all/sample_N_30_2_000499.png,N,正常状态,BF,滚动体故障,0,故障类型：滚动体故障,"故障类型：滚动体故障
诊断依据：模型判断该包络时频图中存在局部冲击和调制特征，结合行星齿轮箱三方向振动信息，更符合滚动体故障表现。当前工况为 30 Hz、2 V。
维护建议：建议重点检查滚动体表面是否存在磨损、点蚀或剥落，并结合包络谱或现场巡检进一步确认故障程度。"
health_30_2_000500,data/processed/images/all/sample_N_30_2_000500.png,N,正常状态,CF,混合故障,0,故障类型：混合故障,"故障类型：混合故障
诊断依据：模型判断该包络时频图中呈现多组冲击成分和较复杂的能量分布，可能对应多部位共同损伤引起的复合振动特征。当前工况为 30 Hz、2 V。
维护建议：建议同时检查轴承内圈和外圈，并优先安排停机检测，避免复合故障进一步扩展。"
health_30_2_000501,data/processed/images/all/sample_N_30_2_000501.png,N,正常状态,CF,混合故障,0,故障类型：混合故障,"故障类型：混合故障
诊断依据：模型判断该包络时频图中呈现多组冲击成分和较复杂的能量分布，可能对应多部位共同损伤引起的复合振动特征。当前工况为 30 Hz、2 V。
维护建议：建议同时检查轴承内圈和外圈，并优先安排停机检测，避免复合故障进一步扩展。"
health_30_2_000502,data/processed/images/all/sample_N_30_2_000502.png,N,正常状态,N,正常状态,1,故障类型：正常状态,"故障类型：正常状态
诊断依据：模型判断该包络时频图整体能量分布较平稳，未呈现明显的周期性冲击或异常能量集中，结合当前工况更符合正常运行状态。当前工况为 30 Hz、2 V。
维护建议：建议保持常规监测，持续记录振动趋势；若后续能量分布或冲击特征发生明显变化，应及时复检。"
health_30_2_000503,data/processed/images/all/sample_N_30_2_000503.png,N,正常状态,BF,滚动体故障,0,故障类型：滚动体故障,"故障类型：滚动体故障
诊断依据：模型判断该包络时频图中存在局部冲击和调制特征，结合行星齿轮箱三方向振动信息，更符合滚动体故障表现。当前工况为 30 Hz、2 V。
维护建议：建议重点检查滚动体表面是否存在磨损、点蚀或剥落，并结合包络谱或现场巡检进一步确认故障程度。"
health_30_2_000504,data/processed/images/all/sample_N_30_2_000504.png,N,正常状态,N,正常状态,1,故障类型：正常状态,"故障类型：正常状态
诊断依据：模型判断该包络时频图整体能量分布较平稳，未呈现明显的周期性冲击或异常能量集中，结合当前工况更符合正常运行状态。当前工况为 30 Hz、2 V。
维护建议：建议保持常规监测，持续记录振动趋势；若后续能量分布或冲击特征发生明显变化，应及时复检。"
health_30_2_000505,data/processed/images/all/sample_N_30_2_000505.png,N,正常状态,N,正常状态,1,故障类型：正常状态,"故障类型：正常状态
诊断依据：模型判断该包络时频图整体能量分布较平稳，未呈现明显的周期性冲击或异常能量集中，结合当前工况更符合正常运行状态。当前工况为 30 Hz、2 V。
维护建议：建议保持常规监测，持续记录振动趋势；若后续能量分布或冲击特征发生明显变化，应及时复检。"
health_30_2_000506,data/processed/images/all/sample_N_30_2_000506.png,N,正常状态,N,正常状态,1,故障类型：正常状态,"故障类型：正常状态
诊断依据：模型判断该包络时频图整体能量分布较平稳，未呈现明显的周期性冲击或异常能量集中，结合当前工况更符合正常运行状态。当前工况为 30 Hz、2 V。
维护建议：建议保持常规监测，持续记录振动趋势；若后续能量分布或冲击特征发生明显变化，应及时复检。"
health_30_2_000507,data/processed/images/all/sample_N_30_2_000507.png,N,正常状态,N,正常状态,1,故障类型：正常状态,"故障类型：正常状态
诊断依据：模型判断该包络时频图整体能量分布较平稳，未呈现明显的周期性冲击或异常能量集中，结合当前工况更符合正常运行状态。当前工况为 30 Hz、2 V。
维护建议：建议保持常规监测，持续记录振动趋势；若后续能量分布或冲击特征发生明显变化，应及时复检。"
health_30_2_000508,data/processed/images/all/sample_N_30_2_000508.png,N,正常状态,OF,外圈故障,0,故障类型：外圈故障,"故障类型：外圈故障
诊断依据：模型判断该包络时频图中存在相对稳定的冲击响应和局部频带能量增强，整体更符合外圈局部损伤特征。当前工况为 30 Hz、2 V。
维护建议：建议检查轴承外圈固定区域是否存在剥落、裂纹或异常磨损，必要时安排停机复检。"
health_30_2_000509,data/processed/images/all/sample_N_30_2_000509.png,N,正常状态,OF,外圈故障,0,故障类型：外圈故障,"故障类型：外圈故障
诊断依据：模型判断该包络时频图中存在相对稳定的冲击响应和局部频带能量增强，整体更符合外圈局部损伤特征。当前工况为 30 Hz、2 V。
维护建议：建议检查轴承外圈固定区域是否存在剥落、裂纹或异常磨损，必要时安排停机复检。"
inner_20_0_000407,data/processed/images/all/sample_IF_20_0_000407.png,IF,内圈故障,OF,外圈故障,0,故障类型：外圈故障,"故障类型：外圈故障
诊断依据：模型判断该包络时频图中存在相对稳定的冲击响应和局部频带能量增强，整体更符合外圈局部损伤特征。当前工况为 20 Hz、0 V。
维护建议：建议检查轴承外圈固定区域是否存在剥落、裂纹或异常磨损，必要时安排停机复检。"
inner_20_0_000408,data/processed/images/all/sample_IF_20_0_000408.png,IF,内圈故障,CF,混合故障,0,故障类型：混合故障,"故障类型：混合故障
诊断依据：模型判断该包络时频图中呈现多组冲击成分和较复杂的能量分布，可能对应多部位共同损伤引起的复合振动特征。当前工况为 20 Hz、0 V。
维护建议：建议同时检查轴承内圈和外圈，并优先安排停机检测，避免复合故障进一步扩展。"
inner_20_0_000409,data/processed/images/all/sample_IF_20_0_000409.png,IF,内圈故障,N,正常状态,0,故障类型：正常状态,"故障类型：正常状态
诊断依据：模型判断该包络时频图整体能量分布较平稳，未呈现明显的周期性冲击或异常能量集中，结合当前工况更符合正常运行状态。当前工况为 20 Hz、0 V。
维护建议：建议保持常规监测，持续记录振动趋势；若后续能量分布或冲击特征发生明显变化，应及时复检。"
inner_20_0_000410,data/processed/images/all/sample_IF_20_0_000410.png,IF,内圈故障,N,正常状态,0,故障类型：正常状态,"故障类型：正常状态
诊断依据：模型判断该包络时频图整体能量分布较平稳，未呈现明显的周期性冲击或异常能量集中，结合当前工况更符合正常运行状态。当前工况为 20 Hz、0 V。
维护建议：建议保持常规监测，持续记录振动趋势；若后续能量分布或冲击特征发生明显变化，应及时复检。"
inner_20_0_000411,data/processed/images/all/sample_IF_20_0_000411.png,IF,内圈故障,IF,内圈故障,1,故障类型：内圈故障,"故障类型：内圈故障
诊断依据：模型判断该包络时频图中存在较明显的周期性冲击和调制成分，结合当前转速与负载工况，更符合内圈故障特征。当前工况为 20 Hz、0 V。
维护建议：建议重点检查轴承内圈表面损伤情况，并结合历史振动趋势评估故障发展速度。"
inner_20_0_000412,data/processed/images/all/sample_IF_20_0_000412.png,IF,内圈故障,IF,内圈故障,1,故障类型：内圈故障,"故障类型：内圈故障
诊断依据：模型判断该包络时频图中存在较明显的周期性冲击和调制成分，结合当前转速与负载工况，更符合内圈故障特征。当前工况为 20 Hz、0 V。
维护建议：建议重点检查轴承内圈表面损伤情况，并结合历史振动趋势评估故障发展速度。"
inner_20_0_000413,data/processed/images/all/sample_IF_20_0_000413.png,IF,内圈故障,IF,内圈故障,1,故障类型：内圈故障,"故障类型：内圈故障
诊断依据：模型判断该包络时频图中存在较明显的周期性冲击和调制成分，结合当前转速与负载工况，更符合内圈故障特征。当前工况为 20 Hz、0 V。
维护建议：建议重点检查轴承内圈表面损伤情况，并结合历史振动趋势评估故障发展速度。"
inner_20_0_000414,data/processed/images/all/sample_IF_20_0_000414.png,IF,内圈故障,IF,内圈故障,1,故障类型：内圈故障,"故障类型：内圈故障
诊断依据：模型判断该包络时频图中存在较明显的周期性冲击和调制成分，结合当前转速与负载工况，更符合内圈故障特征。当前工况为 20 Hz、0 V。
维护建议：建议重点检查轴承内圈表面损伤情况，并结合历史振动趋势评估故障发展速度。"
inner_20_0_000415,data/processed/images/all/sample_IF_20_0_000415.png,IF,内圈故障,IF,内圈故障,1,故障类型：内圈故障,"故障类型：内圈故障
诊断依据：模型判断该包络时频图中存在较明显的周期性冲击和调制成分，结合当前转速与负载工况，更符合内圈故障特征。当前工况为 20 Hz、0 V。
维护建议：建议重点检查轴承内圈表面损伤情况，并结合历史振动趋势评估故障发展速度。"
inner_20_0_000416,data/processed/images/all/sample_IF_20_0_000416.png,IF,内圈故障,IF,内圈故障,1,故障类型：内圈故障,"故障类型：内圈故障
诊断依据：模型判断该包络时频图中存在较明显的周期性冲击和调制成分，结合当前转速与负载工况，更符合内圈故障特征。当前工况为 20 Hz、0 V。
维护建议：建议重点检查轴承内圈表面损伤情况，并结合历史振动趋势评估故障发展速度。"
inner_20_0_000417,data/processed/images/all/sample_IF_20_0_000417.png,IF,内圈故障,IF,内圈故障,1,故障类型：内圈故障,"故障类型：内圈故障
诊断依据：模型判断该包络时频图中存在较明显的周期性冲击和调制成分，结合当前转速与负载工况，更符合内圈故障特征。当前工况为 20 Hz、0 V。
维护建议：建议重点检查轴承内圈表面损伤情况，并结合历史振动趋势评估故障发展速度。"
inner_20_0_000418,data/processed/images/all/sample_IF_20_0_000418.png,IF,内圈故障,IF,内圈故障,1,故障类型：内圈故障,"故障类型：内圈故障
诊断依据：模型判断该包络时频图中存在较明显的周期性冲击和调制成分，结合当前转速与负载工况，更符合内圈故障特征。当前工况为 20 Hz、0 V。
维护建议：建议重点检查轴承内圈表面损伤情况，并结合历史振动趋势评估故障发展速度。"
inner_20_0_000419,data/processed/images/all/sample_IF_20_0_000419.png,IF,内圈故障,N,正常状态,0,故障类型：正常状态,"故障类型：正常状态
诊断依据：模型判断该包络时频图整体能量分布较平稳，未呈现明显的周期性冲击或异常能量集中，结合当前工况更符合正常运行状态。当前工况为 20 Hz、0 V。
维护建议：建议保持常规监测，持续记录振动趋势；若后续能量分布或冲击特征发生明显变化，应及时复检。"
inner_20_0_000420,data/processed/images/all/sample_IF_20_0_000420.png,IF,内圈故障,N,正常状态,0,故障类型：正常状态,"故障类型：正常状态
诊断依据：模型判断该包络时频图整体能量分布较平稳，未呈现明显的周期性冲击或异常能量集中，结合当前工况更符合正常运行状态。当前工况为 20 Hz、0 V。
维护建议：建议保持常规监测，持续记录振动趋势；若后续能量分布或冲击特征发生明显变化，应及时复检。"
inner_20_0_000421,data/processed/images/all/sample_IF_20_0_000421.png,IF,内圈故障,IF,内圈故障,1,故障类型：内圈故障,"故障类型：内圈故障
诊断依据：模型判断该包络时频图中存在较明显的周期性冲击和调制成分，结合当前转速与负载工况，更符合内圈故障特征。当前工况为 20 Hz、0 V。
维护建议：建议重点检查轴承内圈表面损伤情况，并结合历史振动趋势评估故障发展速度。"
inner_20_0_000422,data/processed/images/all/sample_IF_20_0_000422.png,IF,内圈故障,IF,内圈故障,1,故障类型：内圈故障,"故障类型：内圈故障
诊断依据：模型判断该包络时频图中存在较明显的周期性冲击和调制成分，结合当前转速与负载工况，更符合内圈故障特征。当前工况为 20 Hz、0 V。
维护建议：建议重点检查轴承内圈表面损伤情况，并结合历史振动趋势评估故障发展速度。"
inner_20_0_000423,data/processed/images/all/sample_IF_20_0_000423.png,IF,内圈故障,N,正常状态,0,故障类型：正常状态,"故障类型：正常状态
诊断依据：模型判断该包络时频图整体能量分布较平稳，未呈现明显的周期性冲击或异常能量集中，结合当前工况更符合正常运行状态。当前工况为 20 Hz、0 V。
维护建议：建议保持常规监测，持续记录振动趋势；若后续能量分布或冲击特征发生明显变化，应及时复检。"
inner_20_0_000424,data/processed/images/all/sample_IF_20_0_000424.png,IF,内圈故障,N,正常状态,0,故障类型：正常状态,"故障类型：正常状态
诊断依据：模型判断该包络时频图整体能量分布较平稳，未呈现明显的周期性冲击或异常能量集中，结合当前工况更符合正常运行状态。当前工况为 20 Hz、0 V。
维护建议：建议保持常规监测，持续记录振动趋势；若后续能量分布或冲击特征发生明显变化，应及时复检。"
inner_20_0_000425,data/processed/images/all/sample_IF_20_0_000425.png,IF,内圈故障,CF,混合故障,0,故障类型：混合故障,"故障类型：混合故障
诊断依据：模型判断该包络时频图中呈现多组冲击成分和较复杂的能量分布，可能对应多部位共同损伤引起的复合振动特征。当前工况为 20 Hz、0 V。
维护建议：建议同时检查轴承内圈和外圈，并优先安排停机检测，避免复合故障进一步扩展。"
inner_20_0_000426,data/processed/images/all/sample_IF_20_0_000426.png,IF,内圈故障,CF,混合故障,0,故障类型：混合故障,"故障类型：混合故障
诊断依据：模型判断该包络时频图中呈现多组冲击成分和较复杂的能量分布，可能对应多部位共同损伤引起的复合振动特征。当前工况为 20 Hz、0 V。
维护建议：建议同时检查轴承内圈和外圈，并优先安排停机检测，避免复合故障进一步扩展。"
inner_20_0_000427,data/processed/images/all/sample_IF_20_0_000427.png,IF,内圈故障,IF,内圈故障,1,故障类型：内圈故障,"故障类型：内圈故障
诊断依据：模型判断该包络时频图中存在较明显的周期性冲击和调制成分，结合当前转速与负载工况，更符合内圈故障特征。当前工况为 20 Hz、0 V。
维护建议：建议重点检查轴承内圈表面损伤情况，并结合历史振动趋势评估故障发展速度。"
inner_20_0_000428,data/processed/images/all/sample_IF_20_0_000428.png,IF,内圈故障,BF,滚动体故障,0,故障类型：滚动体故障,"故障类型：滚动体故障
诊断依据：模型判断该包络时频图中存在局部冲击和调制特征，结合行星齿轮箱三方向振动信息，更符合滚动体故障表现。当前工况为 20 Hz、0 V。
维护建议：建议重点检查滚动体表面是否存在磨损、点蚀或剥落，并结合包络谱或现场巡检进一步确认故障程度。"
inner_20_0_000429,data/processed/images/all/sample_IF_20_0_000429.png,IF,内圈故障,IF,内圈故障,1,故障类型：内圈故障,"故障类型：内圈故障
诊断依据：模型判断该包络时频图中存在较明显的周期性冲击和调制成分，结合当前转速与负载工况，更符合内圈故障特征。当前工况为 20 Hz、0 V。
维护建议：建议重点检查轴承内圈表面损伤情况，并结合历史振动趋势评估故障发展速度。"
inner_20_0_000430,data/processed/images/all/sample_IF_20_0_000430.png,IF,内圈故障,IF,内圈故障,1,故障类型：内圈故障,"故障类型：内圈故障
诊断依据：模型判断该包络时频图中存在较明显的周期性冲击和调制成分，结合当前转速与负载工况，更符合内圈故障特征。当前工况为 20 Hz、0 V。
维护建议：建议重点检查轴承内圈表面损伤情况，并结合历史振动趋势评估故障发展速度。"
inner_20_0_000431,data/processed/images/all/sample_IF_20_0_000431.png,IF,内圈故障,CF,混合故障,0,故障类型：混合故障,"故障类型：混合故障
诊断依据：模型判断该包络时频图中呈现多组冲击成分和较复杂的能量分布，可能对应多部位共同损伤引起的复合振动特征。当前工况为 20 Hz、0 V。
维护建议：建议同时检查轴承内圈和外圈，并优先安排停机检测，避免复合故障进一步扩展。"
inner_20_0_000432,data/processed/images/all/sample_IF_20_0_000432.png,IF,内圈故障,N,正常状态,0,故障类型：正常状态,"故障类型：正常状态
诊断依据：模型判断该包络时频图整体能量分布较平稳，未呈现明显的周期性冲击或异常能量集中，结合当前工况更符合正常运行状态。当前工况为 20 Hz、0 V。
维护建议：建议保持常规监测，持续记录振动趋势；若后续能量分布或冲击特征发生明显变化，应及时复检。"
inner_20_0_000433,data/processed/images/all/sample_IF_20_0_000433.png,IF,内圈故障,CF,混合故障,0,故障类型：混合故障,"故障类型：混合故障
诊断依据：模型判断该包络时频图中呈现多组冲击成分和较复杂的能量分布，可能对应多部位共同损伤引起的复合振动特征。当前工况为 20 Hz、0 V。
维护建议：建议同时检查轴承内圈和外圈，并优先安排停机检测，避免复合故障进一步扩展。"
inner_20_0_000434,data/processed/images/all/sample_IF_20_0_000434.png,IF,内圈故障,IF,内圈故障,1,故障类型：内圈故障,"故障类型：内圈故障
诊断依据：模型判断该包络时频图中存在较明显的周期性冲击和调制成分，结合当前转速与负载工况，更符合内圈故障特征。当前工况为 20 Hz、0 V。
维护建议：建议重点检查轴承内圈表面损伤情况，并结合历史振动趋势评估故障发展速度。"
inner_20_0_000435,data/processed/images/all/sample_IF_20_0_000435.png,IF,内圈故障,BF,滚动体故障,0,故障类型：滚动体故障,"故障类型：滚动体故障
诊断依据：模型判断该包络时频图中存在局部冲击和调制特征，结合行星齿轮箱三方向振动信息，更符合滚动体故障表现。当前工况为 20 Hz、0 V。
维护建议：建议重点检查滚动体表面是否存在磨损、点蚀或剥落，并结合包络谱或现场巡检进一步确认故障程度。"
inner_20_0_000436,data/processed/images/all/sample_IF_20_0_000436.png,IF,内圈故障,N,正常状态,0,故障类型：正常状态,"故障类型：正常状态
诊断依据：模型判断该包络时频图整体能量分布较平稳，未呈现明显的周期性冲击或异常能量集中，结合当前工况更符合正常运行状态。当前工况为 20 Hz、0 V。
维护建议：建议保持常规监测，持续记录振动趋势；若后续能量分布或冲击特征发生明显变化，应及时复检。"
inner_20_0_000437,data/processed/images/all/sample_IF_20_0_000437.png,IF,内圈故障,CF,混合故障,0,故障类型：混合故障,"故障类型：混合故障
诊断依据：模型判断该包络时频图中呈现多组冲击成分和较复杂的能量分布，可能对应多部位共同损伤引起的复合振动特征。当前工况为 20 Hz、0 V。
维护建议：建议同时检查轴承内圈和外圈，并优先安排停机检测，避免复合故障进一步扩展。"
inner_20_0_000438,data/processed/images/all/sample_IF_20_0_000438.png,IF,内圈故障,IF,内圈故障,1,故障类型：内圈故障,"故障类型：内圈故障
诊断依据：模型判断该包络时频图中存在较明显的周期性冲击和调制成分，结合当前转速与负载工况，更符合内圈故障特征。当前工况为 20 Hz、0 V。
维护建议：建议重点检查轴承内圈表面损伤情况，并结合历史振动趋势评估故障发展速度。"
inner_20_0_000439,data/processed/images/all/sample_IF_20_0_000439.png,IF,内圈故障,CF,混合故障,0,故障类型：混合故障,"故障类型：混合故障
诊断依据：模型判断该包络时频图中呈现多组冲击成分和较复杂的能量分布，可能对应多部位共同损伤引起的复合振动特征。当前工况为 20 Hz、0 V。
维护建议：建议同时检查轴承内圈和外圈，并优先安排停机检测，避免复合故障进一步扩展。"
inner_20_0_000440,data/processed/images/all/sample_IF_20_0_000440.png,IF,内圈故障,IF,内圈故障,1,故障类型：内圈故障,"故障类型：内圈故障
诊断依据：模型判断该包络时频图中存在较明显的周期性冲击和调制成分，结合当前转速与负载工况，更符合内圈故障特征。当前工况为 20 Hz、0 V。
维护建议：建议重点检查轴承内圈表面损伤情况，并结合历史振动趋势评估故障发展速度。"
inner_20_0_000441,data/processed/images/all/sample_IF_20_0_000441.png,IF,内圈故障,IF,内圈故障,1,故障类型：内圈故障,"故障类型：内圈故障
诊断依据：模型判断该包络时频图中存在较明显的周期性冲击和调制成分，结合当前转速与负载工况，更符合内圈故障特征。当前工况为 20 Hz、0 V。
维护建议：建议重点检查轴承内圈表面损伤情况，并结合历史振动趋势评估故障发展速度。"
inner_20_0_000442,data/processed/images/all/sample_IF_20_0_000442.png,IF,内圈故障,IF,内圈故障,1,故障类型：内圈故障,"故障类型：内圈故障
诊断依据：模型判断该包络时频图中存在较明显的周期性冲击和调制成分，结合当前转速与负载工况，更符合内圈故障特征。当前工况为 20 Hz、0 V。
维护建议：建议重点检查轴承内圈表面损伤情况，并结合历史振动趋势评估故障发展速度。"
inner_20_0_000443,data/processed/images/all/sample_IF_20_0_000443.png,IF,内圈故障,CF,混合故障,0,故障类型：混合故障,"故障类型：混合故障
诊断依据：模型判断该包络时频图中呈现多组冲击成分和较复杂的能量分布，可能对应多部位共同损伤引起的复合振动特征。当前工况为 20 Hz、0 V。
维护建议：建议同时检查轴承内圈和外圈，并优先安排停机检测，避免复合故障进一步扩展。"
inner_20_0_000444,data/processed/images/all/sample_IF_20_0_000444.png,IF,内圈故障,IF,内圈故障,1,故障类型：内圈故障,"故障类型：内圈故障
诊断依据：模型判断该包络时频图中存在较明显的周期性冲击和调制成分，结合当前转速与负载工况，更符合内圈故障特征。当前工况为 20 Hz、0 V。
维护建议：建议重点检查轴承内圈表面损伤情况，并结合历史振动趋势评估故障发展速度。"
inner_20_0_000445,data/processed/images/all/sample_IF_20_0_000445.png,IF,内圈故障,IF,内圈故障,1,故障类型：内圈故障,"故障类型：内圈故障
诊断依据：模型判断该包络时频图中存在较明显的周期性冲击和调制成分，结合当前转速与负载工况，更符合内圈故障特征。当前工况为 20 Hz、0 V。
维护建议：建议重点检查轴承内圈表面损伤情况，并结合历史振动趋势评估故障发展速度。"
inner_20_0_000446,data/processed/images/all/sample_IF_20_0_000446.png,IF,内圈故障,IF,内圈故障,1,故障类型：内圈故障,"故障类型：内圈故障
诊断依据：模型判断该包络时频图中存在较明显的周期性冲击和调制成分，结合当前转速与负载工况，更符合内圈故障特征。当前工况为 20 Hz、0 V。
维护建议：建议重点检查轴承内圈表面损伤情况，并结合历史振动趋势评估故障发展速度。"
inner_20_0_000447,data/processed/images/all/sample_IF_20_0_000447.png,IF,内圈故障,IF,内圈故障,1,故障类型：内圈故障,"故障类型：内圈故障
诊断依据：模型判断该包络时频图中存在较明显的周期性冲击和调制成分，结合当前转速与负载工况，更符合内圈故障特征。当前工况为 20 Hz、0 V。
维护建议：建议重点检查轴承内圈表面损伤情况，并结合历史振动趋势评估故障发展速度。"
inner_20_0_000448,data/processed/images/all/sample_IF_20_0_000448.png,IF,内圈故障,IF,内圈故障,1,故障类型：内圈故障,"故障类型：内圈故障
诊断依据：模型判断该包络时频图中存在较明显的周期性冲击和调制成分，结合当前转速与负载工况，更符合内圈故障特征。当前工况为 20 Hz、0 V。
维护建议：建议重点检查轴承内圈表面损伤情况，并结合历史振动趋势评估故障发展速度。"
inner_20_0_000449,data/processed/images/all/sample_IF_20_0_000449.png,IF,内圈故障,IF,内圈故障,1,故障类型：内圈故障,"故障类型：内圈故障
诊断依据：模型判断该包络时频图中存在较明显的周期性冲击和调制成分，结合当前转速与负载工况，更符合内圈故障特征。当前工况为 20 Hz、0 V。
维护建议：建议重点检查轴承内圈表面损伤情况，并结合历史振动趋势评估故障发展速度。"
inner_20_0_000450,data/processed/images/all/sample_IF_20_0_000450.png,IF,内圈故障,N,正常状态,0,故障类型：正常状态,"故障类型：正常状态
诊断依据：模型判断该包络时频图整体能量分布较平稳，未呈现明显的周期性冲击或异常能量集中，结合当前工况更符合正常运行状态。当前工况为 20 Hz、0 V。
维护建议：建议保持常规监测，持续记录振动趋势；若后续能量分布或冲击特征发生明显变化，应及时复检。"
inner_20_0_000451,data/processed/images/all/sample_IF_20_0_000451.png,IF,内圈故障,BF,滚动体故障,0,故障类型：滚动体故障,"故障类型：滚动体故障
诊断依据：模型判断该包络时频图中存在局部冲击和调制特征，结合行星齿轮箱三方向振动信息，更符合滚动体故障表现。当前工况为 20 Hz、0 V。
维护建议：建议重点检查滚动体表面是否存在磨损、点蚀或剥落，并结合包络谱或现场巡检进一步确认故障程度。"
inner_20_0_000452,data/processed/images/all/sample_IF_20_0_000452.png,IF,内圈故障,IF,内圈故障,1,故障类型：内圈故障,"故障类型：内圈故障
诊断依据：模型判断该包络时频图中存在较明显的周期性冲击和调制成分，结合当前转速与负载工况，更符合内圈故障特征。当前工况为 20 Hz、0 V。
维护建议：建议重点检查轴承内圈表面损伤情况，并结合历史振动趋势评估故障发展速度。"
inner_20_0_000453,data/processed/images/all/sample_IF_20_0_000453.png,IF,内圈故障,IF,内圈故障,1,故障类型：内圈故障,"故障类型：内圈故障
诊断依据：模型判断该包络时频图中存在较明显的周期性冲击和调制成分，结合当前转速与负载工况，更符合内圈故障特征。当前工况为 20 Hz、0 V。
维护建议：建议重点检查轴承内圈表面损伤情况，并结合历史振动趋势评估故障发展速度。"
inner_20_0_000454,data/processed/images/all/sample_IF_20_0_000454.png,IF,内圈故障,IF,内圈故障,1,故障类型：内圈故障,"故障类型：内圈故障
诊断依据：模型判断该包络时频图中存在较明显的周期性冲击和调制成分，结合当前转速与负载工况，更符合内圈故障特征。当前工况为 20 Hz、0 V。
维护建议：建议重点检查轴承内圈表面损伤情况，并结合历史振动趋势评估故障发展速度。"
inner_20_0_000455,data/processed/images/all/sample_IF_20_0_000455.png,IF,内圈故障,IF,内圈故障,1,故障类型：内圈故障,"故障类型：内圈故障
诊断依据：模型判断该包络时频图中存在较明显的周期性冲击和调制成分，结合当前转速与负载工况，更符合内圈故障特征。当前工况为 20 Hz、0 V。
维护建议：建议重点检查轴承内圈表面损伤情况，并结合历史振动趋势评估故障发展速度。"
inner_20_0_000456,data/processed/images/all/sample_IF_20_0_000456.png,IF,内圈故障,N,正常状态,0,故障类型：正常状态,"故障类型：正常状态
诊断依据：模型判断该包络时频图整体能量分布较平稳，未呈现明显的周期性冲击或异常能量集中，结合当前工况更符合正常运行状态。当前工况为 20 Hz、0 V。
维护建议：建议保持常规监测，持续记录振动趋势；若后续能量分布或冲击特征发生明显变化，应及时复检。"
inner_20_0_000457,data/processed/images/all/sample_IF_20_0_000457.png,IF,内圈故障,N,正常状态,0,故障类型：正常状态,"故障类型：正常状态
诊断依据：模型判断该包络时频图整体能量分布较平稳，未呈现明显的周期性冲击或异常能量集中，结合当前工况更符合正常运行状态。当前工况为 20 Hz、0 V。
维护建议：建议保持常规监测，持续记录振动趋势；若后续能量分布或冲击特征发生明显变化，应及时复检。"
inner_20_0_000458,data/processed/images/all/sample_IF_20_0_000458.png,IF,内圈故障,IF,内圈故障,1,故障类型：内圈故障,"故障类型：内圈故障
诊断依据：模型判断该包络时频图中存在较明显的周期性冲击和调制成分，结合当前转速与负载工况，更符合内圈故障特征。当前工况为 20 Hz、0 V。
维护建议：建议重点检查轴承内圈表面损伤情况，并结合历史振动趋势评估故障发展速度。"
inner_20_0_000459,data/processed/images/all/sample_IF_20_0_000459.png,IF,内圈故障,IF,内圈故障,1,故障类型：内圈故障,"故障类型：内圈故障
诊断依据：模型判断该包络时频图中存在较明显的周期性冲击和调制成分，结合当前转速与负载工况，更符合内圈故障特征。当前工况为 20 Hz、0 V。
维护建议：建议重点检查轴承内圈表面损伤情况，并结合历史振动趋势评估故障发展速度。"
inner_20_0_000460,data/processed/images/all/sample_IF_20_0_000460.png,IF,内圈故障,IF,内圈故障,1,故障类型：内圈故障,"故障类型：内圈故障
诊断依据：模型判断该包络时频图中存在较明显的周期性冲击和调制成分，结合当前转速与负载工况，更符合内圈故障特征。当前工况为 20 Hz、0 V。
维护建议：建议重点检查轴承内圈表面损伤情况，并结合历史振动趋势评估故障发展速度。"
inner_20_0_000461,data/processed/images/all/sample_IF_20_0_000461.png,IF,内圈故障,IF,内圈故障,1,故障类型：内圈故障,"故障类型：内圈故障
诊断依据：模型判断该包络时频图中存在较明显的周期性冲击和调制成分，结合当前转速与负载工况，更符合内圈故障特征。当前工况为 20 Hz、0 V。
维护建议：建议重点检查轴承内圈表面损伤情况，并结合历史振动趋势评估故障发展速度。"
inner_20_0_000462,data/processed/images/all/sample_IF_20_0_000462.png,IF,内圈故障,BF,滚动体故障,0,故障类型：滚动体故障,"故障类型：滚动体故障
诊断依据：模型判断该包络时频图中存在局部冲击和调制特征，结合行星齿轮箱三方向振动信息，更符合滚动体故障表现。当前工况为 20 Hz、0 V。
维护建议：建议重点检查滚动体表面是否存在磨损、点蚀或剥落，并结合包络谱或现场巡检进一步确认故障程度。"
inner_20_0_000463,data/processed/images/all/sample_IF_20_0_000463.png,IF,内圈故障,IF,内圈故障,1,故障类型：内圈故障,"故障类型：内圈故障
诊断依据：模型判断该包络时频图中存在较明显的周期性冲击和调制成分，结合当前转速与负载工况，更符合内圈故障特征。当前工况为 20 Hz、0 V。
维护建议：建议重点检查轴承内圈表面损伤情况，并结合历史振动趋势评估故障发展速度。"
inner_20_0_000464,data/processed/images/all/sample_IF_20_0_000464.png,IF,内圈故障,IF,内圈故障,1,故障类型：内圈故障,"故障类型：内圈故障
诊断依据：模型判断该包络时频图中存在较明显的周期性冲击和调制成分，结合当前转速与负载工况，更符合内圈故障特征。当前工况为 20 Hz、0 V。
维护建议：建议重点检查轴承内圈表面损伤情况，并结合历史振动趋势评估故障发展速度。"
inner_20_0_000465,data/processed/images/all/sample_IF_20_0_000465.png,IF,内圈故障,CF,混合故障,0,故障类型：混合故障,"故障类型：混合故障
诊断依据：模型判断该包络时频图中呈现多组冲击成分和较复杂的能量分布，可能对应多部位共同损伤引起的复合振动特征。当前工况为 20 Hz、0 V。
维护建议：建议同时检查轴承内圈和外圈，并优先安排停机检测，避免复合故障进一步扩展。"
inner_20_0_000466,data/processed/images/all/sample_IF_20_0_000466.png,IF,内圈故障,CF,混合故障,0,故障类型：混合故障,"故障类型：混合故障
诊断依据：模型判断该包络时频图中呈现多组冲击成分和较复杂的能量分布，可能对应多部位共同损伤引起的复合振动特征。当前工况为 20 Hz、0 V。
维护建议：建议同时检查轴承内圈和外圈，并优先安排停机检测，避免复合故障进一步扩展。"
inner_20_0_000467,data/processed/images/all/sample_IF_20_0_000467.png,IF,内圈故障,BF,滚动体故障,0,故障类型：滚动体故障,"故障类型：滚动体故障
诊断依据：模型判断该包络时频图中存在局部冲击和调制特征，结合行星齿轮箱三方向振动信息，更符合滚动体故障表现。当前工况为 20 Hz、0 V。
维护建议：建议重点检查滚动体表面是否存在磨损、点蚀或剥落，并结合包络谱或现场巡检进一步确认故障程度。"
inner_20_0_000468,data/processed/images/all/sample_IF_20_0_000468.png,IF,内圈故障,IF,内圈故障,1,故障类型：内圈故障,"故障类型：内圈故障
诊断依据：模型判断该包络时频图中存在较明显的周期性冲击和调制成分，结合当前转速与负载工况，更符合内圈故障特征。当前工况为 20 Hz、0 V。
维护建议：建议重点检查轴承内圈表面损伤情况，并结合历史振动趋势评估故障发展速度。"
inner_20_0_000469,data/processed/images/all/sample_IF_20_0_000469.png,IF,内圈故障,IF,内圈故障,1,故障类型：内圈故障,"故障类型：内圈故障
诊断依据：模型判断该包络时频图中存在较明显的周期性冲击和调制成分，结合当前转速与负载工况，更符合内圈故障特征。当前工况为 20 Hz、0 V。
维护建议：建议重点检查轴承内圈表面损伤情况，并结合历史振动趋势评估故障发展速度。"
inner_20_0_000470,data/processed/images/all/sample_IF_20_0_000470.png,IF,内圈故障,IF,内圈故障,1,故障类型：内圈故障,"故障类型：内圈故障
诊断依据：模型判断该包络时频图中存在较明显的周期性冲击和调制成分，结合当前转速与负载工况，更符合内圈故障特征。当前工况为 20 Hz、0 V。
维护建议：建议重点检查轴承内圈表面损伤情况，并结合历史振动趋势评估故障发展速度。"
inner_20_0_000471,data/processed/images/all/sample_IF_20_0_000471.png,IF,内圈故障,IF,内圈故障,1,故障类型：内圈故障,"故障类型：内圈故障
诊断依据：模型判断该包络时频图中存在较明显的周期性冲击和调制成分，结合当前转速与负载工况，更符合内圈故障特征。当前工况为 20 Hz、0 V。
维护建议：建议重点检查轴承内圈表面损伤情况，并结合历史振动趋势评估故障发展速度。"
inner_20_0_000472,data/processed/images/all/sample_IF_20_0_000472.png,IF,内圈故障,N,正常状态,0,故障类型：正常状态,"故障类型：正常状态
诊断依据：模型判断该包络时频图整体能量分布较平稳，未呈现明显的周期性冲击或异常能量集中，结合当前工况更符合正常运行状态。当前工况为 20 Hz、0 V。
维护建议：建议保持常规监测，持续记录振动趋势；若后续能量分布或冲击特征发生明显变化，应及时复检。"
inner_20_0_000473,data/processed/images/all/sample_IF_20_0_000473.png,IF,内圈故障,BF,滚动体故障,0,故障类型：滚动体故障,"故障类型：滚动体故障
诊断依据：模型判断该包络时频图中存在局部冲击和调制特征，结合行星齿轮箱三方向振动信息，更符合滚动体故障表现。当前工况为 20 Hz、0 V。
维护建议：建议重点检查滚动体表面是否存在磨损、点蚀或剥落，并结合包络谱或现场巡检进一步确认故障程度。"
inner_20_0_000474,data/processed/images/all/sample_IF_20_0_000474.png,IF,内圈故障,N,正常状态,0,故障类型：正常状态,"故障类型：正常状态
诊断依据：模型判断该包络时频图整体能量分布较平稳，未呈现明显的周期性冲击或异常能量集中，结合当前工况更符合正常运行状态。当前工况为 20 Hz、0 V。
维护建议：建议保持常规监测，持续记录振动趋势；若后续能量分布或冲击特征发生明显变化，应及时复检。"
inner_20_0_000475,data/processed/images/all/sample_IF_20_0_000475.png,IF,内圈故障,N,正常状态,0,故障类型：正常状态,"故障类型：正常状态
诊断依据：模型判断该包络时频图整体能量分布较平稳，未呈现明显的周期性冲击或异常能量集中，结合当前工况更符合正常运行状态。当前工况为 20 Hz、0 V。
维护建议：建议保持常规监测，持续记录振动趋势；若后续能量分布或冲击特征发生明显变化，应及时复检。"
inner_20_0_000476,data/processed/images/all/sample_IF_20_0_000476.png,IF,内圈故障,IF,内圈故障,1,故障类型：内圈故障,"故障类型：内圈故障
诊断依据：模型判断该包络时频图中存在较明显的周期性冲击和调制成分，结合当前转速与负载工况，更符合内圈故障特征。当前工况为 20 Hz、0 V。
维护建议：建议重点检查轴承内圈表面损伤情况，并结合历史振动趋势评估故障发展速度。"
inner_20_0_000477,data/processed/images/all/sample_IF_20_0_000477.png,IF,内圈故障,IF,内圈故障,1,故障类型：内圈故障,"故障类型：内圈故障
诊断依据：模型判断该包络时频图中存在较明显的周期性冲击和调制成分，结合当前转速与负载工况，更符合内圈故障特征。当前工况为 20 Hz、0 V。
维护建议：建议重点检查轴承内圈表面损伤情况，并结合历史振动趋势评估故障发展速度。"
inner_20_0_000478,data/processed/images/all/sample_IF_20_0_000478.png,IF,内圈故障,CF,混合故障,0,故障类型：混合故障,"故障类型：混合故障
诊断依据：模型判断该包络时频图中呈现多组冲击成分和较复杂的能量分布，可能对应多部位共同损伤引起的复合振动特征。当前工况为 20 Hz、0 V。
维护建议：建议同时检查轴承内圈和外圈，并优先安排停机检测，避免复合故障进一步扩展。"
inner_20_0_000479,data/processed/images/all/sample_IF_20_0_000479.png,IF,内圈故障,IF,内圈故障,1,故障类型：内圈故障,"故障类型：内圈故障
诊断依据：模型判断该包络时频图中存在较明显的周期性冲击和调制成分，结合当前转速与负载工况，更符合内圈故障特征。当前工况为 20 Hz、0 V。
维护建议：建议重点检查轴承内圈表面损伤情况，并结合历史振动趋势评估故障发展速度。"
inner_20_0_000480,data/processed/images/all/sample_IF_20_0_000480.png,IF,内圈故障,CF,混合故障,0,故障类型：混合故障,"故障类型：混合故障
诊断依据：模型判断该包络时频图中呈现多组冲击成分和较复杂的能量分布，可能对应多部位共同损伤引起的复合振动特征。当前工况为 20 Hz、0 V。
维护建议：建议同时检查轴承内圈和外圈，并优先安排停机检测，避免复合故障进一步扩展。"
inner_20_0_000481,data/processed/images/all/sample_IF_20_0_000481.png,IF,内圈故障,CF,混合故障,0,故障类型：混合故障,"故障类型：混合故障
诊断依据：模型判断该包络时频图中呈现多组冲击成分和较复杂的能量分布，可能对应多部位共同损伤引起的复合振动特征。当前工况为 20 Hz、0 V。
维护建议：建议同时检查轴承内圈和外圈，并优先安排停机检测，避免复合故障进一步扩展。"
inner_20_0_000482,data/processed/images/all/sample_IF_20_0_000482.png,IF,内圈故障,IF,内圈故障,1,故障类型：内圈故障,"故障类型：内圈故障
诊断依据：模型判断该包络时频图中存在较明显的周期性冲击和调制成分，结合当前转速与负载工况，更符合内圈故障特征。当前工况为 20 Hz、0 V。
维护建议：建议重点检查轴承内圈表面损伤情况，并结合历史振动趋势评估故障发展速度。"
inner_20_0_000483,data/processed/images/all/sample_IF_20_0_000483.png,IF,内圈故障,IF,内圈故障,1,故障类型：内圈故障,"故障类型：内圈故障
诊断依据：模型判断该包络时频图中存在较明显的周期性冲击和调制成分，结合当前转速与负载工况，更符合内圈故障特征。当前工况为 20 Hz、0 V。
维护建议：建议重点检查轴承内圈表面损伤情况，并结合历史振动趋势评估故障发展速度。"
inner_20_0_000484,data/processed/images/all/sample_IF_20_0_000484.png,IF,内圈故障,CF,混合故障,0,故障类型：混合故障,"故障类型：混合故障
诊断依据：模型判断该包络时频图中呈现多组冲击成分和较复杂的能量分布，可能对应多部位共同损伤引起的复合振动特征。当前工况为 20 Hz、0 V。
维护建议：建议同时检查轴承内圈和外圈，并优先安排停机检测，避免复合故障进一步扩展。"
inner_20_0_000485,data/processed/images/all/sample_IF_20_0_000485.png,IF,内圈故障,IF,内圈故障,1,故障类型：内圈故障,"故障类型：内圈故障
诊断依据：模型判断该包络时频图中存在较明显的周期性冲击和调制成分，结合当前转速与负载工况，更符合内圈故障特征。当前工况为 20 Hz、0 V。
维护建议：建议重点检查轴承内圈表面损伤情况，并结合历史振动趋势评估故障发展速度。"
inner_20_0_000486,data/processed/images/all/sample_IF_20_0_000486.png,IF,内圈故障,N,正常状态,0,故障类型：正常状态,"故障类型：正常状态
诊断依据：模型判断该包络时频图整体能量分布较平稳，未呈现明显的周期性冲击或异常能量集中，结合当前工况更符合正常运行状态。当前工况为 20 Hz、0 V。
维护建议：建议保持常规监测，持续记录振动趋势；若后续能量分布或冲击特征发生明显变化，应及时复检。"
inner_20_0_000487,data/processed/images/all/sample_IF_20_0_000487.png,IF,内圈故障,IF,内圈故障,1,故障类型：内圈故障,"故障类型：内圈故障
诊断依据：模型判断该包络时频图中存在较明显的周期性冲击和调制成分，结合当前转速与负载工况，更符合内圈故障特征。当前工况为 20 Hz、0 V。
维护建议：建议重点检查轴承内圈表面损伤情况，并结合历史振动趋势评估故障发展速度。"
inner_20_0_000488,data/processed/images/all/sample_IF_20_0_000488.png,IF,内圈故障,IF,内圈故障,1,故障类型：内圈故障,"故障类型：内圈故障
诊断依据：模型判断该包络时频图中存在较明显的周期性冲击和调制成分，结合当前转速与负载工况，更符合内圈故障特征。当前工况为 20 Hz、0 V。
维护建议：建议重点检查轴承内圈表面损伤情况，并结合历史振动趋势评估故障发展速度。"
inner_20_0_000489,data/processed/images/all/sample_IF_20_0_000489.png,IF,内圈故障,IF,内圈故障,1,故障类型：内圈故障,"故障类型：内圈故障
诊断依据：模型判断该包络时频图中存在较明显的周期性冲击和调制成分，结合当前转速与负载工况，更符合内圈故障特征。当前工况为 20 Hz、0 V。
维护建议：建议重点检查轴承内圈表面损伤情况，并结合历史振动趋势评估故障发展速度。"
inner_20_0_000490,data/processed/images/all/sample_IF_20_0_000490.png,IF,内圈故障,IF,内圈故障,1,故障类型：内圈故障,"故障类型：内圈故障
诊断依据：模型判断该包络时频图中存在较明显的周期性冲击和调制成分，结合当前转速与负载工况，更符合内圈故障特征。当前工况为 20 Hz、0 V。
维护建议：建议重点检查轴承内圈表面损伤情况，并结合历史振动趋势评估故障发展速度。"
inner_20_0_000491,data/processed/images/all/sample_IF_20_0_000491.png,IF,内圈故障,OF,外圈故障,0,故障类型：外圈故障,"故障类型：外圈故障
诊断依据：模型判断该包络时频图中存在相对稳定的冲击响应和局部频带能量增强，整体更符合外圈局部损伤特征。当前工况为 20 Hz、0 V。
维护建议：建议检查轴承外圈固定区域是否存在剥落、裂纹或异常磨损，必要时安排停机复检。"
inner_20_0_000492,data/processed/images/all/sample_IF_20_0_000492.png,IF,内圈故障,IF,内圈故障,1,故障类型：内圈故障,"故障类型：内圈故障
诊断依据：模型判断该包络时频图中存在较明显的周期性冲击和调制成分，结合当前转速与负载工况，更符合内圈故障特征。当前工况为 20 Hz、0 V。
维护建议：建议重点检查轴承内圈表面损伤情况，并结合历史振动趋势评估故障发展速度。"
inner_20_0_000493,data/processed/images/all/sample_IF_20_0_000493.png,IF,内圈故障,BF,滚动体故障,0,故障类型：滚动体故障,"故障类型：滚动体故障
诊断依据：模型判断该包络时频图中存在局部冲击和调制特征，结合行星齿轮箱三方向振动信息，更符合滚动体故障表现。当前工况为 20 Hz、0 V。
维护建议：建议重点检查滚动体表面是否存在磨损、点蚀或剥落，并结合包络谱或现场巡检进一步确认故障程度。"
inner_20_0_000494,data/processed/images/all/sample_IF_20_0_000494.png,IF,内圈故障,IF,内圈故障,1,故障类型：内圈故障,"故障类型：内圈故障
诊断依据：模型判断该包络时频图中存在较明显的周期性冲击和调制成分，结合当前转速与负载工况，更符合内圈故障特征。当前工况为 20 Hz、0 V。
维护建议：建议重点检查轴承内圈表面损伤情况，并结合历史振动趋势评估故障发展速度。"
inner_20_0_000495,data/processed/images/all/sample_IF_20_0_000495.png,IF,内圈故障,IF,内圈故障,1,故障类型：内圈故障,"故障类型：内圈故障
诊断依据：模型判断该包络时频图中存在较明显的周期性冲击和调制成分，结合当前转速与负载工况，更符合内圈故障特征。当前工况为 20 Hz、0 V。
维护建议：建议重点检查轴承内圈表面损伤情况，并结合历史振动趋势评估故障发展速度。"
inner_20_0_000496,data/processed/images/all/sample_IF_20_0_000496.png,IF,内圈故障,N,正常状态,0,故障类型：正常状态,"故障类型：正常状态
诊断依据：模型判断该包络时频图整体能量分布较平稳，未呈现明显的周期性冲击或异常能量集中，结合当前工况更符合正常运行状态。当前工况为 20 Hz、0 V。
维护建议：建议保持常规监测，持续记录振动趋势；若后续能量分布或冲击特征发生明显变化，应及时复检。"
inner_20_0_000497,data/processed/images/all/sample_IF_20_0_000497.png,IF,内圈故障,N,正常状态,0,故障类型：正常状态,"故障类型：正常状态
诊断依据：模型判断该包络时频图整体能量分布较平稳，未呈现明显的周期性冲击或异常能量集中，结合当前工况更符合正常运行状态。当前工况为 20 Hz、0 V。
维护建议：建议保持常规监测，持续记录振动趋势；若后续能量分布或冲击特征发生明显变化，应及时复检。"
inner_20_0_000498,data/processed/images/all/sample_IF_20_0_000498.png,IF,内圈故障,CF,混合故障,0,故障类型：混合故障,"故障类型：混合故障
诊断依据：模型判断该包络时频图中呈现多组冲击成分和较复杂的能量分布，可能对应多部位共同损伤引起的复合振动特征。当前工况为 20 Hz、0 V。
维护建议：建议同时检查轴承内圈和外圈，并优先安排停机检测，避免复合故障进一步扩展。"
inner_20_0_000499,data/processed/images/all/sample_IF_20_0_000499.png,IF,内圈故障,CF,混合故障,0,故障类型：混合故障,"故障类型：混合故障
诊断依据：模型判断该包络时频图中呈现多组冲击成分和较复杂的能量分布，可能对应多部位共同损伤引起的复合振动特征。当前工况为 20 Hz、0 V。
维护建议：建议同时检查轴承内圈和外圈，并优先安排停机检测，避免复合故障进一步扩展。"
inner_20_0_000500,data/processed/images/all/sample_IF_20_0_000500.png,IF,内圈故障,CF,混合故障,0,故障类型：混合故障,"故障类型：混合故障
诊断依据：模型判断该包络时频图中呈现多组冲击成分和较复杂的能量分布，可能对应多部位共同损伤引起的复合振动特征。当前工况为 20 Hz、0 V。
维护建议：建议同时检查轴承内圈和外圈，并优先安排停机检测，避免复合故障进一步扩展。"
inner_20_0_000501,data/processed/images/all/sample_IF_20_0_000501.png,IF,内圈故障,CF,混合故障,0,故障类型：混合故障,"故障类型：混合故障
诊断依据：模型判断该包络时频图中呈现多组冲击成分和较复杂的能量分布，可能对应多部位共同损伤引起的复合振动特征。当前工况为 20 Hz、0 V。
维护建议：建议同时检查轴承内圈和外圈，并优先安排停机检测，避免复合故障进一步扩展。"
inner_20_0_000502,data/processed/images/all/sample_IF_20_0_000502.png,IF,内圈故障,IF,内圈故障,1,故障类型：内圈故障,"故障类型：内圈故障
诊断依据：模型判断该包络时频图中存在较明显的周期性冲击和调制成分，结合当前转速与负载工况，更符合内圈故障特征。当前工况为 20 Hz、0 V。
维护建议：建议重点检查轴承内圈表面损伤情况，并结合历史振动趋势评估故障发展速度。"
inner_20_0_000503,data/processed/images/all/sample_IF_20_0_000503.png,IF,内圈故障,OF,外圈故障,0,故障类型：外圈故障,"故障类型：外圈故障
诊断依据：模型判断该包络时频图中存在相对稳定的冲击响应和局部频带能量增强，整体更符合外圈局部损伤特征。当前工况为 20 Hz、0 V。
维护建议：建议检查轴承外圈固定区域是否存在剥落、裂纹或异常磨损，必要时安排停机复检。"
inner_20_0_000504,data/processed/images/all/sample_IF_20_0_000504.png,IF,内圈故障,IF,内圈故障,1,故障类型：内圈故障,"故障类型：内圈故障
诊断依据：模型判断该包络时频图中存在较明显的周期性冲击和调制成分，结合当前转速与负载工况，更符合内圈故障特征。当前工况为 20 Hz、0 V。
维护建议：建议重点检查轴承内圈表面损伤情况，并结合历史振动趋势评估故障发展速度。"
inner_20_0_000505,data/processed/images/all/sample_IF_20_0_000505.png,IF,内圈故障,OF,外圈故障,0,故障类型：外圈故障,"故障类型：外圈故障
诊断依据：模型判断该包络时频图中存在相对稳定的冲击响应和局部频带能量增强，整体更符合外圈局部损伤特征。当前工况为 20 Hz、0 V。
维护建议：建议检查轴承外圈固定区域是否存在剥落、裂纹或异常磨损，必要时安排停机复检。"
inner_20_0_000506,data/processed/images/all/sample_IF_20_0_000506.png,IF,内圈故障,IF,内圈故障,1,故障类型：内圈故障,"故障类型：内圈故障
诊断依据：模型判断该包络时频图中存在较明显的周期性冲击和调制成分，结合当前转速与负载工况，更符合内圈故障特征。当前工况为 20 Hz、0 V。
维护建议：建议重点检查轴承内圈表面损伤情况，并结合历史振动趋势评估故障发展速度。"
inner_20_0_000507,data/processed/images/all/sample_IF_20_0_000507.png,IF,内圈故障,N,正常状态,0,故障类型：正常状态,"故障类型：正常状态
诊断依据：模型判断该包络时频图整体能量分布较平稳，未呈现明显的周期性冲击或异常能量集中，结合当前工况更符合正常运行状态。当前工况为 20 Hz、0 V。
维护建议：建议保持常规监测，持续记录振动趋势；若后续能量分布或冲击特征发生明显变化，应及时复检。"
inner_20_0_000508,data/processed/images/all/sample_IF_20_0_000508.png,IF,内圈故障,CF,混合故障,0,故障类型：混合故障,"故障类型：混合故障
诊断依据：模型判断该包络时频图中呈现多组冲击成分和较复杂的能量分布，可能对应多部位共同损伤引起的复合振动特征。当前工况为 20 Hz、0 V。
维护建议：建议同时检查轴承内圈和外圈，并优先安排停机检测，避免复合故障进一步扩展。"
inner_20_0_000509,data/processed/images/all/sample_IF_20_0_000509.png,IF,内圈故障,N,正常状态,0,故障类型：正常状态,"故障类型：正常状态
诊断依据：模型判断该包络时频图整体能量分布较平稳，未呈现明显的周期性冲击或异常能量集中，结合当前工况更符合正常运行状态。当前工况为 20 Hz、0 V。
维护建议：建议保持常规监测，持续记录振动趋势；若后续能量分布或冲击特征发生明显变化，应及时复检。"
inner_30_2_000407,data/processed/images/all/sample_IF_30_2_000407.png,IF,内圈故障,IF,内圈故障,1,故障类型：内圈故障,"故障类型：内圈故障
诊断依据：模型判断该包络时频图中存在较明显的周期性冲击和调制成分，结合当前转速与负载工况，更符合内圈故障特征。当前工况为 30 Hz、2 V。
维护建议：建议重点检查轴承内圈表面损伤情况，并结合历史振动趋势评估故障发展速度。"
inner_30_2_000408,data/processed/images/all/sample_IF_30_2_000408.png,IF,内圈故障,IF,内圈故障,1,故障类型：内圈故障,"故障类型：内圈故障
诊断依据：模型判断该包络时频图中存在较明显的周期性冲击和调制成分，结合当前转速与负载工况，更符合内圈故障特征。当前工况为 30 Hz、2 V。
维护建议：建议重点检查轴承内圈表面损伤情况，并结合历史振动趋势评估故障发展速度。"
inner_30_2_000409,data/processed/images/all/sample_IF_30_2_000409.png,IF,内圈故障,IF,内圈故障,1,故障类型：内圈故障,"故障类型：内圈故障
诊断依据：模型判断该包络时频图中存在较明显的周期性冲击和调制成分，结合当前转速与负载工况，更符合内圈故障特征。当前工况为 30 Hz、2 V。
维护建议：建议重点检查轴承内圈表面损伤情况，并结合历史振动趋势评估故障发展速度。"
inner_30_2_000410,data/processed/images/all/sample_IF_30_2_000410.png,IF,内圈故障,N,正常状态,0,故障类型：正常状态,"故障类型：正常状态
诊断依据：模型判断该包络时频图整体能量分布较平稳，未呈现明显的周期性冲击或异常能量集中，结合当前工况更符合正常运行状态。当前工况为 30 Hz、2 V。
维护建议：建议保持常规监测，持续记录振动趋势；若后续能量分布或冲击特征发生明显变化，应及时复检。"
inner_30_2_000411,data/processed/images/all/sample_IF_30_2_000411.png,IF,内圈故障,IF,内圈故障,1,故障类型：内圈故障,"故障类型：内圈故障
诊断依据：模型判断该包络时频图中存在较明显的周期性冲击和调制成分，结合当前转速与负载工况，更符合内圈故障特征。当前工况为 30 Hz、2 V。
维护建议：建议重点检查轴承内圈表面损伤情况，并结合历史振动趋势评估故障发展速度。"
inner_30_2_000412,data/processed/images/all/sample_IF_30_2_000412.png,IF,内圈故障,IF,内圈故障,1,故障类型：内圈故障,"故障类型：内圈故障
诊断依据：模型判断该包络时频图中存在较明显的周期性冲击和调制成分，结合当前转速与负载工况，更符合内圈故障特征。当前工况为 30 Hz、2 V。
维护建议：建议重点检查轴承内圈表面损伤情况，并结合历史振动趋势评估故障发展速度。"
inner_30_2_000413,data/processed/images/all/sample_IF_30_2_000413.png,IF,内圈故障,OF,外圈故障,0,故障类型：外圈故障,"故障类型：外圈故障
诊断依据：模型判断该包络时频图中存在相对稳定的冲击响应和局部频带能量增强，整体更符合外圈局部损伤特征。当前工况为 30 Hz、2 V。
维护建议：建议检查轴承外圈固定区域是否存在剥落、裂纹或异常磨损，必要时安排停机复检。"
inner_30_2_000414,data/processed/images/all/sample_IF_30_2_000414.png,IF,内圈故障,CF,混合故障,0,故障类型：混合故障,"故障类型：混合故障
诊断依据：模型判断该包络时频图中呈现多组冲击成分和较复杂的能量分布，可能对应多部位共同损伤引起的复合振动特征。当前工况为 30 Hz、2 V。
维护建议：建议同时检查轴承内圈和外圈，并优先安排停机检测，避免复合故障进一步扩展。"
inner_30_2_000415,data/processed/images/all/sample_IF_30_2_000415.png,IF,内圈故障,CF,混合故障,0,故障类型：混合故障,"故障类型：混合故障
诊断依据：模型判断该包络时频图中呈现多组冲击成分和较复杂的能量分布，可能对应多部位共同损伤引起的复合振动特征。当前工况为 30 Hz、2 V。
维护建议：建议同时检查轴承内圈和外圈，并优先安排停机检测，避免复合故障进一步扩展。"
inner_30_2_000416,data/processed/images/all/sample_IF_30_2_000416.png,IF,内圈故障,OF,外圈故障,0,故障类型：外圈故障,"故障类型：外圈故障
诊断依据：模型判断该包络时频图中存在相对稳定的冲击响应和局部频带能量增强，整体更符合外圈局部损伤特征。当前工况为 30 Hz、2 V。
维护建议：建议检查轴承外圈固定区域是否存在剥落、裂纹或异常磨损，必要时安排停机复检。"
inner_30_2_000417,data/processed/images/all/sample_IF_30_2_000417.png,IF,内圈故障,OF,外圈故障,0,故障类型：外圈故障,"故障类型：外圈故障
诊断依据：模型判断该包络时频图中存在相对稳定的冲击响应和局部频带能量增强，整体更符合外圈局部损伤特征。当前工况为 30 Hz、2 V。
维护建议：建议检查轴承外圈固定区域是否存在剥落、裂纹或异常磨损，必要时安排停机复检。"
inner_30_2_000418,data/processed/images/all/sample_IF_30_2_000418.png,IF,内圈故障,IF,内圈故障,1,故障类型：内圈故障,"故障类型：内圈故障
诊断依据：模型判断该包络时频图中存在较明显的周期性冲击和调制成分，结合当前转速与负载工况，更符合内圈故障特征。当前工况为 30 Hz、2 V。
维护建议：建议重点检查轴承内圈表面损伤情况，并结合历史振动趋势评估故障发展速度。"
inner_30_2_000419,data/processed/images/all/sample_IF_30_2_000419.png,IF,内圈故障,CF,混合故障,0,故障类型：混合故障,"故障类型：混合故障
诊断依据：模型判断该包络时频图中呈现多组冲击成分和较复杂的能量分布，可能对应多部位共同损伤引起的复合振动特征。当前工况为 30 Hz、2 V。
维护建议：建议同时检查轴承内圈和外圈，并优先安排停机检测，避免复合故障进一步扩展。"
inner_30_2_000420,data/processed/images/all/sample_IF_30_2_000420.png,IF,内圈故障,OF,外圈故障,0,故障类型：外圈故障,"故障类型：外圈故障
诊断依据：模型判断该包络时频图中存在相对稳定的冲击响应和局部频带能量增强，整体更符合外圈局部损伤特征。当前工况为 30 Hz、2 V。
维护建议：建议检查轴承外圈固定区域是否存在剥落、裂纹或异常磨损，必要时安排停机复检。"
inner_30_2_000421,data/processed/images/all/sample_IF_30_2_000421.png,IF,内圈故障,OF,外圈故障,0,故障类型：外圈故障,"故障类型：外圈故障
诊断依据：模型判断该包络时频图中存在相对稳定的冲击响应和局部频带能量增强，整体更符合外圈局部损伤特征。当前工况为 30 Hz、2 V。
维护建议：建议检查轴承外圈固定区域是否存在剥落、裂纹或异常磨损，必要时安排停机复检。"
inner_30_2_000422,data/processed/images/all/sample_IF_30_2_000422.png,IF,内圈故障,OF,外圈故障,0,故障类型：外圈故障,"故障类型：外圈故障
诊断依据：模型判断该包络时频图中存在相对稳定的冲击响应和局部频带能量增强，整体更符合外圈局部损伤特征。当前工况为 30 Hz、2 V。
维护建议：建议检查轴承外圈固定区域是否存在剥落、裂纹或异常磨损，必要时安排停机复检。"
inner_30_2_000423,data/processed/images/all/sample_IF_30_2_000423.png,IF,内圈故障,CF,混合故障,0,故障类型：混合故障,"故障类型：混合故障
诊断依据：模型判断该包络时频图中呈现多组冲击成分和较复杂的能量分布，可能对应多部位共同损伤引起的复合振动特征。当前工况为 30 Hz、2 V。
维护建议：建议同时检查轴承内圈和外圈，并优先安排停机检测，避免复合故障进一步扩展。"
inner_30_2_000424,data/processed/images/all/sample_IF_30_2_000424.png,IF,内圈故障,CF,混合故障,0,故障类型：混合故障,"故障类型：混合故障
诊断依据：模型判断该包络时频图中呈现多组冲击成分和较复杂的能量分布，可能对应多部位共同损伤引起的复合振动特征。当前工况为 30 Hz、2 V。
维护建议：建议同时检查轴承内圈和外圈，并优先安排停机检测，避免复合故障进一步扩展。"
inner_30_2_000425,data/processed/images/all/sample_IF_30_2_000425.png,IF,内圈故障,OF,外圈故障,0,故障类型：外圈故障,"故障类型：外圈故障
诊断依据：模型判断该包络时频图中存在相对稳定的冲击响应和局部频带能量增强，整体更符合外圈局部损伤特征。当前工况为 30 Hz、2 V。
维护建议：建议检查轴承外圈固定区域是否存在剥落、裂纹或异常磨损，必要时安排停机复检。"
inner_30_2_000426,data/processed/images/all/sample_IF_30_2_000426.png,IF,内圈故障,IF,内圈故障,1,故障类型：内圈故障,"故障类型：内圈故障
诊断依据：模型判断该包络时频图中存在较明显的周期性冲击和调制成分，结合当前转速与负载工况，更符合内圈故障特征。当前工况为 30 Hz、2 V。
维护建议：建议重点检查轴承内圈表面损伤情况，并结合历史振动趋势评估故障发展速度。"
inner_30_2_000427,data/processed/images/all/sample_IF_30_2_000427.png,IF,内圈故障,CF,混合故障,0,故障类型：混合故障,"故障类型：混合故障
诊断依据：模型判断该包络时频图中呈现多组冲击成分和较复杂的能量分布，可能对应多部位共同损伤引起的复合振动特征。当前工况为 30 Hz、2 V。
维护建议：建议同时检查轴承内圈和外圈，并优先安排停机检测，避免复合故障进一步扩展。"
inner_30_2_000428,data/processed/images/all/sample_IF_30_2_000428.png,IF,内圈故障,IF,内圈故障,1,故障类型：内圈故障,"故障类型：内圈故障
诊断依据：模型判断该包络时频图中存在较明显的周期性冲击和调制成分，结合当前转速与负载工况，更符合内圈故障特征。当前工况为 30 Hz、2 V。
维护建议：建议重点检查轴承内圈表面损伤情况，并结合历史振动趋势评估故障发展速度。"
inner_30_2_000429,data/processed/images/all/sample_IF_30_2_000429.png,IF,内圈故障,BF,滚动体故障,0,故障类型：滚动体故障,"故障类型：滚动体故障
诊断依据：模型判断该包络时频图中存在局部冲击和调制特征，结合行星齿轮箱三方向振动信息，更符合滚动体故障表现。当前工况为 30 Hz、2 V。
维护建议：建议重点检查滚动体表面是否存在磨损、点蚀或剥落，并结合包络谱或现场巡检进一步确认故障程度。"
inner_30_2_000430,data/processed/images/all/sample_IF_30_2_000430.png,IF,内圈故障,IF,内圈故障,1,故障类型：内圈故障,"故障类型：内圈故障
诊断依据：模型判断该包络时频图中存在较明显的周期性冲击和调制成分，结合当前转速与负载工况，更符合内圈故障特征。当前工况为 30 Hz、2 V。
维护建议：建议重点检查轴承内圈表面损伤情况，并结合历史振动趋势评估故障发展速度。"
inner_30_2_000431,data/processed/images/all/sample_IF_30_2_000431.png,IF,内圈故障,CF,混合故障,0,故障类型：混合故障,"故障类型：混合故障
诊断依据：模型判断该包络时频图中呈现多组冲击成分和较复杂的能量分布，可能对应多部位共同损伤引起的复合振动特征。当前工况为 30 Hz、2 V。
维护建议：建议同时检查轴承内圈和外圈，并优先安排停机检测，避免复合故障进一步扩展。"
inner_30_2_000432,data/processed/images/all/sample_IF_30_2_000432.png,IF,内圈故障,CF,混合故障,0,故障类型：混合故障,"故障类型：混合故障
诊断依据：模型判断该包络时频图中呈现多组冲击成分和较复杂的能量分布，可能对应多部位共同损伤引起的复合振动特征。当前工况为 30 Hz、2 V。
维护建议：建议同时检查轴承内圈和外圈，并优先安排停机检测，避免复合故障进一步扩展。"
inner_30_2_000433,data/processed/images/all/sample_IF_30_2_000433.png,IF,内圈故障,OF,外圈故障,0,故障类型：外圈故障,"故障类型：外圈故障
诊断依据：模型判断该包络时频图中存在相对稳定的冲击响应和局部频带能量增强，整体更符合外圈局部损伤特征。当前工况为 30 Hz、2 V。
维护建议：建议检查轴承外圈固定区域是否存在剥落、裂纹或异常磨损，必要时安排停机复检。"
inner_30_2_000434,data/processed/images/all/sample_IF_30_2_000434.png,IF,内圈故障,IF,内圈故障,1,故障类型：内圈故障,"故障类型：内圈故障
诊断依据：模型判断该包络时频图中存在较明显的周期性冲击和调制成分，结合当前转速与负载工况，更符合内圈故障特征。当前工况为 30 Hz、2 V。
维护建议：建议重点检查轴承内圈表面损伤情况，并结合历史振动趋势评估故障发展速度。"
inner_30_2_000435,data/processed/images/all/sample_IF_30_2_000435.png,IF,内圈故障,N,正常状态,0,故障类型：正常状态,"故障类型：正常状态
诊断依据：模型判断该包络时频图整体能量分布较平稳，未呈现明显的周期性冲击或异常能量集中，结合当前工况更符合正常运行状态。当前工况为 30 Hz、2 V。
维护建议：建议保持常规监测，持续记录振动趋势；若后续能量分布或冲击特征发生明显变化，应及时复检。"
inner_30_2_000436,data/processed/images/all/sample_IF_30_2_000436.png,IF,内圈故障,OF,外圈故障,0,故障类型：外圈故障,"故障类型：外圈故障
诊断依据：模型判断该包络时频图中存在相对稳定的冲击响应和局部频带能量增强，整体更符合外圈局部损伤特征。当前工况为 30 Hz、2 V。
维护建议：建议检查轴承外圈固定区域是否存在剥落、裂纹或异常磨损，必要时安排停机复检。"
inner_30_2_000437,data/processed/images/all/sample_IF_30_2_000437.png,IF,内圈故障,IF,内圈故障,1,故障类型：内圈故障,"故障类型：内圈故障
诊断依据：模型判断该包络时频图中存在较明显的周期性冲击和调制成分，结合当前转速与负载工况，更符合内圈故障特征。当前工况为 30 Hz、2 V。
维护建议：建议重点检查轴承内圈表面损伤情况，并结合历史振动趋势评估故障发展速度。"
inner_30_2_000438,data/processed/images/all/sample_IF_30_2_000438.png,IF,内圈故障,IF,内圈故障,1,故障类型：内圈故障,"故障类型：内圈故障
诊断依据：模型判断该包络时频图中存在较明显的周期性冲击和调制成分，结合当前转速与负载工况，更符合内圈故障特征。当前工况为 30 Hz、2 V。
维护建议：建议重点检查轴承内圈表面损伤情况，并结合历史振动趋势评估故障发展速度。"
inner_30_2_000439,data/processed/images/all/sample_IF_30_2_000439.png,IF,内圈故障,IF,内圈故障,1,故障类型：内圈故障,"故障类型：内圈故障
诊断依据：模型判断该包络时频图中存在较明显的周期性冲击和调制成分，结合当前转速与负载工况，更符合内圈故障特征。当前工况为 30 Hz、2 V。
维护建议：建议重点检查轴承内圈表面损伤情况，并结合历史振动趋势评估故障发展速度。"
inner_30_2_000440,data/processed/images/all/sample_IF_30_2_000440.png,IF,内圈故障,CF,混合故障,0,故障类型：混合故障,"故障类型：混合故障
诊断依据：模型判断该包络时频图中呈现多组冲击成分和较复杂的能量分布，可能对应多部位共同损伤引起的复合振动特征。当前工况为 30 Hz、2 V。
维护建议：建议同时检查轴承内圈和外圈，并优先安排停机检测，避免复合故障进一步扩展。"
inner_30_2_000441,data/processed/images/all/sample_IF_30_2_000441.png,IF,内圈故障,OF,外圈故障,0,故障类型：外圈故障,"故障类型：外圈故障
诊断依据：模型判断该包络时频图中存在相对稳定的冲击响应和局部频带能量增强，整体更符合外圈局部损伤特征。当前工况为 30 Hz、2 V。
维护建议：建议检查轴承外圈固定区域是否存在剥落、裂纹或异常磨损，必要时安排停机复检。"
inner_30_2_000442,data/processed/images/all/sample_IF_30_2_000442.png,IF,内圈故障,CF,混合故障,0,故障类型：混合故障,"故障类型：混合故障
诊断依据：模型判断该包络时频图中呈现多组冲击成分和较复杂的能量分布，可能对应多部位共同损伤引起的复合振动特征。当前工况为 30 Hz、2 V。
维护建议：建议同时检查轴承内圈和外圈，并优先安排停机检测，避免复合故障进一步扩展。"
inner_30_2_000443,data/processed/images/all/sample_IF_30_2_000443.png,IF,内圈故障,OF,外圈故障,0,故障类型：外圈故障,"故障类型：外圈故障
诊断依据：模型判断该包络时频图中存在相对稳定的冲击响应和局部频带能量增强，整体更符合外圈局部损伤特征。当前工况为 30 Hz、2 V。
维护建议：建议检查轴承外圈固定区域是否存在剥落、裂纹或异常磨损，必要时安排停机复检。"
inner_30_2_000444,data/processed/images/all/sample_IF_30_2_000444.png,IF,内圈故障,CF,混合故障,0,故障类型：混合故障,"故障类型：混合故障
诊断依据：模型判断该包络时频图中呈现多组冲击成分和较复杂的能量分布，可能对应多部位共同损伤引起的复合振动特征。当前工况为 30 Hz、2 V。
维护建议：建议同时检查轴承内圈和外圈，并优先安排停机检测，避免复合故障进一步扩展。"
inner_30_2_000445,data/processed/images/all/sample_IF_30_2_000445.png,IF,内圈故障,CF,混合故障,0,故障类型：混合故障,"故障类型：混合故障
诊断依据：模型判断该包络时频图中呈现多组冲击成分和较复杂的能量分布，可能对应多部位共同损伤引起的复合振动特征。当前工况为 30 Hz、2 V。
维护建议：建议同时检查轴承内圈和外圈，并优先安排停机检测，避免复合故障进一步扩展。"
inner_30_2_000446,data/processed/images/all/sample_IF_30_2_000446.png,IF,内圈故障,OF,外圈故障,0,故障类型：外圈故障,"故障类型：外圈故障
诊断依据：模型判断该包络时频图中存在相对稳定的冲击响应和局部频带能量增强，整体更符合外圈局部损伤特征。当前工况为 30 Hz、2 V。
维护建议：建议检查轴承外圈固定区域是否存在剥落、裂纹或异常磨损，必要时安排停机复检。"
inner_30_2_000447,data/processed/images/all/sample_IF_30_2_000447.png,IF,内圈故障,CF,混合故障,0,故障类型：混合故障,"故障类型：混合故障
诊断依据：模型判断该包络时频图中呈现多组冲击成分和较复杂的能量分布，可能对应多部位共同损伤引起的复合振动特征。当前工况为 30 Hz、2 V。
维护建议：建议同时检查轴承内圈和外圈，并优先安排停机检测，避免复合故障进一步扩展。"
inner_30_2_000448,data/processed/images/all/sample_IF_30_2_000448.png,IF,内圈故障,IF,内圈故障,1,故障类型：内圈故障,"故障类型：内圈故障
诊断依据：模型判断该包络时频图中存在较明显的周期性冲击和调制成分，结合当前转速与负载工况，更符合内圈故障特征。当前工况为 30 Hz、2 V。
维护建议：建议重点检查轴承内圈表面损伤情况，并结合历史振动趋势评估故障发展速度。"
inner_30_2_000449,data/processed/images/all/sample_IF_30_2_000449.png,IF,内圈故障,IF,内圈故障,1,故障类型：内圈故障,"故障类型：内圈故障
诊断依据：模型判断该包络时频图中存在较明显的周期性冲击和调制成分，结合当前转速与负载工况，更符合内圈故障特征。当前工况为 30 Hz、2 V。
维护建议：建议重点检查轴承内圈表面损伤情况，并结合历史振动趋势评估故障发展速度。"
inner_30_2_000450,data/processed/images/all/sample_IF_30_2_000450.png,IF,内圈故障,OF,外圈故障,0,故障类型：外圈故障,"故障类型：外圈故障
诊断依据：模型判断该包络时频图中存在相对稳定的冲击响应和局部频带能量增强，整体更符合外圈局部损伤特征。当前工况为 30 Hz、2 V。
维护建议：建议检查轴承外圈固定区域是否存在剥落、裂纹或异常磨损，必要时安排停机复检。"
inner_30_2_000451,data/processed/images/all/sample_IF_30_2_000451.png,IF,内圈故障,OF,外圈故障,0,故障类型：外圈故障,"故障类型：外圈故障
诊断依据：模型判断该包络时频图中存在相对稳定的冲击响应和局部频带能量增强，整体更符合外圈局部损伤特征。当前工况为 30 Hz、2 V。
维护建议：建议检查轴承外圈固定区域是否存在剥落、裂纹或异常磨损，必要时安排停机复检。"
inner_30_2_000452,data/processed/images/all/sample_IF_30_2_000452.png,IF,内圈故障,OF,外圈故障,0,故障类型：外圈故障,"故障类型：外圈故障
诊断依据：模型判断该包络时频图中存在相对稳定的冲击响应和局部频带能量增强，整体更符合外圈局部损伤特征。当前工况为 30 Hz、2 V。
维护建议：建议检查轴承外圈固定区域是否存在剥落、裂纹或异常磨损，必要时安排停机复检。"
inner_30_2_000453,data/processed/images/all/sample_IF_30_2_000453.png,IF,内圈故障,CF,混合故障,0,故障类型：混合故障,"故障类型：混合故障
诊断依据：模型判断该包络时频图中呈现多组冲击成分和较复杂的能量分布，可能对应多部位共同损伤引起的复合振动特征。当前工况为 30 Hz、2 V。
维护建议：建议同时检查轴承内圈和外圈，并优先安排停机检测，避免复合故障进一步扩展。"
inner_30_2_000454,data/processed/images/all/sample_IF_30_2_000454.png,IF,内圈故障,OF,外圈故障,0,故障类型：外圈故障,"故障类型：外圈故障
诊断依据：模型判断该包络时频图中存在相对稳定的冲击响应和局部频带能量增强，整体更符合外圈局部损伤特征。当前工况为 30 Hz、2 V。
维护建议：建议检查轴承外圈固定区域是否存在剥落、裂纹或异常磨损，必要时安排停机复检。"
inner_30_2_000455,data/processed/images/all/sample_IF_30_2_000455.png,IF,内圈故障,OF,外圈故障,0,故障类型：外圈故障,"故障类型：外圈故障
诊断依据：模型判断该包络时频图中存在相对稳定的冲击响应和局部频带能量增强，整体更符合外圈局部损伤特征。当前工况为 30 Hz、2 V。
维护建议：建议检查轴承外圈固定区域是否存在剥落、裂纹或异常磨损，必要时安排停机复检。"
inner_30_2_000456,data/processed/images/all/sample_IF_30_2_000456.png,IF,内圈故障,IF,内圈故障,1,故障类型：内圈故障,"故障类型：内圈故障
诊断依据：模型判断该包络时频图中存在较明显的周期性冲击和调制成分，结合当前转速与负载工况，更符合内圈故障特征。当前工况为 30 Hz、2 V。
维护建议：建议重点检查轴承内圈表面损伤情况，并结合历史振动趋势评估故障发展速度。"
inner_30_2_000457,data/processed/images/all/sample_IF_30_2_000457.png,IF,内圈故障,BF,滚动体故障,0,故障类型：滚动体故障,"故障类型：滚动体故障
诊断依据：模型判断该包络时频图中存在局部冲击和调制特征，结合行星齿轮箱三方向振动信息，更符合滚动体故障表现。当前工况为 30 Hz、2 V。
维护建议：建议重点检查滚动体表面是否存在磨损、点蚀或剥落，并结合包络谱或现场巡检进一步确认故障程度。"
inner_30_2_000458,data/processed/images/all/sample_IF_30_2_000458.png,IF,内圈故障,BF,滚动体故障,0,故障类型：滚动体故障,"故障类型：滚动体故障
诊断依据：模型判断该包络时频图中存在局部冲击和调制特征，结合行星齿轮箱三方向振动信息，更符合滚动体故障表现。当前工况为 30 Hz、2 V。
维护建议：建议重点检查滚动体表面是否存在磨损、点蚀或剥落，并结合包络谱或现场巡检进一步确认故障程度。"
inner_30_2_000459,data/processed/images/all/sample_IF_30_2_000459.png,IF,内圈故障,CF,混合故障,0,故障类型：混合故障,"故障类型：混合故障
诊断依据：模型判断该包络时频图中呈现多组冲击成分和较复杂的能量分布，可能对应多部位共同损伤引起的复合振动特征。当前工况为 30 Hz、2 V。
维护建议：建议同时检查轴承内圈和外圈，并优先安排停机检测，避免复合故障进一步扩展。"
inner_30_2_000460,data/processed/images/all/sample_IF_30_2_000460.png,IF,内圈故障,IF,内圈故障,1,故障类型：内圈故障,"故障类型：内圈故障
诊断依据：模型判断该包络时频图中存在较明显的周期性冲击和调制成分，结合当前转速与负载工况，更符合内圈故障特征。当前工况为 30 Hz、2 V。
维护建议：建议重点检查轴承内圈表面损伤情况，并结合历史振动趋势评估故障发展速度。"
inner_30_2_000461,data/processed/images/all/sample_IF_30_2_000461.png,IF,内圈故障,OF,外圈故障,0,故障类型：外圈故障,"故障类型：外圈故障
诊断依据：模型判断该包络时频图中存在相对稳定的冲击响应和局部频带能量增强，整体更符合外圈局部损伤特征。当前工况为 30 Hz、2 V。
维护建议：建议检查轴承外圈固定区域是否存在剥落、裂纹或异常磨损，必要时安排停机复检。"
inner_30_2_000462,data/processed/images/all/sample_IF_30_2_000462.png,IF,内圈故障,CF,混合故障,0,故障类型：混合故障,"故障类型：混合故障
诊断依据：模型判断该包络时频图中呈现多组冲击成分和较复杂的能量分布，可能对应多部位共同损伤引起的复合振动特征。当前工况为 30 Hz、2 V。
维护建议：建议同时检查轴承内圈和外圈，并优先安排停机检测，避免复合故障进一步扩展。"
inner_30_2_000463,data/processed/images/all/sample_IF_30_2_000463.png,IF,内圈故障,IF,内圈故障,1,故障类型：内圈故障,"故障类型：内圈故障
诊断依据：模型判断该包络时频图中存在较明显的周期性冲击和调制成分，结合当前转速与负载工况，更符合内圈故障特征。当前工况为 30 Hz、2 V。
维护建议：建议重点检查轴承内圈表面损伤情况，并结合历史振动趋势评估故障发展速度。"
inner_30_2_000464,data/processed/images/all/sample_IF_30_2_000464.png,IF,内圈故障,IF,内圈故障,1,故障类型：内圈故障,"故障类型：内圈故障
诊断依据：模型判断该包络时频图中存在较明显的周期性冲击和调制成分，结合当前转速与负载工况，更符合内圈故障特征。当前工况为 30 Hz、2 V。
维护建议：建议重点检查轴承内圈表面损伤情况，并结合历史振动趋势评估故障发展速度。"
inner_30_2_000465,data/processed/images/all/sample_IF_30_2_000465.png,IF,内圈故障,CF,混合故障,0,故障类型：混合故障,"故障类型：混合故障
诊断依据：模型判断该包络时频图中呈现多组冲击成分和较复杂的能量分布，可能对应多部位共同损伤引起的复合振动特征。当前工况为 30 Hz、2 V。
维护建议：建议同时检查轴承内圈和外圈，并优先安排停机检测，避免复合故障进一步扩展。"
inner_30_2_000466,data/processed/images/all/sample_IF_30_2_000466.png,IF,内圈故障,IF,内圈故障,1,故障类型：内圈故障,"故障类型：内圈故障
诊断依据：模型判断该包络时频图中存在较明显的周期性冲击和调制成分，结合当前转速与负载工况，更符合内圈故障特征。当前工况为 30 Hz、2 V。
维护建议：建议重点检查轴承内圈表面损伤情况，并结合历史振动趋势评估故障发展速度。"
inner_30_2_000467,data/processed/images/all/sample_IF_30_2_000467.png,IF,内圈故障,CF,混合故障,0,故障类型：混合故障,"故障类型：混合故障
诊断依据：模型判断该包络时频图中呈现多组冲击成分和较复杂的能量分布，可能对应多部位共同损伤引起的复合振动特征。当前工况为 30 Hz、2 V。
维护建议：建议同时检查轴承内圈和外圈，并优先安排停机检测，避免复合故障进一步扩展。"
inner_30_2_000468,data/processed/images/all/sample_IF_30_2_000468.png,IF,内圈故障,CF,混合故障,0,故障类型：混合故障,"故障类型：混合故障
诊断依据：模型判断该包络时频图中呈现多组冲击成分和较复杂的能量分布，可能对应多部位共同损伤引起的复合振动特征。当前工况为 30 Hz、2 V。
维护建议：建议同时检查轴承内圈和外圈，并优先安排停机检测，避免复合故障进一步扩展。"
inner_30_2_000469,data/processed/images/all/sample_IF_30_2_000469.png,IF,内圈故障,OF,外圈故障,0,故障类型：外圈故障,"故障类型：外圈故障
诊断依据：模型判断该包络时频图中存在相对稳定的冲击响应和局部频带能量增强，整体更符合外圈局部损伤特征。当前工况为 30 Hz、2 V。
维护建议：建议检查轴承外圈固定区域是否存在剥落、裂纹或异常磨损，必要时安排停机复检。"
inner_30_2_000470,data/processed/images/all/sample_IF_30_2_000470.png,IF,内圈故障,CF,混合故障,0,故障类型：混合故障,"故障类型：混合故障
诊断依据：模型判断该包络时频图中呈现多组冲击成分和较复杂的能量分布，可能对应多部位共同损伤引起的复合振动特征。当前工况为 30 Hz、2 V。
维护建议：建议同时检查轴承内圈和外圈，并优先安排停机检测，避免复合故障进一步扩展。"
inner_30_2_000471,data/processed/images/all/sample_IF_30_2_000471.png,IF,内圈故障,CF,混合故障,0,故障类型：混合故障,"故障类型：混合故障
诊断依据：模型判断该包络时频图中呈现多组冲击成分和较复杂的能量分布，可能对应多部位共同损伤引起的复合振动特征。当前工况为 30 Hz、2 V。
维护建议：建议同时检查轴承内圈和外圈，并优先安排停机检测，避免复合故障进一步扩展。"
inner_30_2_000472,data/processed/images/all/sample_IF_30_2_000472.png,IF,内圈故障,CF,混合故障,0,故障类型：混合故障,"故障类型：混合故障
诊断依据：模型判断该包络时频图中呈现多组冲击成分和较复杂的能量分布，可能对应多部位共同损伤引起的复合振动特征。当前工况为 30 Hz、2 V。
维护建议：建议同时检查轴承内圈和外圈，并优先安排停机检测，避免复合故障进一步扩展。"
inner_30_2_000473,data/processed/images/all/sample_IF_30_2_000473.png,IF,内圈故障,IF,内圈故障,1,故障类型：内圈故障,"故障类型：内圈故障
诊断依据：模型判断该包络时频图中存在较明显的周期性冲击和调制成分，结合当前转速与负载工况，更符合内圈故障特征。当前工况为 30 Hz、2 V。
维护建议：建议重点检查轴承内圈表面损伤情况，并结合历史振动趋势评估故障发展速度。"
inner_30_2_000474,data/processed/images/all/sample_IF_30_2_000474.png,IF,内圈故障,CF,混合故障,0,故障类型：混合故障,"故障类型：混合故障
诊断依据：模型判断该包络时频图中呈现多组冲击成分和较复杂的能量分布，可能对应多部位共同损伤引起的复合振动特征。当前工况为 30 Hz、2 V。
维护建议：建议同时检查轴承内圈和外圈，并优先安排停机检测，避免复合故障进一步扩展。"
inner_30_2_000475,data/processed/images/all/sample_IF_30_2_000475.png,IF,内圈故障,IF,内圈故障,1,故障类型：内圈故障,"故障类型：内圈故障
诊断依据：模型判断该包络时频图中存在较明显的周期性冲击和调制成分，结合当前转速与负载工况，更符合内圈故障特征。当前工况为 30 Hz、2 V。
维护建议：建议重点检查轴承内圈表面损伤情况，并结合历史振动趋势评估故障发展速度。"
inner_30_2_000476,data/processed/images/all/sample_IF_30_2_000476.png,IF,内圈故障,OF,外圈故障,0,故障类型：外圈故障,"故障类型：外圈故障
诊断依据：模型判断该包络时频图中存在相对稳定的冲击响应和局部频带能量增强，整体更符合外圈局部损伤特征。当前工况为 30 Hz、2 V。
维护建议：建议检查轴承外圈固定区域是否存在剥落、裂纹或异常磨损，必要时安排停机复检。"
inner_30_2_000477,data/processed/images/all/sample_IF_30_2_000477.png,IF,内圈故障,BF,滚动体故障,0,故障类型：滚动体故障,"故障类型：滚动体故障
诊断依据：模型判断该包络时频图中存在局部冲击和调制特征，结合行星齿轮箱三方向振动信息，更符合滚动体故障表现。当前工况为 30 Hz、2 V。
维护建议：建议重点检查滚动体表面是否存在磨损、点蚀或剥落，并结合包络谱或现场巡检进一步确认故障程度。"
inner_30_2_000478,data/processed/images/all/sample_IF_30_2_000478.png,IF,内圈故障,CF,混合故障,0,故障类型：混合故障,"故障类型：混合故障
诊断依据：模型判断该包络时频图中呈现多组冲击成分和较复杂的能量分布，可能对应多部位共同损伤引起的复合振动特征。当前工况为 30 Hz、2 V。
维护建议：建议同时检查轴承内圈和外圈，并优先安排停机检测，避免复合故障进一步扩展。"
inner_30_2_000479,data/processed/images/all/sample_IF_30_2_000479.png,IF,内圈故障,IF,内圈故障,1,故障类型：内圈故障,"故障类型：内圈故障
诊断依据：模型判断该包络时频图中存在较明显的周期性冲击和调制成分，结合当前转速与负载工况，更符合内圈故障特征。当前工况为 30 Hz、2 V。
维护建议：建议重点检查轴承内圈表面损伤情况，并结合历史振动趋势评估故障发展速度。"
inner_30_2_000480,data/processed/images/all/sample_IF_30_2_000480.png,IF,内圈故障,CF,混合故障,0,故障类型：混合故障,"故障类型：混合故障
诊断依据：模型判断该包络时频图中呈现多组冲击成分和较复杂的能量分布，可能对应多部位共同损伤引起的复合振动特征。当前工况为 30 Hz、2 V。
维护建议：建议同时检查轴承内圈和外圈，并优先安排停机检测，避免复合故障进一步扩展。"
inner_30_2_000481,data/processed/images/all/sample_IF_30_2_000481.png,IF,内圈故障,IF,内圈故障,1,故障类型：内圈故障,"故障类型：内圈故障
诊断依据：模型判断该包络时频图中存在较明显的周期性冲击和调制成分，结合当前转速与负载工况，更符合内圈故障特征。当前工况为 30 Hz、2 V。
维护建议：建议重点检查轴承内圈表面损伤情况，并结合历史振动趋势评估故障发展速度。"
inner_30_2_000482,data/processed/images/all/sample_IF_30_2_000482.png,IF,内圈故障,N,正常状态,0,故障类型：正常状态,"故障类型：正常状态
诊断依据：模型判断该包络时频图整体能量分布较平稳，未呈现明显的周期性冲击或异常能量集中，结合当前工况更符合正常运行状态。当前工况为 30 Hz、2 V。
维护建议：建议保持常规监测，持续记录振动趋势；若后续能量分布或冲击特征发生明显变化，应及时复检。"
inner_30_2_000483,data/processed/images/all/sample_IF_30_2_000483.png,IF,内圈故障,CF,混合故障,0,故障类型：混合故障,"故障类型：混合故障
诊断依据：模型判断该包络时频图中呈现多组冲击成分和较复杂的能量分布，可能对应多部位共同损伤引起的复合振动特征。当前工况为 30 Hz、2 V。
维护建议：建议同时检查轴承内圈和外圈，并优先安排停机检测，避免复合故障进一步扩展。"
inner_30_2_000484,data/processed/images/all/sample_IF_30_2_000484.png,IF,内圈故障,IF,内圈故障,1,故障类型：内圈故障,"故障类型：内圈故障
诊断依据：模型判断该包络时频图中存在较明显的周期性冲击和调制成分，结合当前转速与负载工况，更符合内圈故障特征。当前工况为 30 Hz、2 V。
维护建议：建议重点检查轴承内圈表面损伤情况，并结合历史振动趋势评估故障发展速度。"
inner_30_2_000485,data/processed/images/all/sample_IF_30_2_000485.png,IF,内圈故障,OF,外圈故障,0,故障类型：外圈故障,"故障类型：外圈故障
诊断依据：模型判断该包络时频图中存在相对稳定的冲击响应和局部频带能量增强，整体更符合外圈局部损伤特征。当前工况为 30 Hz、2 V。
维护建议：建议检查轴承外圈固定区域是否存在剥落、裂纹或异常磨损，必要时安排停机复检。"
inner_30_2_000486,data/processed/images/all/sample_IF_30_2_000486.png,IF,内圈故障,OF,外圈故障,0,故障类型：外圈故障,"故障类型：外圈故障
诊断依据：模型判断该包络时频图中存在相对稳定的冲击响应和局部频带能量增强，整体更符合外圈局部损伤特征。当前工况为 30 Hz、2 V。
维护建议：建议检查轴承外圈固定区域是否存在剥落、裂纹或异常磨损，必要时安排停机复检。"
inner_30_2_000487,data/processed/images/all/sample_IF_30_2_000487.png,IF,内圈故障,OF,外圈故障,0,故障类型：外圈故障,"故障类型：外圈故障
诊断依据：模型判断该包络时频图中存在相对稳定的冲击响应和局部频带能量增强，整体更符合外圈局部损伤特征。当前工况为 30 Hz、2 V。
维护建议：建议检查轴承外圈固定区域是否存在剥落、裂纹或异常磨损，必要时安排停机复检。"
inner_30_2_000488,data/processed/images/all/sample_IF_30_2_000488.png,IF,内圈故障,CF,混合故障,0,故障类型：混合故障,"故障类型：混合故障
诊断依据：模型判断该包络时频图中呈现多组冲击成分和较复杂的能量分布，可能对应多部位共同损伤引起的复合振动特征。当前工况为 30 Hz、2 V。
维护建议：建议同时检查轴承内圈和外圈，并优先安排停机检测，避免复合故障进一步扩展。"
inner_30_2_000489,data/processed/images/all/sample_IF_30_2_000489.png,IF,内圈故障,OF,外圈故障,0,故障类型：外圈故障,"故障类型：外圈故障
诊断依据：模型判断该包络时频图中存在相对稳定的冲击响应和局部频带能量增强，整体更符合外圈局部损伤特征。当前工况为 30 Hz、2 V。
维护建议：建议检查轴承外圈固定区域是否存在剥落、裂纹或异常磨损，必要时安排停机复检。"
inner_30_2_000490,data/processed/images/all/sample_IF_30_2_000490.png,IF,内圈故障,CF,混合故障,0,故障类型：混合故障,"故障类型：混合故障
诊断依据：模型判断该包络时频图中呈现多组冲击成分和较复杂的能量分布，可能对应多部位共同损伤引起的复合振动特征。当前工况为 30 Hz、2 V。
维护建议：建议同时检查轴承内圈和外圈，并优先安排停机检测，避免复合故障进一步扩展。"
inner_30_2_000491,data/processed/images/all/sample_IF_30_2_000491.png,IF,内圈故障,OF,外圈故障,0,故障类型：外圈故障,"故障类型：外圈故障
诊断依据：模型判断该包络时频图中存在相对稳定的冲击响应和局部频带能量增强，整体更符合外圈局部损伤特征。当前工况为 30 Hz、2 V。
维护建议：建议检查轴承外圈固定区域是否存在剥落、裂纹或异常磨损，必要时安排停机复检。"
inner_30_2_000492,data/processed/images/all/sample_IF_30_2_000492.png,IF,内圈故障,OF,外圈故障,0,故障类型：外圈故障,"故障类型：外圈故障
诊断依据：模型判断该包络时频图中存在相对稳定的冲击响应和局部频带能量增强，整体更符合外圈局部损伤特征。当前工况为 30 Hz、2 V。
维护建议：建议检查轴承外圈固定区域是否存在剥落、裂纹或异常磨损，必要时安排停机复检。"
inner_30_2_000493,data/processed/images/all/sample_IF_30_2_000493.png,IF,内圈故障,N,正常状态,0,故障类型：正常状态,"故障类型：正常状态
诊断依据：模型判断该包络时频图整体能量分布较平稳，未呈现明显的周期性冲击或异常能量集中，结合当前工况更符合正常运行状态。当前工况为 30 Hz、2 V。
维护建议：建议保持常规监测，持续记录振动趋势；若后续能量分布或冲击特征发生明显变化，应及时复检。"
inner_30_2_000494,data/processed/images/all/sample_IF_30_2_000494.png,IF,内圈故障,CF,混合故障,0,故障类型：混合故障,"故障类型：混合故障
诊断依据：模型判断该包络时频图中呈现多组冲击成分和较复杂的能量分布，可能对应多部位共同损伤引起的复合振动特征。当前工况为 30 Hz、2 V。
维护建议：建议同时检查轴承内圈和外圈，并优先安排停机检测，避免复合故障进一步扩展。"
inner_30_2_000495,data/processed/images/all/sample_IF_30_2_000495.png,IF,内圈故障,CF,混合故障,0,故障类型：混合故障,"故障类型：混合故障
诊断依据：模型判断该包络时频图中呈现多组冲击成分和较复杂的能量分布，可能对应多部位共同损伤引起的复合振动特征。当前工况为 30 Hz、2 V。
维护建议：建议同时检查轴承内圈和外圈，并优先安排停机检测，避免复合故障进一步扩展。"
inner_30_2_000496,data/processed/images/all/sample_IF_30_2_000496.png,IF,内圈故障,OF,外圈故障,0,故障类型：外圈故障,"故障类型：外圈故障
诊断依据：模型判断该包络时频图中存在相对稳定的冲击响应和局部频带能量增强，整体更符合外圈局部损伤特征。当前工况为 30 Hz、2 V。
维护建议：建议检查轴承外圈固定区域是否存在剥落、裂纹或异常磨损，必要时安排停机复检。"
inner_30_2_000497,data/processed/images/all/sample_IF_30_2_000497.png,IF,内圈故障,IF,内圈故障,1,故障类型：内圈故障,"故障类型：内圈故障
诊断依据：模型判断该包络时频图中存在较明显的周期性冲击和调制成分，结合当前转速与负载工况，更符合内圈故障特征。当前工况为 30 Hz、2 V。
维护建议：建议重点检查轴承内圈表面损伤情况，并结合历史振动趋势评估故障发展速度。"
inner_30_2_000498,data/processed/images/all/sample_IF_30_2_000498.png,IF,内圈故障,BF,滚动体故障,0,故障类型：滚动体故障,"故障类型：滚动体故障
诊断依据：模型判断该包络时频图中存在局部冲击和调制特征，结合行星齿轮箱三方向振动信息，更符合滚动体故障表现。当前工况为 30 Hz、2 V。
维护建议：建议重点检查滚动体表面是否存在磨损、点蚀或剥落，并结合包络谱或现场巡检进一步确认故障程度。"
inner_30_2_000499,data/processed/images/all/sample_IF_30_2_000499.png,IF,内圈故障,CF,混合故障,0,故障类型：混合故障,"故障类型：混合故障
诊断依据：模型判断该包络时频图中呈现多组冲击成分和较复杂的能量分布，可能对应多部位共同损伤引起的复合振动特征。当前工况为 30 Hz、2 V。
维护建议：建议同时检查轴承内圈和外圈，并优先安排停机检测，避免复合故障进一步扩展。"
inner_30_2_000500,data/processed/images/all/sample_IF_30_2_000500.png,IF,内圈故障,IF,内圈故障,1,故障类型：内圈故障,"故障类型：内圈故障
诊断依据：模型判断该包络时频图中存在较明显的周期性冲击和调制成分，结合当前转速与负载工况，更符合内圈故障特征。当前工况为 30 Hz、2 V。
维护建议：建议重点检查轴承内圈表面损伤情况，并结合历史振动趋势评估故障发展速度。"
inner_30_2_000501,data/processed/images/all/sample_IF_30_2_000501.png,IF,内圈故障,CF,混合故障,0,故障类型：混合故障,"故障类型：混合故障
诊断依据：模型判断该包络时频图中呈现多组冲击成分和较复杂的能量分布，可能对应多部位共同损伤引起的复合振动特征。当前工况为 30 Hz、2 V。
维护建议：建议同时检查轴承内圈和外圈，并优先安排停机检测，避免复合故障进一步扩展。"
inner_30_2_000502,data/processed/images/all/sample_IF_30_2_000502.png,IF,内圈故障,N,正常状态,0,故障类型：正常状态,"故障类型：正常状态
诊断依据：模型判断该包络时频图整体能量分布较平稳，未呈现明显的周期性冲击或异常能量集中，结合当前工况更符合正常运行状态。当前工况为 30 Hz、2 V。
维护建议：建议保持常规监测，持续记录振动趋势；若后续能量分布或冲击特征发生明显变化，应及时复检。"
inner_30_2_000503,data/processed/images/all/sample_IF_30_2_000503.png,IF,内圈故障,IF,内圈故障,1,故障类型：内圈故障,"故障类型：内圈故障
诊断依据：模型判断该包络时频图中存在较明显的周期性冲击和调制成分，结合当前转速与负载工况，更符合内圈故障特征。当前工况为 30 Hz、2 V。
维护建议：建议重点检查轴承内圈表面损伤情况，并结合历史振动趋势评估故障发展速度。"
inner_30_2_000504,data/processed/images/all/sample_IF_30_2_000504.png,IF,内圈故障,OF,外圈故障,0,故障类型：外圈故障,"故障类型：外圈故障
诊断依据：模型判断该包络时频图中存在相对稳定的冲击响应和局部频带能量增强，整体更符合外圈局部损伤特征。当前工况为 30 Hz、2 V。
维护建议：建议检查轴承外圈固定区域是否存在剥落、裂纹或异常磨损，必要时安排停机复检。"
inner_30_2_000505,data/processed/images/all/sample_IF_30_2_000505.png,IF,内圈故障,IF,内圈故障,1,故障类型：内圈故障,"故障类型：内圈故障
诊断依据：模型判断该包络时频图中存在较明显的周期性冲击和调制成分，结合当前转速与负载工况，更符合内圈故障特征。当前工况为 30 Hz、2 V。
维护建议：建议重点检查轴承内圈表面损伤情况，并结合历史振动趋势评估故障发展速度。"
inner_30_2_000506,data/processed/images/all/sample_IF_30_2_000506.png,IF,内圈故障,IF,内圈故障,1,故障类型：内圈故障,"故障类型：内圈故障
诊断依据：模型判断该包络时频图中存在较明显的周期性冲击和调制成分，结合当前转速与负载工况，更符合内圈故障特征。当前工况为 30 Hz、2 V。
维护建议：建议重点检查轴承内圈表面损伤情况，并结合历史振动趋势评估故障发展速度。"
inner_30_2_000507,data/processed/images/all/sample_IF_30_2_000507.png,IF,内圈故障,IF,内圈故障,1,故障类型：内圈故障,"故障类型：内圈故障
诊断依据：模型判断该包络时频图中存在较明显的周期性冲击和调制成分，结合当前转速与负载工况，更符合内圈故障特征。当前工况为 30 Hz、2 V。
维护建议：建议重点检查轴承内圈表面损伤情况，并结合历史振动趋势评估故障发展速度。"
inner_30_2_000508,data/processed/images/all/sample_IF_30_2_000508.png,IF,内圈故障,IF,内圈故障,1,故障类型：内圈故障,"故障类型：内圈故障
诊断依据：模型判断该包络时频图中存在较明显的周期性冲击和调制成分，结合当前转速与负载工况，更符合内圈故障特征。当前工况为 30 Hz、2 V。
维护建议：建议重点检查轴承内圈表面损伤情况，并结合历史振动趋势评估故障发展速度。"
inner_30_2_000509,data/processed/images/all/sample_IF_30_2_000509.png,IF,内圈故障,OF,外圈故障,0,故障类型：外圈故障,"故障类型：外圈故障
诊断依据：模型判断该包络时频图中存在相对稳定的冲击响应和局部频带能量增强，整体更符合外圈局部损伤特征。当前工况为 30 Hz、2 V。
维护建议：建议检查轴承外圈固定区域是否存在剥落、裂纹或异常磨损，必要时安排停机复检。"
outer_20_0_000407,data/processed/images/all/sample_OF_20_0_000407.png,OF,外圈故障,OF,外圈故障,1,故障类型：外圈故障,"故障类型：外圈故障
诊断依据：模型判断该包络时频图中存在相对稳定的冲击响应和局部频带能量增强，整体更符合外圈局部损伤特征。当前工况为 20 Hz、0 V。
维护建议：建议检查轴承外圈固定区域是否存在剥落、裂纹或异常磨损，必要时安排停机复检。"
outer_20_0_000408,data/processed/images/all/sample_OF_20_0_000408.png,OF,外圈故障,CF,混合故障,0,故障类型：混合故障,"故障类型：混合故障
诊断依据：模型判断该包络时频图中呈现多组冲击成分和较复杂的能量分布，可能对应多部位共同损伤引起的复合振动特征。当前工况为 20 Hz、0 V。
维护建议：建议同时检查轴承内圈和外圈，并优先安排停机检测，避免复合故障进一步扩展。"
outer_20_0_000409,data/processed/images/all/sample_OF_20_0_000409.png,OF,外圈故障,CF,混合故障,0,故障类型：混合故障,"故障类型：混合故障
诊断依据：模型判断该包络时频图中呈现多组冲击成分和较复杂的能量分布，可能对应多部位共同损伤引起的复合振动特征。当前工况为 20 Hz、0 V。
维护建议：建议同时检查轴承内圈和外圈，并优先安排停机检测，避免复合故障进一步扩展。"
outer_20_0_000410,data/processed/images/all/sample_OF_20_0_000410.png,OF,外圈故障,OF,外圈故障,1,故障类型：外圈故障,"故障类型：外圈故障
诊断依据：模型判断该包络时频图中存在相对稳定的冲击响应和局部频带能量增强，整体更符合外圈局部损伤特征。当前工况为 20 Hz、0 V。
维护建议：建议检查轴承外圈固定区域是否存在剥落、裂纹或异常磨损，必要时安排停机复检。"
outer_20_0_000411,data/processed/images/all/sample_OF_20_0_000411.png,OF,外圈故障,OF,外圈故障,1,故障类型：外圈故障,"故障类型：外圈故障
诊断依据：模型判断该包络时频图中存在相对稳定的冲击响应和局部频带能量增强，整体更符合外圈局部损伤特征。当前工况为 20 Hz、0 V。
维护建议：建议检查轴承外圈固定区域是否存在剥落、裂纹或异常磨损，必要时安排停机复检。"
outer_20_0_000412,data/processed/images/all/sample_OF_20_0_000412.png,OF,外圈故障,OF,外圈故障,1,故障类型：外圈故障,"故障类型：外圈故障
诊断依据：模型判断该包络时频图中存在相对稳定的冲击响应和局部频带能量增强，整体更符合外圈局部损伤特征。当前工况为 20 Hz、0 V。
维护建议：建议检查轴承外圈固定区域是否存在剥落、裂纹或异常磨损，必要时安排停机复检。"
outer_20_0_000413,data/processed/images/all/sample_OF_20_0_000413.png,OF,外圈故障,OF,外圈故障,1,故障类型：外圈故障,"故障类型：外圈故障
诊断依据：模型判断该包络时频图中存在相对稳定的冲击响应和局部频带能量增强，整体更符合外圈局部损伤特征。当前工况为 20 Hz、0 V。
维护建议：建议检查轴承外圈固定区域是否存在剥落、裂纹或异常磨损，必要时安排停机复检。"
outer_20_0_000414,data/processed/images/all/sample_OF_20_0_000414.png,OF,外圈故障,OF,外圈故障,1,故障类型：外圈故障,"故障类型：外圈故障
诊断依据：模型判断该包络时频图中存在相对稳定的冲击响应和局部频带能量增强，整体更符合外圈局部损伤特征。当前工况为 20 Hz、0 V。
维护建议：建议检查轴承外圈固定区域是否存在剥落、裂纹或异常磨损，必要时安排停机复检。"
outer_20_0_000415,data/processed/images/all/sample_OF_20_0_000415.png,OF,外圈故障,OF,外圈故障,1,故障类型：外圈故障,"故障类型：外圈故障
诊断依据：模型判断该包络时频图中存在相对稳定的冲击响应和局部频带能量增强，整体更符合外圈局部损伤特征。当前工况为 20 Hz、0 V。
维护建议：建议检查轴承外圈固定区域是否存在剥落、裂纹或异常磨损，必要时安排停机复检。"
outer_20_0_000416,data/processed/images/all/sample_OF_20_0_000416.png,OF,外圈故障,CF,混合故障,0,故障类型：混合故障,"故障类型：混合故障
诊断依据：模型判断该包络时频图中呈现多组冲击成分和较复杂的能量分布，可能对应多部位共同损伤引起的复合振动特征。当前工况为 20 Hz、0 V。
维护建议：建议同时检查轴承内圈和外圈，并优先安排停机检测，避免复合故障进一步扩展。"
outer_20_0_000417,data/processed/images/all/sample_OF_20_0_000417.png,OF,外圈故障,OF,外圈故障,1,故障类型：外圈故障,"故障类型：外圈故障
诊断依据：模型判断该包络时频图中存在相对稳定的冲击响应和局部频带能量增强，整体更符合外圈局部损伤特征。当前工况为 20 Hz、0 V。
维护建议：建议检查轴承外圈固定区域是否存在剥落、裂纹或异常磨损，必要时安排停机复检。"
outer_20_0_000418,data/processed/images/all/sample_OF_20_0_000418.png,OF,外圈故障,OF,外圈故障,1,故障类型：外圈故障,"故障类型：外圈故障
诊断依据：模型判断该包络时频图中存在相对稳定的冲击响应和局部频带能量增强，整体更符合外圈局部损伤特征。当前工况为 20 Hz、0 V。
维护建议：建议检查轴承外圈固定区域是否存在剥落、裂纹或异常磨损，必要时安排停机复检。"
outer_20_0_000419,data/processed/images/all/sample_OF_20_0_000419.png,OF,外圈故障,OF,外圈故障,1,故障类型：外圈故障,"故障类型：外圈故障
诊断依据：模型判断该包络时频图中存在相对稳定的冲击响应和局部频带能量增强，整体更符合外圈局部损伤特征。当前工况为 20 Hz、0 V。
维护建议：建议检查轴承外圈固定区域是否存在剥落、裂纹或异常磨损，必要时安排停机复检。"
outer_20_0_000420,data/processed/images/all/sample_OF_20_0_000420.png,OF,外圈故障,OF,外圈故障,1,故障类型：外圈故障,"故障类型：外圈故障
诊断依据：模型判断该包络时频图中存在相对稳定的冲击响应和局部频带能量增强，整体更符合外圈局部损伤特征。当前工况为 20 Hz、0 V。
维护建议：建议检查轴承外圈固定区域是否存在剥落、裂纹或异常磨损，必要时安排停机复检。"
outer_20_0_000421,data/processed/images/all/sample_OF_20_0_000421.png,OF,外圈故障,CF,混合故障,0,故障类型：混合故障,"故障类型：混合故障
诊断依据：模型判断该包络时频图中呈现多组冲击成分和较复杂的能量分布，可能对应多部位共同损伤引起的复合振动特征。当前工况为 20 Hz、0 V。
维护建议：建议同时检查轴承内圈和外圈，并优先安排停机检测，避免复合故障进一步扩展。"
outer_20_0_000422,data/processed/images/all/sample_OF_20_0_000422.png,OF,外圈故障,OF,外圈故障,1,故障类型：外圈故障,"故障类型：外圈故障
诊断依据：模型判断该包络时频图中存在相对稳定的冲击响应和局部频带能量增强，整体更符合外圈局部损伤特征。当前工况为 20 Hz、0 V。
维护建议：建议检查轴承外圈固定区域是否存在剥落、裂纹或异常磨损，必要时安排停机复检。"
outer_20_0_000423,data/processed/images/all/sample_OF_20_0_000423.png,OF,外圈故障,OF,外圈故障,1,故障类型：外圈故障,"故障类型：外圈故障
诊断依据：模型判断该包络时频图中存在相对稳定的冲击响应和局部频带能量增强，整体更符合外圈局部损伤特征。当前工况为 20 Hz、0 V。
维护建议：建议检查轴承外圈固定区域是否存在剥落、裂纹或异常磨损，必要时安排停机复检。"
outer_20_0_000424,data/processed/images/all/sample_OF_20_0_000424.png,OF,外圈故障,IF,内圈故障,0,故障类型：内圈故障,"故障类型：内圈故障
诊断依据：模型判断该包络时频图中存在较明显的周期性冲击和调制成分，结合当前转速与负载工况，更符合内圈故障特征。当前工况为 20 Hz、0 V。
维护建议：建议重点检查轴承内圈表面损伤情况，并结合历史振动趋势评估故障发展速度。"
outer_20_0_000425,data/processed/images/all/sample_OF_20_0_000425.png,OF,外圈故障,CF,混合故障,0,故障类型：混合故障,"故障类型：混合故障
诊断依据：模型判断该包络时频图中呈现多组冲击成分和较复杂的能量分布，可能对应多部位共同损伤引起的复合振动特征。当前工况为 20 Hz、0 V。
维护建议：建议同时检查轴承内圈和外圈，并优先安排停机检测，避免复合故障进一步扩展。"
outer_20_0_000426,data/processed/images/all/sample_OF_20_0_000426.png,OF,外圈故障,N,正常状态,0,故障类型：正常状态,"故障类型：正常状态
诊断依据：模型判断该包络时频图整体能量分布较平稳，未呈现明显的周期性冲击或异常能量集中，结合当前工况更符合正常运行状态。当前工况为 20 Hz、0 V。
维护建议：建议保持常规监测，持续记录振动趋势；若后续能量分布或冲击特征发生明显变化，应及时复检。"
outer_20_0_000427,data/processed/images/all/sample_OF_20_0_000427.png,OF,外圈故障,CF,混合故障,0,故障类型：混合故障,"故障类型：混合故障
诊断依据：模型判断该包络时频图中呈现多组冲击成分和较复杂的能量分布，可能对应多部位共同损伤引起的复合振动特征。当前工况为 20 Hz、0 V。
维护建议：建议同时检查轴承内圈和外圈，并优先安排停机检测，避免复合故障进一步扩展。"
outer_20_0_000428,data/processed/images/all/sample_OF_20_0_000428.png,OF,外圈故障,OF,外圈故障,1,故障类型：外圈故障,"故障类型：外圈故障
诊断依据：模型判断该包络时频图中存在相对稳定的冲击响应和局部频带能量增强，整体更符合外圈局部损伤特征。当前工况为 20 Hz、0 V。
维护建议：建议检查轴承外圈固定区域是否存在剥落、裂纹或异常磨损，必要时安排停机复检。"
outer_20_0_000429,data/processed/images/all/sample_OF_20_0_000429.png,OF,外圈故障,OF,外圈故障,1,故障类型：外圈故障,"故障类型：外圈故障
诊断依据：模型判断该包络时频图中存在相对稳定的冲击响应和局部频带能量增强，整体更符合外圈局部损伤特征。当前工况为 20 Hz、0 V。
维护建议：建议检查轴承外圈固定区域是否存在剥落、裂纹或异常磨损，必要时安排停机复检。"
outer_20_0_000430,data/processed/images/all/sample_OF_20_0_000430.png,OF,外圈故障,IF,内圈故障,0,故障类型：内圈故障,"故障类型：内圈故障
诊断依据：模型判断该包络时频图中存在较明显的周期性冲击和调制成分，结合当前转速与负载工况，更符合内圈故障特征。当前工况为 20 Hz、0 V。
维护建议：建议重点检查轴承内圈表面损伤情况，并结合历史振动趋势评估故障发展速度。"
outer_20_0_000431,data/processed/images/all/sample_OF_20_0_000431.png,OF,外圈故障,OF,外圈故障,1,故障类型：外圈故障,"故障类型：外圈故障
诊断依据：模型判断该包络时频图中存在相对稳定的冲击响应和局部频带能量增强，整体更符合外圈局部损伤特征。当前工况为 20 Hz、0 V。
维护建议：建议检查轴承外圈固定区域是否存在剥落、裂纹或异常磨损，必要时安排停机复检。"
outer_20_0_000432,data/processed/images/all/sample_OF_20_0_000432.png,OF,外圈故障,CF,混合故障,0,故障类型：混合故障,"故障类型：混合故障
诊断依据：模型判断该包络时频图中呈现多组冲击成分和较复杂的能量分布，可能对应多部位共同损伤引起的复合振动特征。当前工况为 20 Hz、0 V。
维护建议：建议同时检查轴承内圈和外圈，并优先安排停机检测，避免复合故障进一步扩展。"
outer_20_0_000433,data/processed/images/all/sample_OF_20_0_000433.png,OF,外圈故障,OF,外圈故障,1,故障类型：外圈故障,"故障类型：外圈故障
诊断依据：模型判断该包络时频图中存在相对稳定的冲击响应和局部频带能量增强，整体更符合外圈局部损伤特征。当前工况为 20 Hz、0 V。
维护建议：建议检查轴承外圈固定区域是否存在剥落、裂纹或异常磨损，必要时安排停机复检。"
outer_20_0_000434,data/processed/images/all/sample_OF_20_0_000434.png,OF,外圈故障,N,正常状态,0,故障类型：正常状态,"故障类型：正常状态
诊断依据：模型判断该包络时频图整体能量分布较平稳，未呈现明显的周期性冲击或异常能量集中，结合当前工况更符合正常运行状态。当前工况为 20 Hz、0 V。
维护建议：建议保持常规监测，持续记录振动趋势；若后续能量分布或冲击特征发生明显变化，应及时复检。"
outer_20_0_000435,data/processed/images/all/sample_OF_20_0_000435.png,OF,外圈故障,CF,混合故障,0,故障类型：混合故障,"故障类型：混合故障
诊断依据：模型判断该包络时频图中呈现多组冲击成分和较复杂的能量分布，可能对应多部位共同损伤引起的复合振动特征。当前工况为 20 Hz、0 V。
维护建议：建议同时检查轴承内圈和外圈，并优先安排停机检测，避免复合故障进一步扩展。"
outer_20_0_000436,data/processed/images/all/sample_OF_20_0_000436.png,OF,外圈故障,IF,内圈故障,0,故障类型：内圈故障,"故障类型：内圈故障
诊断依据：模型判断该包络时频图中存在较明显的周期性冲击和调制成分，结合当前转速与负载工况，更符合内圈故障特征。当前工况为 20 Hz、0 V。
维护建议：建议重点检查轴承内圈表面损伤情况，并结合历史振动趋势评估故障发展速度。"
outer_20_0_000437,data/processed/images/all/sample_OF_20_0_000437.png,OF,外圈故障,CF,混合故障,0,故障类型：混合故障,"故障类型：混合故障
诊断依据：模型判断该包络时频图中呈现多组冲击成分和较复杂的能量分布，可能对应多部位共同损伤引起的复合振动特征。当前工况为 20 Hz、0 V。
维护建议：建议同时检查轴承内圈和外圈，并优先安排停机检测，避免复合故障进一步扩展。"
outer_20_0_000438,data/processed/images/all/sample_OF_20_0_000438.png,OF,外圈故障,OF,外圈故障,1,故障类型：外圈故障,"故障类型：外圈故障
诊断依据：模型判断该包络时频图中存在相对稳定的冲击响应和局部频带能量增强，整体更符合外圈局部损伤特征。当前工况为 20 Hz、0 V。
维护建议：建议检查轴承外圈固定区域是否存在剥落、裂纹或异常磨损，必要时安排停机复检。"
outer_20_0_000439,data/processed/images/all/sample_OF_20_0_000439.png,OF,外圈故障,OF,外圈故障,1,故障类型：外圈故障,"故障类型：外圈故障
诊断依据：模型判断该包络时频图中存在相对稳定的冲击响应和局部频带能量增强，整体更符合外圈局部损伤特征。当前工况为 20 Hz、0 V。
维护建议：建议检查轴承外圈固定区域是否存在剥落、裂纹或异常磨损，必要时安排停机复检。"
outer_20_0_000440,data/processed/images/all/sample_OF_20_0_000440.png,OF,外圈故障,OF,外圈故障,1,故障类型：外圈故障,"故障类型：外圈故障
诊断依据：模型判断该包络时频图中存在相对稳定的冲击响应和局部频带能量增强，整体更符合外圈局部损伤特征。当前工况为 20 Hz、0 V。
维护建议：建议检查轴承外圈固定区域是否存在剥落、裂纹或异常磨损，必要时安排停机复检。"
outer_20_0_000441,data/processed/images/all/sample_OF_20_0_000441.png,OF,外圈故障,OF,外圈故障,1,故障类型：外圈故障,"故障类型：外圈故障
诊断依据：模型判断该包络时频图中存在相对稳定的冲击响应和局部频带能量增强，整体更符合外圈局部损伤特征。当前工况为 20 Hz、0 V。
维护建议：建议检查轴承外圈固定区域是否存在剥落、裂纹或异常磨损，必要时安排停机复检。"
outer_20_0_000442,data/processed/images/all/sample_OF_20_0_000442.png,OF,外圈故障,CF,混合故障,0,故障类型：混合故障,"故障类型：混合故障
诊断依据：模型判断该包络时频图中呈现多组冲击成分和较复杂的能量分布，可能对应多部位共同损伤引起的复合振动特征。当前工况为 20 Hz、0 V。
维护建议：建议同时检查轴承内圈和外圈，并优先安排停机检测，避免复合故障进一步扩展。"
outer_20_0_000443,data/processed/images/all/sample_OF_20_0_000443.png,OF,外圈故障,CF,混合故障,0,故障类型：混合故障,"故障类型：混合故障
诊断依据：模型判断该包络时频图中呈现多组冲击成分和较复杂的能量分布，可能对应多部位共同损伤引起的复合振动特征。当前工况为 20 Hz、0 V。
维护建议：建议同时检查轴承内圈和外圈，并优先安排停机检测，避免复合故障进一步扩展。"
outer_20_0_000444,data/processed/images/all/sample_OF_20_0_000444.png,OF,外圈故障,IF,内圈故障,0,故障类型：内圈故障,"故障类型：内圈故障
诊断依据：模型判断该包络时频图中存在较明显的周期性冲击和调制成分，结合当前转速与负载工况，更符合内圈故障特征。当前工况为 20 Hz、0 V。
维护建议：建议重点检查轴承内圈表面损伤情况，并结合历史振动趋势评估故障发展速度。"
outer_20_0_000445,data/processed/images/all/sample_OF_20_0_000445.png,OF,外圈故障,OF,外圈故障,1,故障类型：外圈故障,"故障类型：外圈故障
诊断依据：模型判断该包络时频图中存在相对稳定的冲击响应和局部频带能量增强，整体更符合外圈局部损伤特征。当前工况为 20 Hz、0 V。
维护建议：建议检查轴承外圈固定区域是否存在剥落、裂纹或异常磨损，必要时安排停机复检。"
outer_20_0_000446,data/processed/images/all/sample_OF_20_0_000446.png,OF,外圈故障,OF,外圈故障,1,故障类型：外圈故障,"故障类型：外圈故障
诊断依据：模型判断该包络时频图中存在相对稳定的冲击响应和局部频带能量增强，整体更符合外圈局部损伤特征。当前工况为 20 Hz、0 V。
维护建议：建议检查轴承外圈固定区域是否存在剥落、裂纹或异常磨损，必要时安排停机复检。"
outer_20_0_000447,data/processed/images/all/sample_OF_20_0_000447.png,OF,外圈故障,CF,混合故障,0,故障类型：混合故障,"故障类型：混合故障
诊断依据：模型判断该包络时频图中呈现多组冲击成分和较复杂的能量分布，可能对应多部位共同损伤引起的复合振动特征。当前工况为 20 Hz、0 V。
维护建议：建议同时检查轴承内圈和外圈，并优先安排停机检测，避免复合故障进一步扩展。"
outer_20_0_000448,data/processed/images/all/sample_OF_20_0_000448.png,OF,外圈故障,CF,混合故障,0,故障类型：混合故障,"故障类型：混合故障
诊断依据：模型判断该包络时频图中呈现多组冲击成分和较复杂的能量分布，可能对应多部位共同损伤引起的复合振动特征。当前工况为 20 Hz、0 V。
维护建议：建议同时检查轴承内圈和外圈，并优先安排停机检测，避免复合故障进一步扩展。"
outer_20_0_000449,data/processed/images/all/sample_OF_20_0_000449.png,OF,外圈故障,OF,外圈故障,1,故障类型：外圈故障,"故障类型：外圈故障
诊断依据：模型判断该包络时频图中存在相对稳定的冲击响应和局部频带能量增强，整体更符合外圈局部损伤特征。当前工况为 20 Hz、0 V。
维护建议：建议检查轴承外圈固定区域是否存在剥落、裂纹或异常磨损，必要时安排停机复检。"
outer_20_0_000450,data/processed/images/all/sample_OF_20_0_000450.png,OF,外圈故障,OF,外圈故障,1,故障类型：外圈故障,"故障类型：外圈故障
诊断依据：模型判断该包络时频图中存在相对稳定的冲击响应和局部频带能量增强，整体更符合外圈局部损伤特征。当前工况为 20 Hz、0 V。
维护建议：建议检查轴承外圈固定区域是否存在剥落、裂纹或异常磨损，必要时安排停机复检。"
outer_20_0_000451,data/processed/images/all/sample_OF_20_0_000451.png,OF,外圈故障,IF,内圈故障,0,故障类型：内圈故障,"故障类型：内圈故障
诊断依据：模型判断该包络时频图中存在较明显的周期性冲击和调制成分，结合当前转速与负载工况，更符合内圈故障特征。当前工况为 20 Hz、0 V。
维护建议：建议重点检查轴承内圈表面损伤情况，并结合历史振动趋势评估故障发展速度。"
outer_20_0_000452,data/processed/images/all/sample_OF_20_0_000452.png,OF,外圈故障,OF,外圈故障,1,故障类型：外圈故障,"故障类型：外圈故障
诊断依据：模型判断该包络时频图中存在相对稳定的冲击响应和局部频带能量增强，整体更符合外圈局部损伤特征。当前工况为 20 Hz、0 V。
维护建议：建议检查轴承外圈固定区域是否存在剥落、裂纹或异常磨损，必要时安排停机复检。"
outer_20_0_000453,data/processed/images/all/sample_OF_20_0_000453.png,OF,外圈故障,OF,外圈故障,1,故障类型：外圈故障,"故障类型：外圈故障
诊断依据：模型判断该包络时频图中存在相对稳定的冲击响应和局部频带能量增强，整体更符合外圈局部损伤特征。当前工况为 20 Hz、0 V。
维护建议：建议检查轴承外圈固定区域是否存在剥落、裂纹或异常磨损，必要时安排停机复检。"
outer_20_0_000454,data/processed/images/all/sample_OF_20_0_000454.png,OF,外圈故障,OF,外圈故障,1,故障类型：外圈故障,"故障类型：外圈故障
诊断依据：模型判断该包络时频图中存在相对稳定的冲击响应和局部频带能量增强，整体更符合外圈局部损伤特征。当前工况为 20 Hz、0 V。
维护建议：建议检查轴承外圈固定区域是否存在剥落、裂纹或异常磨损，必要时安排停机复检。"
outer_20_0_000455,data/processed/images/all/sample_OF_20_0_000455.png,OF,外圈故障,OF,外圈故障,1,故障类型：外圈故障,"故障类型：外圈故障
诊断依据：模型判断该包络时频图中存在相对稳定的冲击响应和局部频带能量增强，整体更符合外圈局部损伤特征。当前工况为 20 Hz、0 V。
维护建议：建议检查轴承外圈固定区域是否存在剥落、裂纹或异常磨损，必要时安排停机复检。"
outer_20_0_000456,data/processed/images/all/sample_OF_20_0_000456.png,OF,外圈故障,IF,内圈故障,0,故障类型：内圈故障,"故障类型：内圈故障
诊断依据：模型判断该包络时频图中存在较明显的周期性冲击和调制成分，结合当前转速与负载工况，更符合内圈故障特征。当前工况为 20 Hz、0 V。
维护建议：建议重点检查轴承内圈表面损伤情况，并结合历史振动趋势评估故障发展速度。"
outer_20_0_000457,data/processed/images/all/sample_OF_20_0_000457.png,OF,外圈故障,OF,外圈故障,1,故障类型：外圈故障,"故障类型：外圈故障
诊断依据：模型判断该包络时频图中存在相对稳定的冲击响应和局部频带能量增强，整体更符合外圈局部损伤特征。当前工况为 20 Hz、0 V。
维护建议：建议检查轴承外圈固定区域是否存在剥落、裂纹或异常磨损，必要时安排停机复检。"
outer_20_0_000458,data/processed/images/all/sample_OF_20_0_000458.png,OF,外圈故障,CF,混合故障,0,故障类型：混合故障,"故障类型：混合故障
诊断依据：模型判断该包络时频图中呈现多组冲击成分和较复杂的能量分布，可能对应多部位共同损伤引起的复合振动特征。当前工况为 20 Hz、0 V。
维护建议：建议同时检查轴承内圈和外圈，并优先安排停机检测，避免复合故障进一步扩展。"
outer_20_0_000459,data/processed/images/all/sample_OF_20_0_000459.png,OF,外圈故障,OF,外圈故障,1,故障类型：外圈故障,"故障类型：外圈故障
诊断依据：模型判断该包络时频图中存在相对稳定的冲击响应和局部频带能量增强，整体更符合外圈局部损伤特征。当前工况为 20 Hz、0 V。
维护建议：建议检查轴承外圈固定区域是否存在剥落、裂纹或异常磨损，必要时安排停机复检。"
outer_20_0_000460,data/processed/images/all/sample_OF_20_0_000460.png,OF,外圈故障,OF,外圈故障,1,故障类型：外圈故障,"故障类型：外圈故障
诊断依据：模型判断该包络时频图中存在相对稳定的冲击响应和局部频带能量增强，整体更符合外圈局部损伤特征。当前工况为 20 Hz、0 V。
维护建议：建议检查轴承外圈固定区域是否存在剥落、裂纹或异常磨损，必要时安排停机复检。"
outer_20_0_000461,data/processed/images/all/sample_OF_20_0_000461.png,OF,外圈故障,OF,外圈故障,1,故障类型：外圈故障,"故障类型：外圈故障
诊断依据：模型判断该包络时频图中存在相对稳定的冲击响应和局部频带能量增强，整体更符合外圈局部损伤特征。当前工况为 20 Hz、0 V。
维护建议：建议检查轴承外圈固定区域是否存在剥落、裂纹或异常磨损，必要时安排停机复检。"
outer_20_0_000462,data/processed/images/all/sample_OF_20_0_000462.png,OF,外圈故障,OF,外圈故障,1,故障类型：外圈故障,"故障类型：外圈故障
诊断依据：模型判断该包络时频图中存在相对稳定的冲击响应和局部频带能量增强，整体更符合外圈局部损伤特征。当前工况为 20 Hz、0 V。
维护建议：建议检查轴承外圈固定区域是否存在剥落、裂纹或异常磨损，必要时安排停机复检。"
outer_20_0_000463,data/processed/images/all/sample_OF_20_0_000463.png,OF,外圈故障,OF,外圈故障,1,故障类型：外圈故障,"故障类型：外圈故障
诊断依据：模型判断该包络时频图中存在相对稳定的冲击响应和局部频带能量增强，整体更符合外圈局部损伤特征。当前工况为 20 Hz、0 V。
维护建议：建议检查轴承外圈固定区域是否存在剥落、裂纹或异常磨损，必要时安排停机复检。"
outer_20_0_000464,data/processed/images/all/sample_OF_20_0_000464.png,OF,外圈故障,OF,外圈故障,1,故障类型：外圈故障,"故障类型：外圈故障
诊断依据：模型判断该包络时频图中存在相对稳定的冲击响应和局部频带能量增强，整体更符合外圈局部损伤特征。当前工况为 20 Hz、0 V。
维护建议：建议检查轴承外圈固定区域是否存在剥落、裂纹或异常磨损，必要时安排停机复检。"
outer_20_0_000465,data/processed/images/all/sample_OF_20_0_000465.png,OF,外圈故障,OF,外圈故障,1,故障类型：外圈故障,"故障类型：外圈故障
诊断依据：模型判断该包络时频图中存在相对稳定的冲击响应和局部频带能量增强，整体更符合外圈局部损伤特征。当前工况为 20 Hz、0 V。
维护建议：建议检查轴承外圈固定区域是否存在剥落、裂纹或异常磨损，必要时安排停机复检。"
outer_20_0_000466,data/processed/images/all/sample_OF_20_0_000466.png,OF,外圈故障,OF,外圈故障,1,故障类型：外圈故障,"故障类型：外圈故障
诊断依据：模型判断该包络时频图中存在相对稳定的冲击响应和局部频带能量增强，整体更符合外圈局部损伤特征。当前工况为 20 Hz、0 V。
维护建议：建议检查轴承外圈固定区域是否存在剥落、裂纹或异常磨损，必要时安排停机复检。"
outer_20_0_000467,data/processed/images/all/sample_OF_20_0_000467.png,OF,外圈故障,CF,混合故障,0,故障类型：混合故障,"故障类型：混合故障
诊断依据：模型判断该包络时频图中呈现多组冲击成分和较复杂的能量分布，可能对应多部位共同损伤引起的复合振动特征。当前工况为 20 Hz、0 V。
维护建议：建议同时检查轴承内圈和外圈，并优先安排停机检测，避免复合故障进一步扩展。"
outer_20_0_000468,data/processed/images/all/sample_OF_20_0_000468.png,OF,外圈故障,CF,混合故障,0,故障类型：混合故障,"故障类型：混合故障
诊断依据：模型判断该包络时频图中呈现多组冲击成分和较复杂的能量分布，可能对应多部位共同损伤引起的复合振动特征。当前工况为 20 Hz、0 V。
维护建议：建议同时检查轴承内圈和外圈，并优先安排停机检测，避免复合故障进一步扩展。"
outer_20_0_000469,data/processed/images/all/sample_OF_20_0_000469.png,OF,外圈故障,CF,混合故障,0,故障类型：混合故障,"故障类型：混合故障
诊断依据：模型判断该包络时频图中呈现多组冲击成分和较复杂的能量分布，可能对应多部位共同损伤引起的复合振动特征。当前工况为 20 Hz、0 V。
维护建议：建议同时检查轴承内圈和外圈，并优先安排停机检测，避免复合故障进一步扩展。"
outer_20_0_000470,data/processed/images/all/sample_OF_20_0_000470.png,OF,外圈故障,OF,外圈故障,1,故障类型：外圈故障,"故障类型：外圈故障
诊断依据：模型判断该包络时频图中存在相对稳定的冲击响应和局部频带能量增强，整体更符合外圈局部损伤特征。当前工况为 20 Hz、0 V。
维护建议：建议检查轴承外圈固定区域是否存在剥落、裂纹或异常磨损，必要时安排停机复检。"
outer_20_0_000471,data/processed/images/all/sample_OF_20_0_000471.png,OF,外圈故障,OF,外圈故障,1,故障类型：外圈故障,"故障类型：外圈故障
诊断依据：模型判断该包络时频图中存在相对稳定的冲击响应和局部频带能量增强，整体更符合外圈局部损伤特征。当前工况为 20 Hz、0 V。
维护建议：建议检查轴承外圈固定区域是否存在剥落、裂纹或异常磨损，必要时安排停机复检。"
outer_20_0_000472,data/processed/images/all/sample_OF_20_0_000472.png,OF,外圈故障,OF,外圈故障,1,故障类型：外圈故障,"故障类型：外圈故障
诊断依据：模型判断该包络时频图中存在相对稳定的冲击响应和局部频带能量增强，整体更符合外圈局部损伤特征。当前工况为 20 Hz、0 V。
维护建议：建议检查轴承外圈固定区域是否存在剥落、裂纹或异常磨损，必要时安排停机复检。"
outer_20_0_000473,data/processed/images/all/sample_OF_20_0_000473.png,OF,外圈故障,OF,外圈故障,1,故障类型：外圈故障,"故障类型：外圈故障
诊断依据：模型判断该包络时频图中存在相对稳定的冲击响应和局部频带能量增强，整体更符合外圈局部损伤特征。当前工况为 20 Hz、0 V。
维护建议：建议检查轴承外圈固定区域是否存在剥落、裂纹或异常磨损，必要时安排停机复检。"
outer_20_0_000474,data/processed/images/all/sample_OF_20_0_000474.png,OF,外圈故障,OF,外圈故障,1,故障类型：外圈故障,"故障类型：外圈故障
诊断依据：模型判断该包络时频图中存在相对稳定的冲击响应和局部频带能量增强，整体更符合外圈局部损伤特征。当前工况为 20 Hz、0 V。
维护建议：建议检查轴承外圈固定区域是否存在剥落、裂纹或异常磨损，必要时安排停机复检。"
outer_20_0_000475,data/processed/images/all/sample_OF_20_0_000475.png,OF,外圈故障,IF,内圈故障,0,故障类型：内圈故障,"故障类型：内圈故障
诊断依据：模型判断该包络时频图中存在较明显的周期性冲击和调制成分，结合当前转速与负载工况，更符合内圈故障特征。当前工况为 20 Hz、0 V。
维护建议：建议重点检查轴承内圈表面损伤情况，并结合历史振动趋势评估故障发展速度。"
outer_20_0_000476,data/processed/images/all/sample_OF_20_0_000476.png,OF,外圈故障,OF,外圈故障,1,故障类型：外圈故障,"故障类型：外圈故障
诊断依据：模型判断该包络时频图中存在相对稳定的冲击响应和局部频带能量增强，整体更符合外圈局部损伤特征。当前工况为 20 Hz、0 V。
维护建议：建议检查轴承外圈固定区域是否存在剥落、裂纹或异常磨损，必要时安排停机复检。"
outer_20_0_000477,data/processed/images/all/sample_OF_20_0_000477.png,OF,外圈故障,OF,外圈故障,1,故障类型：外圈故障,"故障类型：外圈故障
诊断依据：模型判断该包络时频图中存在相对稳定的冲击响应和局部频带能量增强，整体更符合外圈局部损伤特征。当前工况为 20 Hz、0 V。
维护建议：建议检查轴承外圈固定区域是否存在剥落、裂纹或异常磨损，必要时安排停机复检。"
outer_20_0_000478,data/processed/images/all/sample_OF_20_0_000478.png,OF,外圈故障,OF,外圈故障,1,故障类型：外圈故障,"故障类型：外圈故障
诊断依据：模型判断该包络时频图中存在相对稳定的冲击响应和局部频带能量增强，整体更符合外圈局部损伤特征。当前工况为 20 Hz、0 V。
维护建议：建议检查轴承外圈固定区域是否存在剥落、裂纹或异常磨损，必要时安排停机复检。"
outer_20_0_000479,data/processed/images/all/sample_OF_20_0_000479.png,OF,外圈故障,OF,外圈故障,1,故障类型：外圈故障,"故障类型：外圈故障
诊断依据：模型判断该包络时频图中存在相对稳定的冲击响应和局部频带能量增强，整体更符合外圈局部损伤特征。当前工况为 20 Hz、0 V。
维护建议：建议检查轴承外圈固定区域是否存在剥落、裂纹或异常磨损，必要时安排停机复检。"
outer_20_0_000480,data/processed/images/all/sample_OF_20_0_000480.png,OF,外圈故障,OF,外圈故障,1,故障类型：外圈故障,"故障类型：外圈故障
诊断依据：模型判断该包络时频图中存在相对稳定的冲击响应和局部频带能量增强，整体更符合外圈局部损伤特征。当前工况为 20 Hz、0 V。
维护建议：建议检查轴承外圈固定区域是否存在剥落、裂纹或异常磨损，必要时安排停机复检。"
outer_20_0_000481,data/processed/images/all/sample_OF_20_0_000481.png,OF,外圈故障,OF,外圈故障,1,故障类型：外圈故障,"故障类型：外圈故障
诊断依据：模型判断该包络时频图中存在相对稳定的冲击响应和局部频带能量增强，整体更符合外圈局部损伤特征。当前工况为 20 Hz、0 V。
维护建议：建议检查轴承外圈固定区域是否存在剥落、裂纹或异常磨损，必要时安排停机复检。"
outer_20_0_000482,data/processed/images/all/sample_OF_20_0_000482.png,OF,外圈故障,OF,外圈故障,1,故障类型：外圈故障,"故障类型：外圈故障
诊断依据：模型判断该包络时频图中存在相对稳定的冲击响应和局部频带能量增强，整体更符合外圈局部损伤特征。当前工况为 20 Hz、0 V。
维护建议：建议检查轴承外圈固定区域是否存在剥落、裂纹或异常磨损，必要时安排停机复检。"
outer_20_0_000483,data/processed/images/all/sample_OF_20_0_000483.png,OF,外圈故障,IF,内圈故障,0,故障类型：内圈故障,"故障类型：内圈故障
诊断依据：模型判断该包络时频图中存在较明显的周期性冲击和调制成分，结合当前转速与负载工况，更符合内圈故障特征。当前工况为 20 Hz、0 V。
维护建议：建议重点检查轴承内圈表面损伤情况，并结合历史振动趋势评估故障发展速度。"
outer_20_0_000484,data/processed/images/all/sample_OF_20_0_000484.png,OF,外圈故障,OF,外圈故障,1,故障类型：外圈故障,"故障类型：外圈故障
诊断依据：模型判断该包络时频图中存在相对稳定的冲击响应和局部频带能量增强，整体更符合外圈局部损伤特征。当前工况为 20 Hz、0 V。
维护建议：建议检查轴承外圈固定区域是否存在剥落、裂纹或异常磨损，必要时安排停机复检。"
outer_20_0_000485,data/processed/images/all/sample_OF_20_0_000485.png,OF,外圈故障,IF,内圈故障,0,故障类型：内圈故障,"故障类型：内圈故障
诊断依据：模型判断该包络时频图中存在较明显的周期性冲击和调制成分，结合当前转速与负载工况，更符合内圈故障特征。当前工况为 20 Hz、0 V。
维护建议：建议重点检查轴承内圈表面损伤情况，并结合历史振动趋势评估故障发展速度。"
outer_20_0_000486,data/processed/images/all/sample_OF_20_0_000486.png,OF,外圈故障,OF,外圈故障,1,故障类型：外圈故障,"故障类型：外圈故障
诊断依据：模型判断该包络时频图中存在相对稳定的冲击响应和局部频带能量增强，整体更符合外圈局部损伤特征。当前工况为 20 Hz、0 V。
维护建议：建议检查轴承外圈固定区域是否存在剥落、裂纹或异常磨损，必要时安排停机复检。"
outer_20_0_000487,data/processed/images/all/sample_OF_20_0_000487.png,OF,外圈故障,OF,外圈故障,1,故障类型：外圈故障,"故障类型：外圈故障
诊断依据：模型判断该包络时频图中存在相对稳定的冲击响应和局部频带能量增强，整体更符合外圈局部损伤特征。当前工况为 20 Hz、0 V。
维护建议：建议检查轴承外圈固定区域是否存在剥落、裂纹或异常磨损，必要时安排停机复检。"
outer_20_0_000488,data/processed/images/all/sample_OF_20_0_000488.png,OF,外圈故障,OF,外圈故障,1,故障类型：外圈故障,"故障类型：外圈故障
诊断依据：模型判断该包络时频图中存在相对稳定的冲击响应和局部频带能量增强，整体更符合外圈局部损伤特征。当前工况为 20 Hz、0 V。
维护建议：建议检查轴承外圈固定区域是否存在剥落、裂纹或异常磨损，必要时安排停机复检。"
outer_20_0_000489,data/processed/images/all/sample_OF_20_0_000489.png,OF,外圈故障,OF,外圈故障,1,故障类型：外圈故障,"故障类型：外圈故障
诊断依据：模型判断该包络时频图中存在相对稳定的冲击响应和局部频带能量增强，整体更符合外圈局部损伤特征。当前工况为 20 Hz、0 V。
维护建议：建议检查轴承外圈固定区域是否存在剥落、裂纹或异常磨损，必要时安排停机复检。"
outer_20_0_000490,data/processed/images/all/sample_OF_20_0_000490.png,OF,外圈故障,OF,外圈故障,1,故障类型：外圈故障,"故障类型：外圈故障
诊断依据：模型判断该包络时频图中存在相对稳定的冲击响应和局部频带能量增强，整体更符合外圈局部损伤特征。当前工况为 20 Hz、0 V。
维护建议：建议检查轴承外圈固定区域是否存在剥落、裂纹或异常磨损，必要时安排停机复检。"
outer_20_0_000491,data/processed/images/all/sample_OF_20_0_000491.png,OF,外圈故障,IF,内圈故障,0,故障类型：内圈故障,"故障类型：内圈故障
诊断依据：模型判断该包络时频图中存在较明显的周期性冲击和调制成分，结合当前转速与负载工况，更符合内圈故障特征。当前工况为 20 Hz、0 V。
维护建议：建议重点检查轴承内圈表面损伤情况，并结合历史振动趋势评估故障发展速度。"
outer_20_0_000492,data/processed/images/all/sample_OF_20_0_000492.png,OF,外圈故障,CF,混合故障,0,故障类型：混合故障,"故障类型：混合故障
诊断依据：模型判断该包络时频图中呈现多组冲击成分和较复杂的能量分布，可能对应多部位共同损伤引起的复合振动特征。当前工况为 20 Hz、0 V。
维护建议：建议同时检查轴承内圈和外圈，并优先安排停机检测，避免复合故障进一步扩展。"
outer_20_0_000493,data/processed/images/all/sample_OF_20_0_000493.png,OF,外圈故障,OF,外圈故障,1,故障类型：外圈故障,"故障类型：外圈故障
诊断依据：模型判断该包络时频图中存在相对稳定的冲击响应和局部频带能量增强，整体更符合外圈局部损伤特征。当前工况为 20 Hz、0 V。
维护建议：建议检查轴承外圈固定区域是否存在剥落、裂纹或异常磨损，必要时安排停机复检。"
outer_20_0_000494,data/processed/images/all/sample_OF_20_0_000494.png,OF,外圈故障,OF,外圈故障,1,故障类型：外圈故障,"故障类型：外圈故障
诊断依据：模型判断该包络时频图中存在相对稳定的冲击响应和局部频带能量增强，整体更符合外圈局部损伤特征。当前工况为 20 Hz、0 V。
维护建议：建议检查轴承外圈固定区域是否存在剥落、裂纹或异常磨损，必要时安排停机复检。"
outer_20_0_000495,data/processed/images/all/sample_OF_20_0_000495.png,OF,外圈故障,OF,外圈故障,1,故障类型：外圈故障,"故障类型：外圈故障
诊断依据：模型判断该包络时频图中存在相对稳定的冲击响应和局部频带能量增强，整体更符合外圈局部损伤特征。当前工况为 20 Hz、0 V。
维护建议：建议检查轴承外圈固定区域是否存在剥落、裂纹或异常磨损，必要时安排停机复检。"
outer_20_0_000496,data/processed/images/all/sample_OF_20_0_000496.png,OF,外圈故障,OF,外圈故障,1,故障类型：外圈故障,"故障类型：外圈故障
诊断依据：模型判断该包络时频图中存在相对稳定的冲击响应和局部频带能量增强，整体更符合外圈局部损伤特征。当前工况为 20 Hz、0 V。
维护建议：建议检查轴承外圈固定区域是否存在剥落、裂纹或异常磨损，必要时安排停机复检。"
outer_20_0_000497,data/processed/images/all/sample_OF_20_0_000497.png,OF,外圈故障,OF,外圈故障,1,故障类型：外圈故障,"故障类型：外圈故障
诊断依据：模型判断该包络时频图中存在相对稳定的冲击响应和局部频带能量增强，整体更符合外圈局部损伤特征。当前工况为 20 Hz、0 V。
维护建议：建议检查轴承外圈固定区域是否存在剥落、裂纹或异常磨损，必要时安排停机复检。"
outer_20_0_000498,data/processed/images/all/sample_OF_20_0_000498.png,OF,外圈故障,OF,外圈故障,1,故障类型：外圈故障,"故障类型：外圈故障
诊断依据：模型判断该包络时频图中存在相对稳定的冲击响应和局部频带能量增强，整体更符合外圈局部损伤特征。当前工况为 20 Hz、0 V。
维护建议：建议检查轴承外圈固定区域是否存在剥落、裂纹或异常磨损，必要时安排停机复检。"
outer_20_0_000499,data/processed/images/all/sample_OF_20_0_000499.png,OF,外圈故障,OF,外圈故障,1,故障类型：外圈故障,"故障类型：外圈故障
诊断依据：模型判断该包络时频图中存在相对稳定的冲击响应和局部频带能量增强，整体更符合外圈局部损伤特征。当前工况为 20 Hz、0 V。
维护建议：建议检查轴承外圈固定区域是否存在剥落、裂纹或异常磨损，必要时安排停机复检。"
outer_20_0_000500,data/processed/images/all/sample_OF_20_0_000500.png,OF,外圈故障,OF,外圈故障,1,故障类型：外圈故障,"故障类型：外圈故障
诊断依据：模型判断该包络时频图中存在相对稳定的冲击响应和局部频带能量增强，整体更符合外圈局部损伤特征。当前工况为 20 Hz、0 V。
维护建议：建议检查轴承外圈固定区域是否存在剥落、裂纹或异常磨损，必要时安排停机复检。"
outer_20_0_000501,data/processed/images/all/sample_OF_20_0_000501.png,OF,外圈故障,IF,内圈故障,0,故障类型：内圈故障,"故障类型：内圈故障
诊断依据：模型判断该包络时频图中存在较明显的周期性冲击和调制成分，结合当前转速与负载工况，更符合内圈故障特征。当前工况为 20 Hz、0 V。
维护建议：建议重点检查轴承内圈表面损伤情况，并结合历史振动趋势评估故障发展速度。"
outer_20_0_000502,data/processed/images/all/sample_OF_20_0_000502.png,OF,外圈故障,OF,外圈故障,1,故障类型：外圈故障,"故障类型：外圈故障
诊断依据：模型判断该包络时频图中存在相对稳定的冲击响应和局部频带能量增强，整体更符合外圈局部损伤特征。当前工况为 20 Hz、0 V。
维护建议：建议检查轴承外圈固定区域是否存在剥落、裂纹或异常磨损，必要时安排停机复检。"
outer_20_0_000503,data/processed/images/all/sample_OF_20_0_000503.png,OF,外圈故障,IF,内圈故障,0,故障类型：内圈故障,"故障类型：内圈故障
诊断依据：模型判断该包络时频图中存在较明显的周期性冲击和调制成分，结合当前转速与负载工况，更符合内圈故障特征。当前工况为 20 Hz、0 V。
维护建议：建议重点检查轴承内圈表面损伤情况，并结合历史振动趋势评估故障发展速度。"
outer_20_0_000504,data/processed/images/all/sample_OF_20_0_000504.png,OF,外圈故障,OF,外圈故障,1,故障类型：外圈故障,"故障类型：外圈故障
诊断依据：模型判断该包络时频图中存在相对稳定的冲击响应和局部频带能量增强，整体更符合外圈局部损伤特征。当前工况为 20 Hz、0 V。
维护建议：建议检查轴承外圈固定区域是否存在剥落、裂纹或异常磨损，必要时安排停机复检。"
outer_20_0_000505,data/processed/images/all/sample_OF_20_0_000505.png,OF,外圈故障,OF,外圈故障,1,故障类型：外圈故障,"故障类型：外圈故障
诊断依据：模型判断该包络时频图中存在相对稳定的冲击响应和局部频带能量增强，整体更符合外圈局部损伤特征。当前工况为 20 Hz、0 V。
维护建议：建议检查轴承外圈固定区域是否存在剥落、裂纹或异常磨损，必要时安排停机复检。"
outer_20_0_000506,data/processed/images/all/sample_OF_20_0_000506.png,OF,外圈故障,OF,外圈故障,1,故障类型：外圈故障,"故障类型：外圈故障
诊断依据：模型判断该包络时频图中存在相对稳定的冲击响应和局部频带能量增强，整体更符合外圈局部损伤特征。当前工况为 20 Hz、0 V。
维护建议：建议检查轴承外圈固定区域是否存在剥落、裂纹或异常磨损，必要时安排停机复检。"
outer_20_0_000507,data/processed/images/all/sample_OF_20_0_000507.png,OF,外圈故障,OF,外圈故障,1,故障类型：外圈故障,"故障类型：外圈故障
诊断依据：模型判断该包络时频图中存在相对稳定的冲击响应和局部频带能量增强，整体更符合外圈局部损伤特征。当前工况为 20 Hz、0 V。
维护建议：建议检查轴承外圈固定区域是否存在剥落、裂纹或异常磨损，必要时安排停机复检。"
outer_20_0_000508,data/processed/images/all/sample_OF_20_0_000508.png,OF,外圈故障,OF,外圈故障,1,故障类型：外圈故障,"故障类型：外圈故障
诊断依据：模型判断该包络时频图中存在相对稳定的冲击响应和局部频带能量增强，整体更符合外圈局部损伤特征。当前工况为 20 Hz、0 V。
维护建议：建议检查轴承外圈固定区域是否存在剥落、裂纹或异常磨损，必要时安排停机复检。"
outer_20_0_000509,data/processed/images/all/sample_OF_20_0_000509.png,OF,外圈故障,OF,外圈故障,1,故障类型：外圈故障,"故障类型：外圈故障
诊断依据：模型判断该包络时频图中存在相对稳定的冲击响应和局部频带能量增强，整体更符合外圈局部损伤特征。当前工况为 20 Hz、0 V。
维护建议：建议检查轴承外圈固定区域是否存在剥落、裂纹或异常磨损，必要时安排停机复检。"
outer_30_2_000407,data/processed/images/all/sample_OF_30_2_000407.png,OF,外圈故障,OF,外圈故障,1,故障类型：外圈故障,"故障类型：外圈故障
诊断依据：模型判断该包络时频图中存在相对稳定的冲击响应和局部频带能量增强，整体更符合外圈局部损伤特征。当前工况为 30 Hz、2 V。
维护建议：建议检查轴承外圈固定区域是否存在剥落、裂纹或异常磨损，必要时安排停机复检。"
outer_30_2_000408,data/processed/images/all/sample_OF_30_2_000408.png,OF,外圈故障,OF,外圈故障,1,故障类型：外圈故障,"故障类型：外圈故障
诊断依据：模型判断该包络时频图中存在相对稳定的冲击响应和局部频带能量增强，整体更符合外圈局部损伤特征。当前工况为 30 Hz、2 V。
维护建议：建议检查轴承外圈固定区域是否存在剥落、裂纹或异常磨损，必要时安排停机复检。"
outer_30_2_000409,data/processed/images/all/sample_OF_30_2_000409.png,OF,外圈故障,OF,外圈故障,1,故障类型：外圈故障,"故障类型：外圈故障
诊断依据：模型判断该包络时频图中存在相对稳定的冲击响应和局部频带能量增强，整体更符合外圈局部损伤特征。当前工况为 30 Hz、2 V。
维护建议：建议检查轴承外圈固定区域是否存在剥落、裂纹或异常磨损，必要时安排停机复检。"
outer_30_2_000410,data/processed/images/all/sample_OF_30_2_000410.png,OF,外圈故障,OF,外圈故障,1,故障类型：外圈故障,"故障类型：外圈故障
诊断依据：模型判断该包络时频图中存在相对稳定的冲击响应和局部频带能量增强，整体更符合外圈局部损伤特征。当前工况为 30 Hz、2 V。
维护建议：建议检查轴承外圈固定区域是否存在剥落、裂纹或异常磨损，必要时安排停机复检。"
outer_30_2_000411,data/processed/images/all/sample_OF_30_2_000411.png,OF,外圈故障,OF,外圈故障,1,故障类型：外圈故障,"故障类型：外圈故障
诊断依据：模型判断该包络时频图中存在相对稳定的冲击响应和局部频带能量增强，整体更符合外圈局部损伤特征。当前工况为 30 Hz、2 V。
维护建议：建议检查轴承外圈固定区域是否存在剥落、裂纹或异常磨损，必要时安排停机复检。"
outer_30_2_000412,data/processed/images/all/sample_OF_30_2_000412.png,OF,外圈故障,OF,外圈故障,1,故障类型：外圈故障,"故障类型：外圈故障
诊断依据：模型判断该包络时频图中存在相对稳定的冲击响应和局部频带能量增强，整体更符合外圈局部损伤特征。当前工况为 30 Hz、2 V。
维护建议：建议检查轴承外圈固定区域是否存在剥落、裂纹或异常磨损，必要时安排停机复检。"
outer_30_2_000413,data/processed/images/all/sample_OF_30_2_000413.png,OF,外圈故障,N,正常状态,0,故障类型：正常状态,"故障类型：正常状态
诊断依据：模型判断该包络时频图整体能量分布较平稳，未呈现明显的周期性冲击或异常能量集中，结合当前工况更符合正常运行状态。当前工况为 30 Hz、2 V。
维护建议：建议保持常规监测，持续记录振动趋势；若后续能量分布或冲击特征发生明显变化，应及时复检。"
outer_30_2_000414,data/processed/images/all/sample_OF_30_2_000414.png,OF,外圈故障,BF,滚动体故障,0,故障类型：滚动体故障,"故障类型：滚动体故障
诊断依据：模型判断该包络时频图中存在局部冲击和调制特征，结合行星齿轮箱三方向振动信息，更符合滚动体故障表现。当前工况为 30 Hz、2 V。
维护建议：建议重点检查滚动体表面是否存在磨损、点蚀或剥落，并结合包络谱或现场巡检进一步确认故障程度。"
outer_30_2_000415,data/processed/images/all/sample_OF_30_2_000415.png,OF,外圈故障,N,正常状态,0,故障类型：正常状态,"故障类型：正常状态
诊断依据：模型判断该包络时频图整体能量分布较平稳，未呈现明显的周期性冲击或异常能量集中，结合当前工况更符合正常运行状态。当前工况为 30 Hz、2 V。
维护建议：建议保持常规监测，持续记录振动趋势；若后续能量分布或冲击特征发生明显变化，应及时复检。"
outer_30_2_000416,data/processed/images/all/sample_OF_30_2_000416.png,OF,外圈故障,N,正常状态,0,故障类型：正常状态,"故障类型：正常状态
诊断依据：模型判断该包络时频图整体能量分布较平稳，未呈现明显的周期性冲击或异常能量集中，结合当前工况更符合正常运行状态。当前工况为 30 Hz、2 V。
维护建议：建议保持常规监测，持续记录振动趋势；若后续能量分布或冲击特征发生明显变化，应及时复检。"
outer_30_2_000417,data/processed/images/all/sample_OF_30_2_000417.png,OF,外圈故障,OF,外圈故障,1,故障类型：外圈故障,"故障类型：外圈故障
诊断依据：模型判断该包络时频图中存在相对稳定的冲击响应和局部频带能量增强，整体更符合外圈局部损伤特征。当前工况为 30 Hz、2 V。
维护建议：建议检查轴承外圈固定区域是否存在剥落、裂纹或异常磨损，必要时安排停机复检。"
outer_30_2_000418,data/processed/images/all/sample_OF_30_2_000418.png,OF,外圈故障,OF,外圈故障,1,故障类型：外圈故障,"故障类型：外圈故障
诊断依据：模型判断该包络时频图中存在相对稳定的冲击响应和局部频带能量增强，整体更符合外圈局部损伤特征。当前工况为 30 Hz、2 V。
维护建议：建议检查轴承外圈固定区域是否存在剥落、裂纹或异常磨损，必要时安排停机复检。"
outer_30_2_000419,data/processed/images/all/sample_OF_30_2_000419.png,OF,外圈故障,N,正常状态,0,故障类型：正常状态,"故障类型：正常状态
诊断依据：模型判断该包络时频图整体能量分布较平稳，未呈现明显的周期性冲击或异常能量集中，结合当前工况更符合正常运行状态。当前工况为 30 Hz、2 V。
维护建议：建议保持常规监测，持续记录振动趋势；若后续能量分布或冲击特征发生明显变化，应及时复检。"
outer_30_2_000420,data/processed/images/all/sample_OF_30_2_000420.png,OF,外圈故障,BF,滚动体故障,0,故障类型：滚动体故障,"故障类型：滚动体故障
诊断依据：模型判断该包络时频图中存在局部冲击和调制特征，结合行星齿轮箱三方向振动信息，更符合滚动体故障表现。当前工况为 30 Hz、2 V。
维护建议：建议重点检查滚动体表面是否存在磨损、点蚀或剥落，并结合包络谱或现场巡检进一步确认故障程度。"
outer_30_2_000421,data/processed/images/all/sample_OF_30_2_000421.png,OF,外圈故障,BF,滚动体故障,0,故障类型：滚动体故障,"故障类型：滚动体故障
诊断依据：模型判断该包络时频图中存在局部冲击和调制特征，结合行星齿轮箱三方向振动信息，更符合滚动体故障表现。当前工况为 30 Hz、2 V。
维护建议：建议重点检查滚动体表面是否存在磨损、点蚀或剥落，并结合包络谱或现场巡检进一步确认故障程度。"
outer_30_2_000422,data/processed/images/all/sample_OF_30_2_000422.png,OF,外圈故障,BF,滚动体故障,0,故障类型：滚动体故障,"故障类型：滚动体故障
诊断依据：模型判断该包络时频图中存在局部冲击和调制特征，结合行星齿轮箱三方向振动信息，更符合滚动体故障表现。当前工况为 30 Hz、2 V。
维护建议：建议重点检查滚动体表面是否存在磨损、点蚀或剥落，并结合包络谱或现场巡检进一步确认故障程度。"
outer_30_2_000423,data/processed/images/all/sample_OF_30_2_000423.png,OF,外圈故障,N,正常状态,0,故障类型：正常状态,"故障类型：正常状态
诊断依据：模型判断该包络时频图整体能量分布较平稳，未呈现明显的周期性冲击或异常能量集中，结合当前工况更符合正常运行状态。当前工况为 30 Hz、2 V。
维护建议：建议保持常规监测，持续记录振动趋势；若后续能量分布或冲击特征发生明显变化，应及时复检。"
outer_30_2_000424,data/processed/images/all/sample_OF_30_2_000424.png,OF,外圈故障,CF,混合故障,0,故障类型：混合故障,"故障类型：混合故障
诊断依据：模型判断该包络时频图中呈现多组冲击成分和较复杂的能量分布，可能对应多部位共同损伤引起的复合振动特征。当前工况为 30 Hz、2 V。
维护建议：建议同时检查轴承内圈和外圈，并优先安排停机检测，避免复合故障进一步扩展。"
outer_30_2_000425,data/processed/images/all/sample_OF_30_2_000425.png,OF,外圈故障,CF,混合故障,0,故障类型：混合故障,"故障类型：混合故障
诊断依据：模型判断该包络时频图中呈现多组冲击成分和较复杂的能量分布，可能对应多部位共同损伤引起的复合振动特征。当前工况为 30 Hz、2 V。
维护建议：建议同时检查轴承内圈和外圈，并优先安排停机检测，避免复合故障进一步扩展。"
outer_30_2_000426,data/processed/images/all/sample_OF_30_2_000426.png,OF,外圈故障,CF,混合故障,0,故障类型：混合故障,"故障类型：混合故障
诊断依据：模型判断该包络时频图中呈现多组冲击成分和较复杂的能量分布，可能对应多部位共同损伤引起的复合振动特征。当前工况为 30 Hz、2 V。
维护建议：建议同时检查轴承内圈和外圈，并优先安排停机检测，避免复合故障进一步扩展。"
outer_30_2_000427,data/processed/images/all/sample_OF_30_2_000427.png,OF,外圈故障,N,正常状态,0,故障类型：正常状态,"故障类型：正常状态
诊断依据：模型判断该包络时频图整体能量分布较平稳，未呈现明显的周期性冲击或异常能量集中，结合当前工况更符合正常运行状态。当前工况为 30 Hz、2 V。
维护建议：建议保持常规监测，持续记录振动趋势；若后续能量分布或冲击特征发生明显变化，应及时复检。"
outer_30_2_000428,data/processed/images/all/sample_OF_30_2_000428.png,OF,外圈故障,N,正常状态,0,故障类型：正常状态,"故障类型：正常状态
诊断依据：模型判断该包络时频图整体能量分布较平稳，未呈现明显的周期性冲击或异常能量集中，结合当前工况更符合正常运行状态。当前工况为 30 Hz、2 V。
维护建议：建议保持常规监测，持续记录振动趋势；若后续能量分布或冲击特征发生明显变化，应及时复检。"
outer_30_2_000429,data/processed/images/all/sample_OF_30_2_000429.png,OF,外圈故障,CF,混合故障,0,故障类型：混合故障,"故障类型：混合故障
诊断依据：模型判断该包络时频图中呈现多组冲击成分和较复杂的能量分布，可能对应多部位共同损伤引起的复合振动特征。当前工况为 30 Hz、2 V。
维护建议：建议同时检查轴承内圈和外圈，并优先安排停机检测，避免复合故障进一步扩展。"
outer_30_2_000430,data/processed/images/all/sample_OF_30_2_000430.png,OF,外圈故障,OF,外圈故障,1,故障类型：外圈故障,"故障类型：外圈故障
诊断依据：模型判断该包络时频图中存在相对稳定的冲击响应和局部频带能量增强，整体更符合外圈局部损伤特征。当前工况为 30 Hz、2 V。
维护建议：建议检查轴承外圈固定区域是否存在剥落、裂纹或异常磨损，必要时安排停机复检。"
outer_30_2_000431,data/processed/images/all/sample_OF_30_2_000431.png,OF,外圈故障,IF,内圈故障,0,故障类型：内圈故障,"故障类型：内圈故障
诊断依据：模型判断该包络时频图中存在较明显的周期性冲击和调制成分，结合当前转速与负载工况，更符合内圈故障特征。当前工况为 30 Hz、2 V。
维护建议：建议重点检查轴承内圈表面损伤情况，并结合历史振动趋势评估故障发展速度。"
outer_30_2_000432,data/processed/images/all/sample_OF_30_2_000432.png,OF,外圈故障,N,正常状态,0,故障类型：正常状态,"故障类型：正常状态
诊断依据：模型判断该包络时频图整体能量分布较平稳，未呈现明显的周期性冲击或异常能量集中，结合当前工况更符合正常运行状态。当前工况为 30 Hz、2 V。
维护建议：建议保持常规监测，持续记录振动趋势；若后续能量分布或冲击特征发生明显变化，应及时复检。"
outer_30_2_000433,data/processed/images/all/sample_OF_30_2_000433.png,OF,外圈故障,BF,滚动体故障,0,故障类型：滚动体故障,"故障类型：滚动体故障
诊断依据：模型判断该包络时频图中存在局部冲击和调制特征，结合行星齿轮箱三方向振动信息，更符合滚动体故障表现。当前工况为 30 Hz、2 V。
维护建议：建议重点检查滚动体表面是否存在磨损、点蚀或剥落，并结合包络谱或现场巡检进一步确认故障程度。"
outer_30_2_000434,data/processed/images/all/sample_OF_30_2_000434.png,OF,外圈故障,CF,混合故障,0,故障类型：混合故障,"故障类型：混合故障
诊断依据：模型判断该包络时频图中呈现多组冲击成分和较复杂的能量分布，可能对应多部位共同损伤引起的复合振动特征。当前工况为 30 Hz、2 V。
维护建议：建议同时检查轴承内圈和外圈，并优先安排停机检测，避免复合故障进一步扩展。"
outer_30_2_000435,data/processed/images/all/sample_OF_30_2_000435.png,OF,外圈故障,BF,滚动体故障,0,故障类型：滚动体故障,"故障类型：滚动体故障
诊断依据：模型判断该包络时频图中存在局部冲击和调制特征，结合行星齿轮箱三方向振动信息，更符合滚动体故障表现。当前工况为 30 Hz、2 V。
维护建议：建议重点检查滚动体表面是否存在磨损、点蚀或剥落，并结合包络谱或现场巡检进一步确认故障程度。"
outer_30_2_000436,data/processed/images/all/sample_OF_30_2_000436.png,OF,外圈故障,N,正常状态,0,故障类型：正常状态,"故障类型：正常状态
诊断依据：模型判断该包络时频图整体能量分布较平稳，未呈现明显的周期性冲击或异常能量集中，结合当前工况更符合正常运行状态。当前工况为 30 Hz、2 V。
维护建议：建议保持常规监测，持续记录振动趋势；若后续能量分布或冲击特征发生明显变化，应及时复检。"
outer_30_2_000437,data/processed/images/all/sample_OF_30_2_000437.png,OF,外圈故障,BF,滚动体故障,0,故障类型：滚动体故障,"故障类型：滚动体故障
诊断依据：模型判断该包络时频图中存在局部冲击和调制特征，结合行星齿轮箱三方向振动信息，更符合滚动体故障表现。当前工况为 30 Hz、2 V。
维护建议：建议重点检查滚动体表面是否存在磨损、点蚀或剥落，并结合包络谱或现场巡检进一步确认故障程度。"
outer_30_2_000438,data/processed/images/all/sample_OF_30_2_000438.png,OF,外圈故障,OF,外圈故障,1,故障类型：外圈故障,"故障类型：外圈故障
诊断依据：模型判断该包络时频图中存在相对稳定的冲击响应和局部频带能量增强，整体更符合外圈局部损伤特征。当前工况为 30 Hz、2 V。
维护建议：建议检查轴承外圈固定区域是否存在剥落、裂纹或异常磨损，必要时安排停机复检。"
outer_30_2_000439,data/processed/images/all/sample_OF_30_2_000439.png,OF,外圈故障,CF,混合故障,0,故障类型：混合故障,"故障类型：混合故障
诊断依据：模型判断该包络时频图中呈现多组冲击成分和较复杂的能量分布，可能对应多部位共同损伤引起的复合振动特征。当前工况为 30 Hz、2 V。
维护建议：建议同时检查轴承内圈和外圈，并优先安排停机检测，避免复合故障进一步扩展。"
outer_30_2_000440,data/processed/images/all/sample_OF_30_2_000440.png,OF,外圈故障,OF,外圈故障,1,故障类型：外圈故障,"故障类型：外圈故障
诊断依据：模型判断该包络时频图中存在相对稳定的冲击响应和局部频带能量增强，整体更符合外圈局部损伤特征。当前工况为 30 Hz、2 V。
维护建议：建议检查轴承外圈固定区域是否存在剥落、裂纹或异常磨损，必要时安排停机复检。"
outer_30_2_000441,data/processed/images/all/sample_OF_30_2_000441.png,OF,外圈故障,OF,外圈故障,1,故障类型：外圈故障,"故障类型：外圈故障
诊断依据：模型判断该包络时频图中存在相对稳定的冲击响应和局部频带能量增强，整体更符合外圈局部损伤特征。当前工况为 30 Hz、2 V。
维护建议：建议检查轴承外圈固定区域是否存在剥落、裂纹或异常磨损，必要时安排停机复检。"
outer_30_2_000442,data/processed/images/all/sample_OF_30_2_000442.png,OF,外圈故障,BF,滚动体故障,0,故障类型：滚动体故障,"故障类型：滚动体故障
诊断依据：模型判断该包络时频图中存在局部冲击和调制特征，结合行星齿轮箱三方向振动信息，更符合滚动体故障表现。当前工况为 30 Hz、2 V。
维护建议：建议重点检查滚动体表面是否存在磨损、点蚀或剥落，并结合包络谱或现场巡检进一步确认故障程度。"
outer_30_2_000443,data/processed/images/all/sample_OF_30_2_000443.png,OF,外圈故障,BF,滚动体故障,0,故障类型：滚动体故障,"故障类型：滚动体故障
诊断依据：模型判断该包络时频图中存在局部冲击和调制特征，结合行星齿轮箱三方向振动信息，更符合滚动体故障表现。当前工况为 30 Hz、2 V。
维护建议：建议重点检查滚动体表面是否存在磨损、点蚀或剥落，并结合包络谱或现场巡检进一步确认故障程度。"
outer_30_2_000444,data/processed/images/all/sample_OF_30_2_000444.png,OF,外圈故障,CF,混合故障,0,故障类型：混合故障,"故障类型：混合故障
诊断依据：模型判断该包络时频图中呈现多组冲击成分和较复杂的能量分布，可能对应多部位共同损伤引起的复合振动特征。当前工况为 30 Hz、2 V。
维护建议：建议同时检查轴承内圈和外圈，并优先安排停机检测，避免复合故障进一步扩展。"
outer_30_2_000445,data/processed/images/all/sample_OF_30_2_000445.png,OF,外圈故障,N,正常状态,0,故障类型：正常状态,"故障类型：正常状态
诊断依据：模型判断该包络时频图整体能量分布较平稳，未呈现明显的周期性冲击或异常能量集中，结合当前工况更符合正常运行状态。当前工况为 30 Hz、2 V。
维护建议：建议保持常规监测，持续记录振动趋势；若后续能量分布或冲击特征发生明显变化，应及时复检。"
outer_30_2_000446,data/processed/images/all/sample_OF_30_2_000446.png,OF,外圈故障,BF,滚动体故障,0,故障类型：滚动体故障,"故障类型：滚动体故障
诊断依据：模型判断该包络时频图中存在局部冲击和调制特征，结合行星齿轮箱三方向振动信息，更符合滚动体故障表现。当前工况为 30 Hz、2 V。
维护建议：建议重点检查滚动体表面是否存在磨损、点蚀或剥落，并结合包络谱或现场巡检进一步确认故障程度。"
outer_30_2_000447,data/processed/images/all/sample_OF_30_2_000447.png,OF,外圈故障,OF,外圈故障,1,故障类型：外圈故障,"故障类型：外圈故障
诊断依据：模型判断该包络时频图中存在相对稳定的冲击响应和局部频带能量增强，整体更符合外圈局部损伤特征。当前工况为 30 Hz、2 V。
维护建议：建议检查轴承外圈固定区域是否存在剥落、裂纹或异常磨损，必要时安排停机复检。"
outer_30_2_000448,data/processed/images/all/sample_OF_30_2_000448.png,OF,外圈故障,OF,外圈故障,1,故障类型：外圈故障,"故障类型：外圈故障
诊断依据：模型判断该包络时频图中存在相对稳定的冲击响应和局部频带能量增强，整体更符合外圈局部损伤特征。当前工况为 30 Hz、2 V。
维护建议：建议检查轴承外圈固定区域是否存在剥落、裂纹或异常磨损，必要时安排停机复检。"
outer_30_2_000449,data/processed/images/all/sample_OF_30_2_000449.png,OF,外圈故障,CF,混合故障,0,故障类型：混合故障,"故障类型：混合故障
诊断依据：模型判断该包络时频图中呈现多组冲击成分和较复杂的能量分布，可能对应多部位共同损伤引起的复合振动特征。当前工况为 30 Hz、2 V。
维护建议：建议同时检查轴承内圈和外圈，并优先安排停机检测，避免复合故障进一步扩展。"
outer_30_2_000450,data/processed/images/all/sample_OF_30_2_000450.png,OF,外圈故障,CF,混合故障,0,故障类型：混合故障,"故障类型：混合故障
诊断依据：模型判断该包络时频图中呈现多组冲击成分和较复杂的能量分布，可能对应多部位共同损伤引起的复合振动特征。当前工况为 30 Hz、2 V。
维护建议：建议同时检查轴承内圈和外圈，并优先安排停机检测，避免复合故障进一步扩展。"
outer_30_2_000451,data/processed/images/all/sample_OF_30_2_000451.png,OF,外圈故障,CF,混合故障,0,故障类型：混合故障,"故障类型：混合故障
诊断依据：模型判断该包络时频图中呈现多组冲击成分和较复杂的能量分布，可能对应多部位共同损伤引起的复合振动特征。当前工况为 30 Hz、2 V。
维护建议：建议同时检查轴承内圈和外圈，并优先安排停机检测，避免复合故障进一步扩展。"
outer_30_2_000452,data/processed/images/all/sample_OF_30_2_000452.png,OF,外圈故障,N,正常状态,0,故障类型：正常状态,"故障类型：正常状态
诊断依据：模型判断该包络时频图整体能量分布较平稳，未呈现明显的周期性冲击或异常能量集中，结合当前工况更符合正常运行状态。当前工况为 30 Hz、2 V。
维护建议：建议保持常规监测，持续记录振动趋势；若后续能量分布或冲击特征发生明显变化，应及时复检。"
outer_30_2_000453,data/processed/images/all/sample_OF_30_2_000453.png,OF,外圈故障,OF,外圈故障,1,故障类型：外圈故障,"故障类型：外圈故障
诊断依据：模型判断该包络时频图中存在相对稳定的冲击响应和局部频带能量增强，整体更符合外圈局部损伤特征。当前工况为 30 Hz、2 V。
维护建议：建议检查轴承外圈固定区域是否存在剥落、裂纹或异常磨损，必要时安排停机复检。"
outer_30_2_000454,data/processed/images/all/sample_OF_30_2_000454.png,OF,外圈故障,BF,滚动体故障,0,故障类型：滚动体故障,"故障类型：滚动体故障
诊断依据：模型判断该包络时频图中存在局部冲击和调制特征，结合行星齿轮箱三方向振动信息，更符合滚动体故障表现。当前工况为 30 Hz、2 V。
维护建议：建议重点检查滚动体表面是否存在磨损、点蚀或剥落，并结合包络谱或现场巡检进一步确认故障程度。"
outer_30_2_000455,data/processed/images/all/sample_OF_30_2_000455.png,OF,外圈故障,OF,外圈故障,1,故障类型：外圈故障,"故障类型：外圈故障
诊断依据：模型判断该包络时频图中存在相对稳定的冲击响应和局部频带能量增强，整体更符合外圈局部损伤特征。当前工况为 30 Hz、2 V。
维护建议：建议检查轴承外圈固定区域是否存在剥落、裂纹或异常磨损，必要时安排停机复检。"
outer_30_2_000456,data/processed/images/all/sample_OF_30_2_000456.png,OF,外圈故障,BF,滚动体故障,0,故障类型：滚动体故障,"故障类型：滚动体故障
诊断依据：模型判断该包络时频图中存在局部冲击和调制特征，结合行星齿轮箱三方向振动信息，更符合滚动体故障表现。当前工况为 30 Hz、2 V。
维护建议：建议重点检查滚动体表面是否存在磨损、点蚀或剥落，并结合包络谱或现场巡检进一步确认故障程度。"
outer_30_2_000457,data/processed/images/all/sample_OF_30_2_000457.png,OF,外圈故障,CF,混合故障,0,故障类型：混合故障,"故障类型：混合故障
诊断依据：模型判断该包络时频图中呈现多组冲击成分和较复杂的能量分布，可能对应多部位共同损伤引起的复合振动特征。当前工况为 30 Hz、2 V。
维护建议：建议同时检查轴承内圈和外圈，并优先安排停机检测，避免复合故障进一步扩展。"
outer_30_2_000458,data/processed/images/all/sample_OF_30_2_000458.png,OF,外圈故障,CF,混合故障,0,故障类型：混合故障,"故障类型：混合故障
诊断依据：模型判断该包络时频图中呈现多组冲击成分和较复杂的能量分布，可能对应多部位共同损伤引起的复合振动特征。当前工况为 30 Hz、2 V。
维护建议：建议同时检查轴承内圈和外圈，并优先安排停机检测，避免复合故障进一步扩展。"
outer_30_2_000459,data/processed/images/all/sample_OF_30_2_000459.png,OF,外圈故障,CF,混合故障,0,故障类型：混合故障,"故障类型：混合故障
诊断依据：模型判断该包络时频图中呈现多组冲击成分和较复杂的能量分布，可能对应多部位共同损伤引起的复合振动特征。当前工况为 30 Hz、2 V。
维护建议：建议同时检查轴承内圈和外圈，并优先安排停机检测，避免复合故障进一步扩展。"
outer_30_2_000460,data/processed/images/all/sample_OF_30_2_000460.png,OF,外圈故障,CF,混合故障,0,故障类型：混合故障,"故障类型：混合故障
诊断依据：模型判断该包络时频图中呈现多组冲击成分和较复杂的能量分布，可能对应多部位共同损伤引起的复合振动特征。当前工况为 30 Hz、2 V。
维护建议：建议同时检查轴承内圈和外圈，并优先安排停机检测，避免复合故障进一步扩展。"
outer_30_2_000461,data/processed/images/all/sample_OF_30_2_000461.png,OF,外圈故障,OF,外圈故障,1,故障类型：外圈故障,"故障类型：外圈故障
诊断依据：模型判断该包络时频图中存在相对稳定的冲击响应和局部频带能量增强，整体更符合外圈局部损伤特征。当前工况为 30 Hz、2 V。
维护建议：建议检查轴承外圈固定区域是否存在剥落、裂纹或异常磨损，必要时安排停机复检。"
outer_30_2_000462,data/processed/images/all/sample_OF_30_2_000462.png,OF,外圈故障,OF,外圈故障,1,故障类型：外圈故障,"故障类型：外圈故障
诊断依据：模型判断该包络时频图中存在相对稳定的冲击响应和局部频带能量增强，整体更符合外圈局部损伤特征。当前工况为 30 Hz、2 V。
维护建议：建议检查轴承外圈固定区域是否存在剥落、裂纹或异常磨损，必要时安排停机复检。"
outer_30_2_000463,data/processed/images/all/sample_OF_30_2_000463.png,OF,外圈故障,N,正常状态,0,故障类型：正常状态,"故障类型：正常状态
诊断依据：模型判断该包络时频图整体能量分布较平稳，未呈现明显的周期性冲击或异常能量集中，结合当前工况更符合正常运行状态。当前工况为 30 Hz、2 V。
维护建议：建议保持常规监测，持续记录振动趋势；若后续能量分布或冲击特征发生明显变化，应及时复检。"
outer_30_2_000464,data/processed/images/all/sample_OF_30_2_000464.png,OF,外圈故障,OF,外圈故障,1,故障类型：外圈故障,"故障类型：外圈故障
诊断依据：模型判断该包络时频图中存在相对稳定的冲击响应和局部频带能量增强，整体更符合外圈局部损伤特征。当前工况为 30 Hz、2 V。
维护建议：建议检查轴承外圈固定区域是否存在剥落、裂纹或异常磨损，必要时安排停机复检。"
outer_30_2_000465,data/processed/images/all/sample_OF_30_2_000465.png,OF,外圈故障,OF,外圈故障,1,故障类型：外圈故障,"故障类型：外圈故障
诊断依据：模型判断该包络时频图中存在相对稳定的冲击响应和局部频带能量增强，整体更符合外圈局部损伤特征。当前工况为 30 Hz、2 V。
维护建议：建议检查轴承外圈固定区域是否存在剥落、裂纹或异常磨损，必要时安排停机复检。"
outer_30_2_000466,data/processed/images/all/sample_OF_30_2_000466.png,OF,外圈故障,N,正常状态,0,故障类型：正常状态,"故障类型：正常状态
诊断依据：模型判断该包络时频图整体能量分布较平稳，未呈现明显的周期性冲击或异常能量集中，结合当前工况更符合正常运行状态。当前工况为 30 Hz、2 V。
维护建议：建议保持常规监测，持续记录振动趋势；若后续能量分布或冲击特征发生明显变化，应及时复检。"
outer_30_2_000467,data/processed/images/all/sample_OF_30_2_000467.png,OF,外圈故障,CF,混合故障,0,故障类型：混合故障,"故障类型：混合故障
诊断依据：模型判断该包络时频图中呈现多组冲击成分和较复杂的能量分布，可能对应多部位共同损伤引起的复合振动特征。当前工况为 30 Hz、2 V。
维护建议：建议同时检查轴承内圈和外圈，并优先安排停机检测，避免复合故障进一步扩展。"
outer_30_2_000468,data/processed/images/all/sample_OF_30_2_000468.png,OF,外圈故障,OF,外圈故障,1,故障类型：外圈故障,"故障类型：外圈故障
诊断依据：模型判断该包络时频图中存在相对稳定的冲击响应和局部频带能量增强，整体更符合外圈局部损伤特征。当前工况为 30 Hz、2 V。
维护建议：建议检查轴承外圈固定区域是否存在剥落、裂纹或异常磨损，必要时安排停机复检。"
outer_30_2_000469,data/processed/images/all/sample_OF_30_2_000469.png,OF,外圈故障,OF,外圈故障,1,故障类型：外圈故障,"故障类型：外圈故障
诊断依据：模型判断该包络时频图中存在相对稳定的冲击响应和局部频带能量增强，整体更符合外圈局部损伤特征。当前工况为 30 Hz、2 V。
维护建议：建议检查轴承外圈固定区域是否存在剥落、裂纹或异常磨损，必要时安排停机复检。"
outer_30_2_000470,data/processed/images/all/sample_OF_30_2_000470.png,OF,外圈故障,CF,混合故障,0,故障类型：混合故障,"故障类型：混合故障
诊断依据：模型判断该包络时频图中呈现多组冲击成分和较复杂的能量分布，可能对应多部位共同损伤引起的复合振动特征。当前工况为 30 Hz、2 V。
维护建议：建议同时检查轴承内圈和外圈，并优先安排停机检测，避免复合故障进一步扩展。"
outer_30_2_000471,data/processed/images/all/sample_OF_30_2_000471.png,OF,外圈故障,OF,外圈故障,1,故障类型：外圈故障,"故障类型：外圈故障
诊断依据：模型判断该包络时频图中存在相对稳定的冲击响应和局部频带能量增强，整体更符合外圈局部损伤特征。当前工况为 30 Hz、2 V。
维护建议：建议检查轴承外圈固定区域是否存在剥落、裂纹或异常磨损，必要时安排停机复检。"
outer_30_2_000472,data/processed/images/all/sample_OF_30_2_000472.png,OF,外圈故障,OF,外圈故障,1,故障类型：外圈故障,"故障类型：外圈故障
诊断依据：模型判断该包络时频图中存在相对稳定的冲击响应和局部频带能量增强，整体更符合外圈局部损伤特征。当前工况为 30 Hz、2 V。
维护建议：建议检查轴承外圈固定区域是否存在剥落、裂纹或异常磨损，必要时安排停机复检。"
outer_30_2_000473,data/processed/images/all/sample_OF_30_2_000473.png,OF,外圈故障,OF,外圈故障,1,故障类型：外圈故障,"故障类型：外圈故障
诊断依据：模型判断该包络时频图中存在相对稳定的冲击响应和局部频带能量增强，整体更符合外圈局部损伤特征。当前工况为 30 Hz、2 V。
维护建议：建议检查轴承外圈固定区域是否存在剥落、裂纹或异常磨损，必要时安排停机复检。"
outer_30_2_000474,data/processed/images/all/sample_OF_30_2_000474.png,OF,外圈故障,N,正常状态,0,故障类型：正常状态,"故障类型：正常状态
诊断依据：模型判断该包络时频图整体能量分布较平稳，未呈现明显的周期性冲击或异常能量集中，结合当前工况更符合正常运行状态。当前工况为 30 Hz、2 V。
维护建议：建议保持常规监测，持续记录振动趋势；若后续能量分布或冲击特征发生明显变化，应及时复检。"
outer_30_2_000475,data/processed/images/all/sample_OF_30_2_000475.png,OF,外圈故障,OF,外圈故障,1,故障类型：外圈故障,"故障类型：外圈故障
诊断依据：模型判断该包络时频图中存在相对稳定的冲击响应和局部频带能量增强，整体更符合外圈局部损伤特征。当前工况为 30 Hz、2 V。
维护建议：建议检查轴承外圈固定区域是否存在剥落、裂纹或异常磨损，必要时安排停机复检。"
outer_30_2_000476,data/processed/images/all/sample_OF_30_2_000476.png,OF,外圈故障,BF,滚动体故障,0,故障类型：滚动体故障,"故障类型：滚动体故障
诊断依据：模型判断该包络时频图中存在局部冲击和调制特征，结合行星齿轮箱三方向振动信息，更符合滚动体故障表现。当前工况为 30 Hz、2 V。
维护建议：建议重点检查滚动体表面是否存在磨损、点蚀或剥落，并结合包络谱或现场巡检进一步确认故障程度。"
outer_30_2_000477,data/processed/images/all/sample_OF_30_2_000477.png,OF,外圈故障,BF,滚动体故障,0,故障类型：滚动体故障,"故障类型：滚动体故障
诊断依据：模型判断该包络时频图中存在局部冲击和调制特征，结合行星齿轮箱三方向振动信息，更符合滚动体故障表现。当前工况为 30 Hz、2 V。
维护建议：建议重点检查滚动体表面是否存在磨损、点蚀或剥落，并结合包络谱或现场巡检进一步确认故障程度。"
outer_30_2_000478,data/processed/images/all/sample_OF_30_2_000478.png,OF,外圈故障,IF,内圈故障,0,故障类型：内圈故障,"故障类型：内圈故障
诊断依据：模型判断该包络时频图中存在较明显的周期性冲击和调制成分，结合当前转速与负载工况，更符合内圈故障特征。当前工况为 30 Hz、2 V。
维护建议：建议重点检查轴承内圈表面损伤情况，并结合历史振动趋势评估故障发展速度。"
outer_30_2_000479,data/processed/images/all/sample_OF_30_2_000479.png,OF,外圈故障,OF,外圈故障,1,故障类型：外圈故障,"故障类型：外圈故障
诊断依据：模型判断该包络时频图中存在相对稳定的冲击响应和局部频带能量增强，整体更符合外圈局部损伤特征。当前工况为 30 Hz、2 V。
维护建议：建议检查轴承外圈固定区域是否存在剥落、裂纹或异常磨损，必要时安排停机复检。"
outer_30_2_000480,data/processed/images/all/sample_OF_30_2_000480.png,OF,外圈故障,CF,混合故障,0,故障类型：混合故障,"故障类型：混合故障
诊断依据：模型判断该包络时频图中呈现多组冲击成分和较复杂的能量分布，可能对应多部位共同损伤引起的复合振动特征。当前工况为 30 Hz、2 V。
维护建议：建议同时检查轴承内圈和外圈，并优先安排停机检测，避免复合故障进一步扩展。"
outer_30_2_000481,data/processed/images/all/sample_OF_30_2_000481.png,OF,外圈故障,OF,外圈故障,1,故障类型：外圈故障,"故障类型：外圈故障
诊断依据：模型判断该包络时频图中存在相对稳定的冲击响应和局部频带能量增强，整体更符合外圈局部损伤特征。当前工况为 30 Hz、2 V。
维护建议：建议检查轴承外圈固定区域是否存在剥落、裂纹或异常磨损，必要时安排停机复检。"
outer_30_2_000482,data/processed/images/all/sample_OF_30_2_000482.png,OF,外圈故障,N,正常状态,0,故障类型：正常状态,"故障类型：正常状态
诊断依据：模型判断该包络时频图整体能量分布较平稳，未呈现明显的周期性冲击或异常能量集中，结合当前工况更符合正常运行状态。当前工况为 30 Hz、2 V。
维护建议：建议保持常规监测，持续记录振动趋势；若后续能量分布或冲击特征发生明显变化，应及时复检。"
outer_30_2_000483,data/processed/images/all/sample_OF_30_2_000483.png,OF,外圈故障,N,正常状态,0,故障类型：正常状态,"故障类型：正常状态
诊断依据：模型判断该包络时频图整体能量分布较平稳，未呈现明显的周期性冲击或异常能量集中，结合当前工况更符合正常运行状态。当前工况为 30 Hz、2 V。
维护建议：建议保持常规监测，持续记录振动趋势；若后续能量分布或冲击特征发生明显变化，应及时复检。"
outer_30_2_000484,data/processed/images/all/sample_OF_30_2_000484.png,OF,外圈故障,OF,外圈故障,1,故障类型：外圈故障,"故障类型：外圈故障
诊断依据：模型判断该包络时频图中存在相对稳定的冲击响应和局部频带能量增强，整体更符合外圈局部损伤特征。当前工况为 30 Hz、2 V。
维护建议：建议检查轴承外圈固定区域是否存在剥落、裂纹或异常磨损，必要时安排停机复检。"
outer_30_2_000485,data/processed/images/all/sample_OF_30_2_000485.png,OF,外圈故障,OF,外圈故障,1,故障类型：外圈故障,"故障类型：外圈故障
诊断依据：模型判断该包络时频图中存在相对稳定的冲击响应和局部频带能量增强，整体更符合外圈局部损伤特征。当前工况为 30 Hz、2 V。
维护建议：建议检查轴承外圈固定区域是否存在剥落、裂纹或异常磨损，必要时安排停机复检。"
outer_30_2_000486,data/processed/images/all/sample_OF_30_2_000486.png,OF,外圈故障,IF,内圈故障,0,故障类型：内圈故障,"故障类型：内圈故障
诊断依据：模型判断该包络时频图中存在较明显的周期性冲击和调制成分，结合当前转速与负载工况，更符合内圈故障特征。当前工况为 30 Hz、2 V。
维护建议：建议重点检查轴承内圈表面损伤情况，并结合历史振动趋势评估故障发展速度。"
outer_30_2_000487,data/processed/images/all/sample_OF_30_2_000487.png,OF,外圈故障,BF,滚动体故障,0,故障类型：滚动体故障,"故障类型：滚动体故障
诊断依据：模型判断该包络时频图中存在局部冲击和调制特征，结合行星齿轮箱三方向振动信息，更符合滚动体故障表现。当前工况为 30 Hz、2 V。
维护建议：建议重点检查滚动体表面是否存在磨损、点蚀或剥落，并结合包络谱或现场巡检进一步确认故障程度。"
outer_30_2_000488,data/processed/images/all/sample_OF_30_2_000488.png,OF,外圈故障,BF,滚动体故障,0,故障类型：滚动体故障,"故障类型：滚动体故障
诊断依据：模型判断该包络时频图中存在局部冲击和调制特征，结合行星齿轮箱三方向振动信息，更符合滚动体故障表现。当前工况为 30 Hz、2 V。
维护建议：建议重点检查滚动体表面是否存在磨损、点蚀或剥落，并结合包络谱或现场巡检进一步确认故障程度。"
outer_30_2_000489,data/processed/images/all/sample_OF_30_2_000489.png,OF,外圈故障,N,正常状态,0,故障类型：正常状态,"故障类型：正常状态
诊断依据：模型判断该包络时频图整体能量分布较平稳，未呈现明显的周期性冲击或异常能量集中，结合当前工况更符合正常运行状态。当前工况为 30 Hz、2 V。
维护建议：建议保持常规监测，持续记录振动趋势；若后续能量分布或冲击特征发生明显变化，应及时复检。"
outer_30_2_000490,data/processed/images/all/sample_OF_30_2_000490.png,OF,外圈故障,N,正常状态,0,故障类型：正常状态,"故障类型：正常状态
诊断依据：模型判断该包络时频图整体能量分布较平稳，未呈现明显的周期性冲击或异常能量集中，结合当前工况更符合正常运行状态。当前工况为 30 Hz、2 V。
维护建议：建议保持常规监测，持续记录振动趋势；若后续能量分布或冲击特征发生明显变化，应及时复检。"
outer_30_2_000491,data/processed/images/all/sample_OF_30_2_000491.png,OF,外圈故障,OF,外圈故障,1,故障类型：外圈故障,"故障类型：外圈故障
诊断依据：模型判断该包络时频图中存在相对稳定的冲击响应和局部频带能量增强，整体更符合外圈局部损伤特征。当前工况为 30 Hz、2 V。
维护建议：建议检查轴承外圈固定区域是否存在剥落、裂纹或异常磨损，必要时安排停机复检。"
outer_30_2_000492,data/processed/images/all/sample_OF_30_2_000492.png,OF,外圈故障,CF,混合故障,0,故障类型：混合故障,"故障类型：混合故障
诊断依据：模型判断该包络时频图中呈现多组冲击成分和较复杂的能量分布，可能对应多部位共同损伤引起的复合振动特征。当前工况为 30 Hz、2 V。
维护建议：建议同时检查轴承内圈和外圈，并优先安排停机检测，避免复合故障进一步扩展。"
outer_30_2_000493,data/processed/images/all/sample_OF_30_2_000493.png,OF,外圈故障,BF,滚动体故障,0,故障类型：滚动体故障,"故障类型：滚动体故障
诊断依据：模型判断该包络时频图中存在局部冲击和调制特征，结合行星齿轮箱三方向振动信息，更符合滚动体故障表现。当前工况为 30 Hz、2 V。
维护建议：建议重点检查滚动体表面是否存在磨损、点蚀或剥落，并结合包络谱或现场巡检进一步确认故障程度。"
outer_30_2_000494,data/processed/images/all/sample_OF_30_2_000494.png,OF,外圈故障,CF,混合故障,0,故障类型：混合故障,"故障类型：混合故障
诊断依据：模型判断该包络时频图中呈现多组冲击成分和较复杂的能量分布，可能对应多部位共同损伤引起的复合振动特征。当前工况为 30 Hz、2 V。
维护建议：建议同时检查轴承内圈和外圈，并优先安排停机检测，避免复合故障进一步扩展。"
outer_30_2_000495,data/processed/images/all/sample_OF_30_2_000495.png,OF,外圈故障,N,正常状态,0,故障类型：正常状态,"故障类型：正常状态
诊断依据：模型判断该包络时频图整体能量分布较平稳，未呈现明显的周期性冲击或异常能量集中，结合当前工况更符合正常运行状态。当前工况为 30 Hz、2 V。
维护建议：建议保持常规监测，持续记录振动趋势；若后续能量分布或冲击特征发生明显变化，应及时复检。"
outer_30_2_000496,data/processed/images/all/sample_OF_30_2_000496.png,OF,外圈故障,N,正常状态,0,故障类型：正常状态,"故障类型：正常状态
诊断依据：模型判断该包络时频图整体能量分布较平稳，未呈现明显的周期性冲击或异常能量集中，结合当前工况更符合正常运行状态。当前工况为 30 Hz、2 V。
维护建议：建议保持常规监测，持续记录振动趋势；若后续能量分布或冲击特征发生明显变化，应及时复检。"
outer_30_2_000497,data/processed/images/all/sample_OF_30_2_000497.png,OF,外圈故障,CF,混合故障,0,故障类型：混合故障,"故障类型：混合故障
诊断依据：模型判断该包络时频图中呈现多组冲击成分和较复杂的能量分布，可能对应多部位共同损伤引起的复合振动特征。当前工况为 30 Hz、2 V。
维护建议：建议同时检查轴承内圈和外圈，并优先安排停机检测，避免复合故障进一步扩展。"
outer_30_2_000498,data/processed/images/all/sample_OF_30_2_000498.png,OF,外圈故障,N,正常状态,0,故障类型：正常状态,"故障类型：正常状态
诊断依据：模型判断该包络时频图整体能量分布较平稳，未呈现明显的周期性冲击或异常能量集中，结合当前工况更符合正常运行状态。当前工况为 30 Hz、2 V。
维护建议：建议保持常规监测，持续记录振动趋势；若后续能量分布或冲击特征发生明显变化，应及时复检。"
outer_30_2_000499,data/processed/images/all/sample_OF_30_2_000499.png,OF,外圈故障,N,正常状态,0,故障类型：正常状态,"故障类型：正常状态
诊断依据：模型判断该包络时频图整体能量分布较平稳，未呈现明显的周期性冲击或异常能量集中，结合当前工况更符合正常运行状态。当前工况为 30 Hz、2 V。
维护建议：建议保持常规监测，持续记录振动趋势；若后续能量分布或冲击特征发生明显变化，应及时复检。"
outer_30_2_000500,data/processed/images/all/sample_OF_30_2_000500.png,OF,外圈故障,OF,外圈故障,1,故障类型：外圈故障,"故障类型：外圈故障
诊断依据：模型判断该包络时频图中存在相对稳定的冲击响应和局部频带能量增强，整体更符合外圈局部损伤特征。当前工况为 30 Hz、2 V。
维护建议：建议检查轴承外圈固定区域是否存在剥落、裂纹或异常磨损，必要时安排停机复检。"
outer_30_2_000501,data/processed/images/all/sample_OF_30_2_000501.png,OF,外圈故障,BF,滚动体故障,0,故障类型：滚动体故障,"故障类型：滚动体故障
诊断依据：模型判断该包络时频图中存在局部冲击和调制特征，结合行星齿轮箱三方向振动信息，更符合滚动体故障表现。当前工况为 30 Hz、2 V。
维护建议：建议重点检查滚动体表面是否存在磨损、点蚀或剥落，并结合包络谱或现场巡检进一步确认故障程度。"
outer_30_2_000502,data/processed/images/all/sample_OF_30_2_000502.png,OF,外圈故障,OF,外圈故障,1,故障类型：外圈故障,"故障类型：外圈故障
诊断依据：模型判断该包络时频图中存在相对稳定的冲击响应和局部频带能量增强，整体更符合外圈局部损伤特征。当前工况为 30 Hz、2 V。
维护建议：建议检查轴承外圈固定区域是否存在剥落、裂纹或异常磨损，必要时安排停机复检。"
outer_30_2_000503,data/processed/images/all/sample_OF_30_2_000503.png,OF,外圈故障,OF,外圈故障,1,故障类型：外圈故障,"故障类型：外圈故障
诊断依据：模型判断该包络时频图中存在相对稳定的冲击响应和局部频带能量增强，整体更符合外圈局部损伤特征。当前工况为 30 Hz、2 V。
维护建议：建议检查轴承外圈固定区域是否存在剥落、裂纹或异常磨损，必要时安排停机复检。"
outer_30_2_000504,data/processed/images/all/sample_OF_30_2_000504.png,OF,外圈故障,CF,混合故障,0,故障类型：混合故障,"故障类型：混合故障
诊断依据：模型判断该包络时频图中呈现多组冲击成分和较复杂的能量分布，可能对应多部位共同损伤引起的复合振动特征。当前工况为 30 Hz、2 V。
维护建议：建议同时检查轴承内圈和外圈，并优先安排停机检测，避免复合故障进一步扩展。"
outer_30_2_000505,data/processed/images/all/sample_OF_30_2_000505.png,OF,外圈故障,CF,混合故障,0,故障类型：混合故障,"故障类型：混合故障
诊断依据：模型判断该包络时频图中呈现多组冲击成分和较复杂的能量分布，可能对应多部位共同损伤引起的复合振动特征。当前工况为 30 Hz、2 V。
维护建议：建议同时检查轴承内圈和外圈，并优先安排停机检测，避免复合故障进一步扩展。"
outer_30_2_000506,data/processed/images/all/sample_OF_30_2_000506.png,OF,外圈故障,N,正常状态,0,故障类型：正常状态,"故障类型：正常状态
诊断依据：模型判断该包络时频图整体能量分布较平稳，未呈现明显的周期性冲击或异常能量集中，结合当前工况更符合正常运行状态。当前工况为 30 Hz、2 V。
维护建议：建议保持常规监测，持续记录振动趋势；若后续能量分布或冲击特征发生明显变化，应及时复检。"
outer_30_2_000507,data/processed/images/all/sample_OF_30_2_000507.png,OF,外圈故障,CF,混合故障,0,故障类型：混合故障,"故障类型：混合故障
诊断依据：模型判断该包络时频图中呈现多组冲击成分和较复杂的能量分布，可能对应多部位共同损伤引起的复合振动特征。当前工况为 30 Hz、2 V。
维护建议：建议同时检查轴承内圈和外圈，并优先安排停机检测，避免复合故障进一步扩展。"
outer_30_2_000508,data/processed/images/all/sample_OF_30_2_000508.png,OF,外圈故障,CF,混合故障,0,故障类型：混合故障,"故障类型：混合故障
诊断依据：模型判断该包络时频图中呈现多组冲击成分和较复杂的能量分布，可能对应多部位共同损伤引起的复合振动特征。当前工况为 30 Hz、2 V。
维护建议：建议同时检查轴承内圈和外圈，并优先安排停机检测，避免复合故障进一步扩展。"
outer_30_2_000509,data/processed/images/all/sample_OF_30_2_000509.png,OF,外圈故障,N,正常状态,0,故障类型：正常状态,"故障类型：正常状态
诊断依据：模型判断该包络时频图整体能量分布较平稳，未呈现明显的周期性冲击或异常能量集中，结合当前工况更符合正常运行状态。当前工况为 30 Hz、2 V。
维护建议：建议保持常规监测，持续记录振动趋势；若后续能量分布或冲击特征发生明显变化，应及时复检。"
